{"type":"FeatureCollection","features":[{"type":"Feature","geometry":{"type":"MultiPolygon","coordinates":[[[[129.30194,35.35787],[129.3063,35.35767],[129.31062,35.3571],[129.31689,35.35553],[129.32278,35.35317],[129.32641,35.35117],[129.32976,35.34886],[129.33279,35.34628],[129.33546,35.34344],[129.33775,35.34039],[129.33962,35.33715],[129.34106,35.33377],[129.34205,35.33028],[129.34266,35.32493],[129.34249,35.32135],[129.34184,35.3178],[129.34001,35.31264],[129.33825,35.30937],[129.33606,35.30626],[129.33348,35.30337],[129.33053,35.30072],[129.32726,35.29834],[129.3237,35.29627],[129.31988,35.29452],[129.31586,35.29312],[129.31168,35.29207],[129.30739,35.2914],[129.30084,35.29112],[129.29649,35.2914],[129.29219,35.29207],[129.28801,35.29312],[129.28399,35.29452],[129.27836,35.29727],[129.27494,35.2995],[129.27182,35.30201],[129.26781,35.30626],[129.26563,35.30936],[129.26386,35.31264],[129.26203,35.3178],[129.26139,35.32135],[129.26121,35.32493],[129.26182,35.33027],[129.26281,35.33377],[129.26425,35.33715],[129.26612,35.34039],[129.26841,35.34344],[129.27108,35.34628],[129.27411,35.34886],[129.27746,35.35117],[129.28109,35.35317],[129.28698,35.35553],[129.29325,35.3571],[129.29757,35.35767],[129.30194,35.35787]]]]},"properties":{"prohibited":"","prh_lbl_1":"RK P61A","prh_lbl_2":"SFC","prh_lbl_3":"10000ft AMSL","prh_typ":"1","prh_lbl_4":"원전 관련 임시 (금지)공역"},"id":"LT_C_AISPRHC.1"},{"type":"Feature","geometry":{"type":"MultiPolygon","coordinates":[[[[127.36972,36.59356],[127.38089,36.59332],[127.3898,36.59277],[127.39867,36.59192],[127.40969,36.59041],[127.41841,36.58887],[127.42919,36.58651],[127.4398,36.58368],[127.44814,36.58109],[127.45633,36.57821],[127.46634,36.57421],[127.47414,36.5707],[127.48362,36.56594],[127.49096,36.56184],[127.49982,36.55635],[127.50663,36.55169],[127.51479,36.54554],[127.52101,36.54037],[127.52838,36.53361],[127.53395,36.52797],[127.54048,36.52067],[127.54534,36.51462],[127.55095,36.50684],[127.55506,36.50044],[127.55971,36.49225],[127.5638,36.48387],[127.56667,36.47705],[127.56974,36.46839],[127.57223,36.45961],[127.57412,36.45073],[127.5752,36.44358],[127.57591,36.43639],[127.57624,36.42739],[127.57608,36.42018],[127.57534,36.4112],[127.57431,36.40404],[127.57249,36.39515],[127.57008,36.38636],[127.56773,36.3794],[127.56501,36.37254],[127.56111,36.3641],[127.55758,36.35749],[127.55269,36.34939],[127.54726,36.34153],[127.54131,36.33391],[127.5362,36.32801],[127.52937,36.3209],[127.52357,36.31543],[127.51593,36.30888],[127.50786,36.30268],[127.49939,36.29683],[127.49054,36.29137],[127.48321,36.28728],[127.47376,36.28254],[127.46597,36.27904],[127.45801,36.27582],[127.44783,36.27219],[127.43742,36.26901],[127.42895,36.26679],[127.42037,36.26488],[127.40952,36.2629],[127.40075,36.26167],[127.38971,36.26055],[127.37862,36.25992],[127.36972,36.25977],[127.36083,36.25992],[127.34973,36.26055],[127.33869,36.26167],[127.32993,36.2629],[127.31907,36.26488],[127.31049,36.26679],[127.30202,36.26901],[127.29162,36.27219],[127.28144,36.27582],[127.27347,36.27904],[127.26377,36.28345],[127.25623,36.28728],[127.2489,36.29137],[127.24006,36.29683],[127.23159,36.30268],[127.22352,36.30888],[127.21736,36.31409],[127.21007,36.3209],[127.20325,36.32801],[127.19813,36.33391],[127.19219,36.34153],[127.18676,36.34939],[127.1828,36.35585],[127.17834,36.3641],[127.17443,36.37254],[127.17171,36.3794],[127.16937,36.38636],[127.16696,36.39515],[127.16514,36.40404],[127.16411,36.4112],[127.16336,36.42018],[127.1632,36.42739],[127.16354,36.43639],[127.16448,36.44537],[127.16601,36.45429],[127.16767,36.46137],[127.17027,36.47013],[127.17277,36.47705],[127.17564,36.48387],[127.17973,36.49225],[127.18438,36.50044],[127.18849,36.50684],[127.19411,36.51462],[127.19897,36.52067],[127.20549,36.52797],[127.21106,36.53361],[127.21844,36.54037],[127.22465,36.54554],[127.23281,36.55169],[127.23962,36.55635],[127.24848,36.56184],[127.25583,36.56594],[127.2653,36.5707],[127.27311,36.57421],[127.28312,36.57821],[127.29131,36.58109],[127.29964,36.58368],[127.31025,36.58651],[127.32103,36.58887],[127.32976,36.59041],[127.34077,36.59192],[127.34964,36.59277],[127.35856,36.59332],[127.36972,36.59356]]]]},"properties":{"prohibited":"","prh_lbl_1":"RK P65B","prh_lbl_2":"SFC","prh_lbl_3":"FL180","prh_typ":"2","prh_lbl_4":"원전 관련 임시 (금지)공역"},"id":"LT_C_AISPRHC.10"},{"type":"Feature","geometry":{"type":"MultiPolygon","coordinates":[[[[126.98059,37.50257],[126.97835,37.50247],[126.9761,37.50247],[126.97385,37.50257],[126.97162,37.50276],[126.96939,37.50305],[126.9672,37.50343],[126.96503,37.5039],[126.96289,37.50447],[126.9608,37.50513],[126.95876,37.50588],[126.95677,37.50671],[126.95483,37.50762],[126.95296,37.50862],[126.95116,37.5097],[126.94944,37.51085],[126.9478,37.51207],[126.94624,37.51337],[126.94477,37.51472],[126.94339,37.51614],[126.94211,37.51761],[126.94094,37.51914],[126.93986,37.52072],[126.9389,37.52233],[126.93804,37.52399],[126.9373,37.52568],[126.93667,37.52741],[126.93616,37.52915],[126.93577,37.53092],[126.9355,37.53269],[126.93535,37.53448],[126.93532,37.53627],[126.93541,37.53806],[126.93562,37.53985],[126.93595,37.54162],[126.9364,37.54338],[126.93696,37.54511],[126.93765,37.54682],[126.93844,37.54849],[126.93935,37.55013],[126.94037,37.55173],[126.9415,37.55328],[126.94272,37.55479],[126.94405,37.55623],[126.94547,37.55762],[126.94699,37.55895],[126.94859,37.56021],[126.95027,37.5614],[126.95204,37.56251],[126.95387,37.56355],[126.95577,37.56451],[126.95774,37.56538],[126.95976,37.56617],[126.96183,37.56687],[126.96395,37.56749],[126.9661,37.56801],[126.96829,37.56844],[126.9697,37.56865],[126.97009,37.5689],[126.97193,37.56994],[126.97383,37.5709],[126.97579,37.57177],[126.97781,37.57256],[126.97988,37.57326],[126.982,37.57388],[126.98415,37.5744],[126.98634,37.57483],[126.98855,37.57516],[126.99078,37.5754],[126.99303,37.57555],[126.99528,37.5756],[126.99753,37.57555],[126.99977,37.5754],[127.002,37.57516],[127.00422,37.57483],[127.0064,37.5744],[127.00856,37.57388],[127.01067,37.57326],[127.01274,37.57256],[127.01476,37.57177],[127.01673,37.5709],[127.01863,37.56994],[127.02047,37.5689],[127.02223,37.56778],[127.02391,37.5666],[127.02551,37.56534],[127.02703,37.56401],[127.02845,37.56262],[127.02978,37.56118],[127.03101,37.55967],[127.03213,37.55812],[127.03315,37.55652],[127.03406,37.55488],[127.03486,37.55321],[127.03554,37.5515],[127.03611,37.54977],[127.03656,37.54801],[127.03689,37.54624],[127.0371,37.54445],[127.03719,37.54266],[127.03716,37.54087],[127.037,37.53908],[127.03673,37.5373],[127.03634,37.53554],[127.03583,37.53379],[127.0352,37.53207],[127.03446,37.53038],[127.03361,37.52872],[127.03264,37.52711],[127.03157,37.52553],[127.03039,37.524],[127.02911,37.52253],[127.02773,37.52111],[127.02626,37.51975],[127.02471,37.51846],[127.02306,37.51724],[127.02134,37.51609],[127.01954,37.51501],[127.01767,37.51401],[127.01574,37.5131],[127.01374,37.51226],[127.0117,37.51152],[127.00961,37.51086],[127.00747,37.51029],[127.0053,37.50982],[127.00311,37.50944],[127.00277,37.50939],[127.00148,37.50862],[126.99961,37.50762],[126.99768,37.50671],[126.99569,37.50588],[126.99364,37.50513],[126.99155,37.50447],[126.98942,37.5039],[126.98725,37.50343],[126.98505,37.50305],[126.98283,37.50276],[126.98059,37.50257]]]]},"properties":{"prohibited":"<FNT name='TW Cen MT' size='8'><CLR red='13' green='23' blue='110'>RK P73A <UND></UND></CLR></FNT>","prh_lbl_1":"RK P73A","prh_lbl_2":"UNL","prh_lbl_3":"GND","prh_typ":"1","prh_lbl_4":"비행금지구역"},"id":"LT_C_AISPRHC.11"},{"type":"Feature","geometry":{"type":"MultiPolygon","coordinates":[[[[125.04528,37.64022],[125.23969,37.58608],[125.51467,37.68469],[125.69583,37.69444],[125.74797,37.71747],[126.01464,37.66108],[126.10917,37.71528],[126.16417,37.70361],[126.16534,37.67836],[126.16667,37.65],[125.83333,37.5],[124.63333,37.5],[124.15,38.0],[124.85,38.0],[124.86475,37.76939],[125.04528,37.64022]]]]},"properties":{"prohibited":"<FNT name='TW Cen MT' size='8'><CLR red='13' green='23' blue='110'>RK P518W <UND></UND></CLR></FNT>","prh_lbl_1":"RK P518W","prh_lbl_2":"UNL","prh_lbl_3":"GND","prh_typ":"1","prh_lbl_4":"비행금지구역"},"id":"LT_C_AISPRHC.12"},{"type":"Feature","geometry":{"type":"MultiPolygon","coordinates":[[[[128.36041,38.61828],[128.36667,38.63333],[128.63333,38.63333],[128.70833,38.5],[128.78333,38.36667],[128.5577,38.26997],[128.55783,38.27041],[128.55805,38.27074],[128.55835,38.27119],[128.55847,38.27174],[128.5594,38.27221],[128.55944,38.27237],[128.55949,38.27257],[128.55904,38.27383],[128.5578,38.27414],[128.55758,38.27426],[128.55599,38.27513],[128.55435,38.27559],[128.55399,38.27587],[128.55356,38.27648],[128.55362,38.27771],[128.55416,38.27802],[128.55433,38.27861],[128.55414,38.28031],[128.55222,38.28339],[128.55184,38.28377],[128.5517,38.28377],[128.55034,38.28481],[128.5492,38.28622],[128.54913,38.28714],[128.5492,38.28762],[128.54862,38.28801],[128.54876,38.28911],[128.54883,38.29018],[128.54862,38.29044],[128.54781,38.2903],[128.54719,38.29115],[128.54728,38.29258],[128.54836,38.29437],[128.5491,38.29482],[128.5496,38.29499],[128.55217,38.29515],[128.55217,38.29572],[128.55181,38.2961],[128.55114,38.29656],[128.54971,38.2971],[128.54869,38.29694],[128.54819,38.29715],[128.54762,38.2977],[128.54724,38.29822],[128.54686,38.29903],[128.54687,38.29965],[128.54691,38.30005],[128.547,38.30055],[128.54714,38.30103],[128.54772,38.30172],[128.54919,38.30141],[128.55036,38.30139],[128.55059,38.3016],[128.55064,38.30286],[128.55131,38.30346],[128.55102,38.30381],[128.55052,38.30393],[128.54781,38.30605],[128.54548,38.3066],[128.54396,38.307],[128.54329,38.30819],[128.54331,38.30893],[128.54365,38.30959],[128.54465,38.31005],[128.54441,38.31119],[128.54296,38.31167],[128.54191,38.31155],[128.53898,38.31269],[128.5376,38.31371],[128.53437,38.31676],[128.5328,38.31857],[128.53213,38.31921],[128.53104,38.31966],[128.53051,38.32033],[128.53011,38.32064],[128.52956,38.32083],[128.5287,38.32159],[128.52813,38.32268],[128.52789,38.324],[128.52809,38.3247],[128.52958,38.32487],[128.53065,38.32501],[128.53094,38.32523],[128.53042,38.32601],[128.53085,38.32706],[128.53096,38.32758],[128.53095,38.32779],[128.53094,38.32785],[128.53065,38.32796],[128.53032,38.32835],[128.52987,38.32856],[128.52866,38.32887],[128.5283,38.32906],[128.5283,38.33127],[128.52899,38.33177],[128.52944,38.33283],[128.52968,38.33406],[128.52935,38.33444],[128.5287,38.3357],[128.5269,38.33682],[128.5253,38.33743],[128.52454,38.33793],[128.52325,38.3392],[128.52149,38.34099],[128.51757,38.34498],[128.51531,38.34724],[128.51376,38.34986],[128.51555,38.35164],[128.51543,38.35352],[128.51463,38.35421],[128.51388,38.35485],[128.51326,38.35533],[128.51321,38.35573],[128.51374,38.35628],[128.51328,38.35697],[128.51298,38.35756],[128.5125,38.35756],[128.51079,38.35906],[128.50948,38.35992],[128.50888,38.36099],[128.508,38.36282],[128.50757,38.36332],[128.5075,38.36444],[128.50769,38.36535],[128.50795,38.36568],[128.50824,38.36608],[128.50886,38.36664],[128.51205,38.366],[128.51209,38.36538],[128.51222,38.36537],[128.51238,38.36606],[128.51319,38.36776],[128.51356,38.36783],[128.51396,38.368],[128.51416,38.36818],[128.51351,38.36859],[128.51283,38.36877],[128.512,38.36944],[128.51117,38.36977],[128.51193,38.37101],[128.51188,38.37165],[128.5116,38.37264],[128.51074,38.37313],[128.51,38.37339],[128.50934,38.37405],[128.50912,38.37472],[128.50855,38.37543],[128.5058,38.37654],[128.50432,38.37768],[128.50192,38.38025],[128.49804,38.38362],[128.49567,38.38599],[128.4949,38.38676],[128.49204,38.38985],[128.48827,38.39361],[128.48807,38.39382],[128.48542,38.39664],[128.482,38.40003],[128.47737,38.40426],[128.47593,38.40544],[128.4748,38.4067],[128.47396,38.40765],[128.4725,38.40947],[128.4703,38.41199],[128.46827,38.41487],[128.46791,38.41565],[128.46663,38.41775],[128.46614,38.41846],[128.4639,38.42123],[128.46375,38.42178],[128.46339,38.42238],[128.46483,38.42413],[128.46355,38.42535],[128.46311,38.42555],[128.46209,38.42519],[128.46107,38.42621],[128.4608,38.42661],[128.46054,38.42741],[128.46034,38.42758],[128.45992,38.42767],[128.45877,38.42909],[128.45834,38.43018],[128.45779,38.43124],[128.45741,38.43148],[128.45717,38.43188],[128.45697,38.43261],[128.45659,38.43381],[128.456,38.43444],[128.45571,38.43496],[128.4555,38.43553],[128.45548,38.43657],[128.4553,38.43681],[128.45501,38.43735],[128.45472,38.44055],[128.45475,38.44099],[128.45522,38.44219],[128.45572,38.4434],[128.45615,38.4436],[128.45825,38.44383],[128.46169,38.4455],[128.46365,38.4463],[128.4644,38.44656],[128.46476,38.44677],[128.46493,38.44687],[128.46512,38.44703],[128.4653,38.4473],[128.46597,38.44756],[128.46677,38.44799],[128.46707,38.44829],[128.46758,38.44915],[128.46783,38.44982],[128.46785,38.45027],[128.46779,38.45058],[128.46724,38.45101],[128.46685,38.45125],[128.46652,38.4516],[128.46638,38.45194],[128.46632,38.45286],[128.46618,38.45351],[128.46532,38.45421],[128.46487,38.45449],[128.46424,38.45508],[128.46281,38.45571],[128.46208,38.45651],[128.46196,38.45688],[128.46175,38.45779],[128.46067,38.45904],[128.45835,38.46022],[128.45792,38.46042],[128.45613,38.46208],[128.45415,38.46389],[128.4536,38.46424],[128.45293,38.4646],[128.45252,38.46487],[128.45203,38.46534],[128.45144,38.46617],[128.45093,38.46682],[128.44983,38.46766],[128.44973,38.46795],[128.44956,38.46864],[128.44939,38.46946],[128.44932,38.46982],[128.44916,38.47053],[128.44909,38.47098],[128.44922,38.47141],[128.44899,38.47168],[128.44806,38.47263],[128.44765,38.4728],[128.44667,38.47312],[128.44642,38.47331],[128.44538,38.47422],[128.44434,38.47482],[128.44396,38.47488],[128.44351,38.47488],[128.44229,38.47459],[128.44149,38.47494],[128.44131,38.47514],[128.44,38.47749],[128.4398,38.47824],[128.4396,38.47887],[128.43935,38.47938],[128.43902,38.47981],[128.43888,38.48034],[128.43862,38.48093],[128.4388,38.4815],[128.43841,38.48246],[128.43849,38.48266],[128.43935,38.48358],[128.43962,38.48403],[128.43974,38.48474],[128.44019,38.48535],[128.4389,38.48695],[128.43896,38.48748],[128.43891,38.48758],[128.4388,38.48776],[128.43831,38.48803],[128.43778,38.48803],[128.43707,38.48796],[128.4367,38.48778],[128.43631,38.48758],[128.43605,38.48743],[128.43562,38.48731],[128.43472,38.48733],[128.43419,38.48758],[128.4336,38.48784],[128.43336,38.48805],[128.43285,38.48868],[128.43215,38.48923],[128.43177,38.48974],[128.43142,38.49031],[128.43061,38.49102],[128.42987,38.4918],[128.42967,38.49229],[128.42944,38.49353],[128.42942,38.49404],[128.42971,38.49471],[128.43001,38.49591],[128.42991,38.49649],[128.42946,38.49679],[128.42804,38.49742],[128.42728,38.49789],[128.42708,38.49824],[128.42723,38.49865],[128.42918,38.50038],[128.42926,38.50058],[128.42997,38.5037],[128.42991,38.50407],[128.42881,38.50425],[128.42787,38.50417],[128.42755,38.50393],[128.42679,38.50395],[128.42514,38.50419],[128.4248,38.50429],[128.42404,38.50468],[128.4231,38.50525],[128.42272,38.50558],[128.42215,38.50611],[128.42176,38.50668],[128.42088,38.50808],[128.42056,38.50898],[128.42058,38.50918],[128.42123,38.5098],[128.42135,38.51005],[128.42134,38.51019],[128.42114,38.5104],[128.42071,38.51056],[128.42029,38.5107],[128.41993,38.51098],[128.41981,38.5111],[128.41935,38.51198],[128.41931,38.5125],[128.41935,38.51324],[128.41978,38.51355],[128.42061,38.51383],[128.42083,38.51412],[128.4205,38.51457],[128.42009,38.51474],[128.41938,38.51531],[128.41911,38.51636],[128.41911,38.51671],[128.41907,38.51714],[128.41919,38.51745],[128.41928,38.51807],[128.41904,38.51835],[128.41816,38.51874],[128.41766,38.51878],[128.4175,38.5194],[128.41812,38.52009],[128.41862,38.5205],[128.41897,38.52054],[128.41935,38.52073],[128.41973,38.52076],[128.42,38.52066],[128.42023,38.52038],[128.42071,38.52016],[128.42121,38.52009],[128.42152,38.52019],[128.42197,38.52026],[128.4223,38.52019],[128.42287,38.52028],[128.42323,38.52071],[128.42337,38.52123],[128.42304,38.5215],[128.42276,38.52176],[128.42278,38.5219],[128.42295,38.52202],[128.4233,38.52238],[128.42345,38.52254],[128.42328,38.52271],[128.4228,38.52269],[128.42147,38.52328],[128.42107,38.52321],[128.42033,38.52349],[128.41923,38.52361],[128.41826,38.52421],[128.41754,38.52495],[128.4174,38.52571],[128.41712,38.52604],[128.4169,38.52625],[128.41681,38.52756],[128.41645,38.52856],[128.41669,38.53023],[128.41643,38.53049],[128.41597,38.53056],[128.41562,38.53047],[128.41528,38.53023],[128.4149,38.5302],[128.41436,38.53032],[128.41398,38.53058],[128.41374,38.53097],[128.41343,38.53127],[128.41307,38.53154],[128.41262,38.53158],[128.41214,38.53163],[128.41176,38.53266],[128.41174,38.53346],[128.41195,38.5338],[128.41238,38.53408],[128.4125,38.53439],[128.41233,38.53506],[128.41171,38.53544],[128.41145,38.53608],[128.41143,38.53612],[128.41091,38.53689],[128.41029,38.53799],[128.40912,38.53889],[128.408,38.53946],[128.40779,38.53977],[128.40722,38.5401],[128.407,38.54091],[128.4066,38.54158],[128.40619,38.54217],[128.40605,38.54262],[128.40574,38.54272],[128.40562,38.5431],[128.40599,38.54406],[128.40627,38.54546],[128.40648,38.54555],[128.40755,38.54555],[128.40798,38.54588],[128.40836,38.54627],[128.4085,38.54677],[128.40855,38.54712],[128.40891,38.54724],[128.40924,38.54722],[128.40995,38.54688],[128.41036,38.54696],[128.41062,38.54738],[128.41003,38.54776],[128.40953,38.54829],[128.40822,38.54914],[128.40786,38.54931],[128.40762,38.54957],[128.40767,38.55007],[128.4075,38.55026],[128.4075,38.55057],[128.40786,38.55091],[128.40838,38.55083],[128.40867,38.55072],[128.40895,38.55033],[128.40926,38.55028],[128.40967,38.55036],[128.41043,38.55088],[128.41107,38.55188],[128.41062,38.55224],[128.40991,38.55264],[128.40981,38.55307],[128.40993,38.55359],[128.41098,38.55483],[128.41105,38.55528],[128.41086,38.55593],[128.41033,38.55626],[128.40986,38.55633],[128.40874,38.55614],[128.40831,38.55536],[128.40788,38.55502],[128.40703,38.55493],[128.40586,38.55507],[128.40527,38.55514],[128.4047,38.55543],[128.40466,38.55634],[128.40454,38.5567],[128.40442,38.55709],[128.40422,38.55729],[128.40428,38.5576],[128.4044,38.55786],[128.40477,38.55831],[128.40515,38.55841],[128.40545,38.5582],[128.40564,38.55826],[128.40647,38.55895],[128.40667,38.55968],[128.40633,38.55981],[128.4062,38.55976],[128.40616,38.55962],[128.40598,38.55928],[128.40584,38.55916],[128.40525,38.5591],[128.40416,38.55948],[128.40389,38.55972],[128.40373,38.55999],[128.40369,38.56025],[128.40355,38.56045],[128.40353,38.56072],[128.40343,38.5611],[128.40345,38.56147],[128.40353,38.56193],[128.40343,38.56244],[128.40335,38.56323],[128.40331,38.56364],[128.40312,38.56432],[128.40323,38.56499],[128.40304,38.5656],[128.40248,38.56631],[128.40205,38.56629],[128.40177,38.56589],[128.40136,38.56524],[128.40065,38.56528],[128.40025,38.56546],[128.40004,38.56526],[128.39952,38.56532],[128.39921,38.56542],[128.3982,38.56558],[128.39804,38.56578],[128.39757,38.56599],[128.39688,38.56651],[128.39627,38.56712],[128.39627,38.56739],[128.39573,38.56791],[128.39518,38.56797],[128.39457,38.56846],[128.39406,38.56876],[128.39406,38.56905],[128.39433,38.56913],[128.39457,38.56933],[128.39453,38.57034],[128.39427,38.57116],[128.39396,38.57168],[128.3939,38.57195],[128.39425,38.57219],[128.39459,38.57265],[128.39435,38.57302],[128.39404,38.57332],[128.39376,38.5733],[128.39342,38.57294],[128.39305,38.57255],[128.39263,38.57251],[128.39228,38.57249],[128.39177,38.57261],[128.39139,38.57274],[128.39113,38.57284],[128.38987,38.57371],[128.3879,38.57573],[128.38774,38.57579],[128.38762,38.57576],[128.38667,38.57618],[128.38665,38.5763],[128.3864,38.57675],[128.38538,38.57761],[128.38522,38.5779],[128.383,38.58006],[128.38286,38.58049],[128.38195,38.58139],[128.38164,38.58154],[128.38105,38.58173],[128.37967,38.58318],[128.37865,38.58501],[128.37796,38.58651],[128.37689,38.5878],[128.37567,38.58875],[128.37533,38.58906],[128.37446,38.58987],[128.37367,38.59084],[128.37291,38.59179],[128.37117,38.59353],[128.37108,38.59441],[128.36715,38.59957],[128.36665,38.60026],[128.36632,38.6011],[128.36594,38.60202],[128.36554,38.60269],[128.36337,38.60559],[128.3627,38.60664],[128.3617,38.60852],[128.36071,38.61038],[128.3599,38.61185],[128.35976,38.61212],[128.3589,38.61383],[128.35823,38.61502],[128.35811,38.61533],[128.35788,38.61657],[128.35808,38.6167],[128.36041,38.61828]]]]},"properties":{"prohibited":"<FNT name='TW Cen MT' size='8'><CLR red='13' green='23' blue='110'>RK P518E <UND></UND></CLR></FNT>","prh_lbl_1":"RK P518E","prh_lbl_2":"UNL","prh_lbl_3":"GND","prh_typ":"1","prh_lbl_4":"비행금지구역"},"id":"LT_C_AISPRHC.13"},{"type":"Feature","geometry":{"type":"MultiPolygon","coordinates":[[[[128.36554,38.60269],[128.36594,38.60202],[128.36632,38.6011],[128.36665,38.60026],[128.36715,38.59957],[128.37108,38.59441],[128.37117,38.59353],[128.37291,38.59179],[128.37367,38.59084],[128.37446,38.58987],[128.37567,38.58875],[128.37689,38.5878],[128.37796,38.58651],[128.37865,38.58501],[128.37967,38.58318],[128.38105,38.58173],[128.38164,38.58154],[128.38195,38.58139],[128.38286,38.58049],[128.383,38.58006],[128.38522,38.5779],[128.38538,38.57761],[128.3864,38.57675],[128.38665,38.5763],[128.38667,38.57618],[128.38762,38.57576],[128.38774,38.57579],[128.3879,38.57573],[128.38987,38.57371],[128.39113,38.57284],[128.39139,38.57274],[128.39177,38.57261],[128.39228,38.57249],[128.39263,38.57251],[128.39305,38.57255],[128.39342,38.57294],[128.39376,38.5733],[128.39404,38.57332],[128.39435,38.57302],[128.39459,38.57265],[128.39425,38.57219],[128.3939,38.57195],[128.39396,38.57168],[128.39427,38.57116],[128.39453,38.57034],[128.39457,38.56933],[128.39433,38.56913],[128.39406,38.56905],[128.39406,38.56876],[128.39457,38.56846],[128.39518,38.56797],[128.39573,38.56791],[128.39627,38.56739],[128.39627,38.56712],[128.39688,38.56651],[128.39757,38.56599],[128.39804,38.56578],[128.3982,38.56558],[128.39921,38.56542],[128.39952,38.56532],[128.40004,38.56526],[128.40025,38.56546],[128.40065,38.56528],[128.40136,38.56524],[128.40177,38.56589],[128.40205,38.56629],[128.40248,38.56631],[128.40304,38.5656],[128.40323,38.56499],[128.40312,38.56432],[128.40331,38.56364],[128.40335,38.56323],[128.40343,38.56244],[128.40353,38.56193],[128.40345,38.56147],[128.40343,38.5611],[128.40353,38.56072],[128.40355,38.56045],[128.40369,38.56025],[128.40373,38.55999],[128.40389,38.55972],[128.40416,38.55948],[128.40525,38.5591],[128.40584,38.55916],[128.40598,38.55928],[128.40616,38.55962],[128.4062,38.55976],[128.40633,38.55981],[128.40667,38.55968],[128.40647,38.55895],[128.40564,38.55826],[128.40545,38.5582],[128.40515,38.55841],[128.40477,38.55831],[128.4044,38.55786],[128.40428,38.5576],[128.40422,38.55729],[128.40442,38.55709],[128.40454,38.5567],[128.40466,38.55634],[128.4047,38.55543],[128.40527,38.55514],[128.40586,38.55507],[128.40703,38.55493],[128.40788,38.55502],[128.40831,38.55536],[128.40874,38.55614],[128.40986,38.55633],[128.41033,38.55626],[128.41086,38.55593],[128.41105,38.55528],[128.41098,38.55483],[128.40993,38.55359],[128.40981,38.55307],[128.40991,38.55264],[128.41062,38.55224],[128.41107,38.55188],[128.41043,38.55088],[128.40967,38.55036],[128.40926,38.55028],[128.40895,38.55033],[128.40867,38.55072],[128.40838,38.55083],[128.40786,38.55091],[128.4075,38.55057],[128.4075,38.55026],[128.40767,38.55007],[128.40762,38.54957],[128.40786,38.54931],[128.40822,38.54914],[128.40953,38.54829],[128.41003,38.54776],[128.41062,38.54738],[128.41036,38.54696],[128.40995,38.54688],[128.40924,38.54722],[128.40891,38.54724],[128.40855,38.54712],[128.4085,38.54677],[128.40836,38.54627],[128.40798,38.54588],[128.40755,38.54555],[128.40648,38.54555],[128.40627,38.54546],[128.40599,38.54406],[128.40562,38.5431],[128.40574,38.54272],[128.40605,38.54262],[128.40619,38.54217],[128.4066,38.54158],[128.407,38.54091],[128.40722,38.5401],[128.40779,38.53977],[128.408,38.53946],[128.40912,38.53889],[128.41029,38.53799],[128.41091,38.53689],[128.41145,38.53608],[128.41171,38.53544],[128.41233,38.53506],[128.4125,38.53439],[128.41238,38.53408],[128.41195,38.5338],[128.41174,38.53346],[128.41176,38.53266],[128.41214,38.53163],[128.41262,38.53158],[128.41307,38.53154],[128.41343,38.53127],[128.41374,38.53097],[128.41398,38.53058],[128.41436,38.53032],[128.4149,38.5302],[128.41528,38.53023],[128.41562,38.53047],[128.41597,38.53056],[128.41643,38.53049],[128.41669,38.53023],[128.41645,38.52856],[128.41681,38.52756],[128.4169,38.52625],[128.41712,38.52604],[128.4174,38.52571],[128.41754,38.52495],[128.41826,38.52421],[128.41923,38.52361],[128.42033,38.52349],[128.42107,38.52321],[128.42147,38.52328],[128.4228,38.52269],[128.42328,38.52271],[128.42345,38.52254],[128.4233,38.52238],[128.42295,38.52202],[128.42278,38.5219],[128.42276,38.52176],[128.42304,38.5215],[128.42337,38.52123],[128.42323,38.52071],[128.42287,38.52028],[128.4223,38.52019],[128.42197,38.52026],[128.42152,38.52019],[128.42121,38.52009],[128.42071,38.52016],[128.42023,38.52038],[128.42,38.52066],[128.41973,38.52076],[128.41935,38.52073],[128.41897,38.52054],[128.41862,38.5205],[128.41812,38.52009],[128.4175,38.5194],[128.41766,38.51878],[128.41816,38.51874],[128.41904,38.51835],[128.41928,38.51807],[128.41919,38.51745],[128.41907,38.51714],[128.41911,38.51671],[128.41911,38.51636],[128.41938,38.51531],[128.42009,38.51474],[128.4205,38.51457],[128.42083,38.51412],[128.42061,38.51383],[128.41978,38.51355],[128.41935,38.51324],[128.41931,38.5125],[128.41935,38.51198],[128.41981,38.5111],[128.41993,38.51098],[128.42029,38.5107],[128.42071,38.51056],[128.42114,38.5104],[128.42134,38.51019],[128.42135,38.51005],[128.42123,38.5098],[128.42058,38.50918],[128.42056,38.50898],[128.42088,38.50808],[128.42176,38.50668],[128.42215,38.50611],[128.42272,38.50558],[128.4231,38.50525],[128.42404,38.50468],[128.4248,38.50429],[128.42514,38.50419],[128.42679,38.50395],[128.42755,38.50393],[128.42787,38.50417],[128.42881,38.50425],[128.42991,38.50407],[128.42997,38.5037],[128.42926,38.50058],[128.42918,38.50038],[128.42723,38.49865],[128.42708,38.49824],[128.42728,38.49789],[128.42804,38.49742],[128.42946,38.49679],[128.42991,38.49649],[128.43001,38.49591],[128.42971,38.49471],[128.42942,38.49404],[128.42944,38.49353],[128.42967,38.49229],[128.42987,38.4918],[128.43061,38.49102],[128.43142,38.49031],[128.43177,38.48974],[128.43215,38.48923],[128.43285,38.48868],[128.43336,38.48805],[128.4336,38.48784],[128.43472,38.48733],[128.43562,38.48731],[128.43605,38.48743],[128.4367,38.48778],[128.43707,38.48796],[128.43778,38.48803],[128.43831,38.48803],[128.4388,38.48776],[128.43896,38.48748],[128.4389,38.48695],[128.44019,38.48535],[128.43974,38.48474],[128.43962,38.48403],[128.43935,38.48358],[128.43849,38.48266],[128.43841,38.48246],[128.4388,38.4815],[128.43862,38.48093],[128.43888,38.48034],[128.43902,38.47981],[128.43935,38.47938],[128.4396,38.47887],[128.4398,38.47824],[128.44,38.47749],[128.44131,38.47514],[128.44149,38.47494],[128.44229,38.47459],[128.44351,38.47488],[128.44396,38.47488],[128.44434,38.47482],[128.44538,38.47422],[128.44642,38.47331],[128.44667,38.47312],[128.44765,38.4728],[128.44806,38.47263],[128.44899,38.47168],[128.44922,38.47141],[128.44909,38.47098],[128.44916,38.47053],[128.44932,38.46982],[128.44956,38.46864],[128.44973,38.46795],[128.44983,38.46766],[128.45093,38.46682],[128.45144,38.46617],[128.45203,38.46534],[128.45252,38.46487],[128.45293,38.4646],[128.4536,38.46424],[128.45415,38.46389],[128.45613,38.46208],[128.45792,38.46042],[128.45835,38.46022],[128.46067,38.45904],[128.46175,38.45779],[128.46196,38.45688],[128.46208,38.45651],[128.46281,38.45571],[128.46424,38.45508],[128.46487,38.45449],[128.46532,38.45421],[128.46618,38.45351],[128.46632,38.45286],[128.46638,38.45194],[128.46652,38.4516],[128.46685,38.45125],[128.46724,38.45101],[128.46779,38.45058],[128.46785,38.45027],[128.46783,38.44982],[128.46758,38.44915],[128.46707,38.44829],[128.46677,38.44799],[128.46597,38.44756],[128.4653,38.4473],[128.46512,38.44703],[128.46493,38.44687],[128.4644,38.44656],[128.46365,38.4463],[128.46169,38.4455],[128.45825,38.44383],[128.45615,38.4436],[128.45572,38.4434],[128.45522,38.44219],[128.45475,38.44099],[128.45472,38.44055],[128.45501,38.43735],[128.4553,38.43681],[128.45548,38.43657],[128.4555,38.43553],[128.45571,38.43496],[128.456,38.43444],[128.45659,38.43381],[128.45697,38.43261],[128.45717,38.43188],[128.45741,38.43148],[128.45779,38.43124],[128.45834,38.43018],[128.45877,38.42909],[128.45992,38.42767],[128.46034,38.42758],[128.46054,38.42741],[128.4608,38.42661],[128.46107,38.42621],[128.46209,38.42519],[128.46311,38.42555],[128.46355,38.42535],[128.46483,38.42413],[128.46339,38.42238],[128.46375,38.42178],[128.4639,38.42123],[128.46614,38.41846],[128.46663,38.41775],[128.46791,38.41565],[128.46827,38.41487],[128.4703,38.41199],[128.4725,38.40947],[128.47396,38.40765],[128.4748,38.4067],[128.47593,38.40544],[128.47737,38.40426],[128.482,38.40003],[128.48542,38.39664],[128.48827,38.39361],[128.49204,38.38985],[128.4949,38.38676],[128.49804,38.38362],[128.50192,38.38025],[128.50432,38.37768],[128.5058,38.37654],[128.50855,38.37543],[128.50912,38.37472],[128.50934,38.37405],[128.51,38.37339],[128.51074,38.37313],[128.5116,38.37264],[128.51188,38.37165],[128.51193,38.37101],[128.51117,38.36977],[128.512,38.36944],[128.51283,38.36877],[128.51351,38.36859],[128.51416,38.36818],[128.51396,38.368],[128.51356,38.36783],[128.51319,38.36776],[128.51238,38.36606],[128.51222,38.36537],[128.51209,38.36538],[128.51205,38.366],[128.50886,38.36664],[128.50824,38.36608],[128.50795,38.36568],[128.50769,38.36535],[128.5075,38.36444],[128.50757,38.36332],[128.508,38.36282],[128.50888,38.36099],[128.50948,38.35992],[128.51079,38.35906],[128.5125,38.35756],[128.51298,38.35756],[128.51328,38.35697],[128.51374,38.35628],[128.51321,38.35573],[128.51326,38.35533],[128.51388,38.35485],[128.51543,38.35352],[128.51555,38.35164],[128.51376,38.34986],[128.51531,38.34724],[128.51757,38.34498],[128.52325,38.3392],[128.52454,38.33793],[128.5253,38.33743],[128.5269,38.33682],[128.5287,38.3357],[128.52935,38.33444],[128.52968,38.33406],[128.52944,38.33283],[128.52899,38.33177],[128.5283,38.33127],[128.5283,38.32906],[128.52866,38.32887],[128.52987,38.32856],[128.53032,38.32835],[128.53065,38.32796],[128.53094,38.32785],[128.53096,38.32758],[128.53085,38.32706],[128.53042,38.32601],[128.53094,38.32523],[128.53065,38.32501],[128.52958,38.32487],[128.52809,38.3247],[128.52789,38.324],[128.52813,38.32268],[128.5287,38.32159],[128.52956,38.32083],[128.53011,38.32064],[128.53051,38.32033],[128.53104,38.31966],[128.53213,38.31921],[128.5328,38.31857],[128.53437,38.31676],[128.5376,38.31371],[128.53898,38.31269],[128.54191,38.31155],[128.54296,38.31167],[128.54441,38.31119],[128.54465,38.31005],[128.54365,38.30959],[128.54331,38.30893],[128.54329,38.30819],[128.54396,38.307],[128.54548,38.3066],[128.54781,38.30605],[128.55052,38.30393],[128.55102,38.30381],[128.55131,38.30346],[128.55064,38.30286],[128.55059,38.3016],[128.55036,38.30139],[128.54919,38.30141],[128.54772,38.30172],[128.54714,38.30103],[128.547,38.30055],[128.54691,38.30005],[128.54687,38.29965],[128.54686,38.29903],[128.54724,38.29822],[128.54762,38.2977],[128.54819,38.29715],[128.54869,38.29694],[128.54971,38.2971],[128.55114,38.29656],[128.55181,38.2961],[128.55217,38.29572],[128.55217,38.29515],[128.5496,38.29499],[128.5491,38.29482],[128.54836,38.29437],[128.54728,38.29258],[128.54719,38.29115],[128.54781,38.2903],[128.54862,38.29044],[128.54883,38.29018],[128.54876,38.28911],[128.54862,38.28801],[128.5492,38.28762],[128.54913,38.28714],[128.5492,38.28622],[128.55034,38.28481],[128.5517,38.28377],[128.55184,38.28377],[128.55222,38.28339],[128.55414,38.28031],[128.55433,38.27861],[128.55416,38.27802],[128.55362,38.27771],[128.55356,38.27648],[128.55399,38.27587],[128.55435,38.27559],[128.55599,38.27513],[128.5578,38.27414],[128.55904,38.27383],[128.55949,38.27257],[128.5594,38.27221],[128.55847,38.27174],[128.55835,38.27119],[128.55783,38.27041],[128.55762,38.26967],[128.5575,38.26856],[128.55769,38.26723],[128.5577,38.26721],[128.55869,38.26681],[128.55909,38.26648],[128.55954,38.26641],[128.56021,38.26607],[128.56014,38.26541],[128.56016,38.26484],[128.55961,38.26448],[128.55916,38.26379],[128.5593,38.26251],[128.5599,38.2616],[128.5609,38.26146],[128.56123,38.2611],[128.56161,38.25944],[128.56116,38.25925],[128.56041,38.25777],[128.56116,38.25703],[128.56218,38.25584],[128.56406,38.2542],[128.56582,38.25325],[128.56639,38.25363],[128.56728,38.25361],[128.56814,38.25296],[128.56873,38.25249],[128.56937,38.25185],[128.57006,38.25077],[128.57161,38.24987],[128.57189,38.24951],[128.5708,38.24856],[128.57137,38.24718],[128.57192,38.24596],[128.57258,38.24478],[128.57365,38.24323],[128.57487,38.24204],[128.57517,38.24221],[128.57537,38.24209],[128.57517,38.24164],[128.57521,38.24126],[128.57633,38.24031],[128.57677,38.23977],[128.57705,38.23931],[128.57741,38.23902],[128.57865,38.2375],[128.58139,38.23453],[128.58163,38.23443],[128.58435,38.23198],[128.58448,38.23196],[128.58606,38.23038],[128.5862,38.23024],[128.58692,38.22959],[128.58712,38.22915],[128.58726,38.2276],[128.58805,38.2271],[128.58981,38.22743],[128.59007,38.22736],[128.59188,38.22481],[128.59185,38.22453],[128.59,38.22432],[128.58995,38.22346],[128.59061,38.22248],[128.59208,38.22354],[128.59264,38.22365],[128.59315,38.22229],[128.59411,38.22183],[128.59404,38.22147],[128.59245,38.2204],[128.59405,38.21869],[128.59529,38.21954],[128.59613,38.21942],[128.59692,38.21858],[128.59676,38.21808],[128.59565,38.21736],[128.59672,38.21619],[128.59759,38.21538],[128.5985,38.21475],[128.59889,38.2148],[128.59918,38.21503],[128.59951,38.21513],[128.60101,38.21457],[128.60163,38.21476],[128.60212,38.21476],[128.60231,38.21227],[128.60281,38.20848],[128.60312,38.20717],[128.60256,38.20525],[128.6,38.2],[128.53333,38.13333],[128.51667,38.06667],[128.20012,38.03321],[127.66667,37.96667],[126.88333,37.63333],[126.68333,37.71667],[126.56944,37.70222],[126.24333,37.66],[126.16667,37.65],[126.16533,37.67835],[126.16583,37.67868],[126.16615,37.67875],[126.16687,37.67885],[126.16715,37.67928],[126.16782,37.67924],[126.16813,37.67906],[126.16799,37.67873],[126.16795,37.67845],[126.16843,37.67787],[126.16946,37.67725],[126.17,37.67725],[126.17013,37.67689],[126.17058,37.67671],[126.17112,37.67667],[126.17225,37.67669],[126.17428,37.67703],[126.17492,37.6771],[126.17554,37.67634],[126.17558,37.6762],[126.17706,37.67572],[126.17756,37.67597],[126.17915,37.67631],[126.18009,37.67623],[126.18046,37.67666],[126.1824,37.67671],[126.18362,37.67678],[126.18435,37.67731],[126.18444,37.67745],[126.18544,37.67823],[126.18558,37.67855],[126.18613,37.6788],[126.18582,37.67919],[126.18627,37.67951],[126.18628,37.68001],[126.18539,37.68059],[126.18508,37.6811],[126.18432,37.68161],[126.1841,37.68204],[126.18478,37.68243],[126.18474,37.68279],[126.1852,37.68325],[126.1857,37.68378],[126.18612,37.68421],[126.18652,37.68424],[126.18671,37.6846],[126.18698,37.68459],[126.18729,37.68416],[126.18765,37.68405],[126.18824,37.6843],[126.18914,37.68443],[126.19028,37.68521],[126.19156,37.68617],[126.19247,37.68673],[126.1927,37.68734],[126.1928,37.6877],[126.19276,37.68824],[126.1929,37.68841],[126.19331,37.68859],[126.19496,37.69101],[126.20041,37.69942],[126.20327,37.70409],[126.20461,37.70605],[126.20572,37.7078],[126.20673,37.70926],[126.20779,37.71097],[126.20934,37.71324],[126.2107,37.71542],[126.21476,37.7217],[126.21748,37.72597],[126.22085,37.73117],[126.225,37.73755],[126.22892,37.74372],[126.23271,37.74953],[126.23276,37.75021],[126.23048,37.75084],[126.22531,37.75274],[126.22324,37.75669],[126.21497,37.7626],[126.21239,37.76405],[126.2096,37.76711],[126.20557,37.76747],[126.20485,37.76857],[126.20489,37.77299],[126.20857,37.77366],[126.21234,37.77548],[126.21659,37.7775],[126.21677,37.77759],[126.21696,37.7796],[126.2178,37.78185],[126.21857,37.78346],[126.22162,37.7867],[126.22447,37.78909],[126.22411,37.78908],[126.22423,37.79081],[126.22046,37.79203],[126.21886,37.79305],[126.21847,37.79489],[126.22032,37.79639],[126.22248,37.79781],[126.22265,37.79797],[126.22481,37.80009],[126.22511,37.80199],[126.2234,37.80371],[126.22369,37.80458],[126.23576,37.81181],[126.23639,37.81279],[126.23644,37.81417],[126.23757,37.81562],[126.23893,37.81655],[126.2416,37.81692],[126.2421,37.81669],[126.24538,37.81534],[126.24639,37.81501],[126.2482,37.81462],[126.25211,37.81437],[126.25802,37.81477],[126.26183,37.81618],[126.26426,37.81747],[126.26643,37.81708],[126.26732,37.8156],[126.26733,37.81457],[126.26787,37.81476],[126.26901,37.81496],[126.27082,37.8142],[126.27305,37.81386],[126.27474,37.81301],[126.27625,37.81175],[126.27864,37.80992],[126.28197,37.80859],[126.28686,37.80668],[126.29143,37.80504],[126.29364,37.80233],[126.29681,37.80235],[126.30115,37.80371],[126.30315,37.80274],[126.30527,37.80217],[126.31132,37.80187],[126.31393,37.80199],[126.31975,37.80383],[126.32278,37.80573],[126.32283,37.80592],[126.32303,37.80667],[126.32345,37.80771],[126.3243,37.80829],[126.32591,37.80716],[126.32832,37.80494],[126.3292,37.80385],[126.33017,37.80162],[126.3317,37.8002],[126.33346,37.79895],[126.33505,37.7981],[126.33625,37.79806],[126.33688,37.79781],[126.33693,37.79766],[126.3405,37.79648],[126.35335,37.79178],[126.35497,37.7927],[126.3625,37.79621],[126.36293,37.79661],[126.36629,37.7994],[126.36793,37.80067],[126.36958,37.80132],[126.37174,37.80179],[126.37608,37.80194],[126.37902,37.80277],[126.37981,37.80323],[126.38038,37.80344],[126.38377,37.8047],[126.38633,37.80598],[126.38913,37.81033],[126.39084,37.81319],[126.3922,37.81565],[126.39223,37.81651],[126.39316,37.81809],[126.39311,37.81983],[126.3931,37.82034],[126.39105,37.82204],[126.39147,37.82296],[126.3927,37.82297],[126.39523,37.82276],[126.39812,37.82244],[126.40113,37.82279],[126.40131,37.82273],[126.40372,37.82183],[126.40639,37.82185],[126.41141,37.82346],[126.4147,37.82175],[126.41756,37.82288],[126.42011,37.82497],[126.42094,37.82573],[126.42361,37.82821],[126.42481,37.83046],[126.42595,37.83167],[126.42812,37.831],[126.42915,37.83055],[126.43074,37.82993],[126.43334,37.82954],[126.43652,37.82911],[126.43828,37.8278],[126.43945,37.82592],[126.44019,37.82495],[126.44134,37.82438],[126.44434,37.82216],[126.44595,37.81982],[126.44756,37.81817],[126.44903,37.81634],[126.44971,37.81548],[126.45026,37.81477],[126.45254,37.81194],[126.45977,37.80637],[126.46479,37.8041],[126.48543,37.79086],[126.49009,37.78818],[126.49512,37.78642],[126.50061,37.78645],[126.50065,37.78643],[126.50226,37.78608],[126.50742,37.78311],[126.50863,37.78184],[126.50966,37.77701],[126.51208,37.77464],[126.51364,37.77262],[126.51399,37.77135],[126.51366,37.76998],[126.51469,37.7694],[126.51582,37.769],[126.51731,37.76868],[126.51866,37.76838],[126.51916,37.76835],[126.51966,37.76827],[126.5202,37.76827],[126.52061,37.76823],[126.5211,37.7683],[126.52178,37.76827],[126.52314,37.76873],[126.52423,37.76962],[126.52536,37.77044],[126.52789,37.7709],[126.53043,37.77111],[126.53278,37.77117],[126.53459,37.77149],[126.53544,37.77184],[126.53599,37.77184],[126.53648,37.77159],[126.53743,37.77105],[126.5386,37.77054],[126.54045,37.77018],[126.5433,37.76985],[126.54533,37.76966],[126.54754,37.76962],[126.54934,37.76872],[126.55088,37.76849],[126.55255,37.76856],[126.55458,37.76859],[126.55589,37.76851],[126.55716,37.76808],[126.55946,37.76721],[126.56031,37.76628],[126.56148,37.76548],[126.56179,37.76441],[126.56196,37.76301],[126.56182,37.7614],[126.56209,37.76046],[126.56294,37.75945],[126.56447,37.75787],[126.56658,37.75532],[126.56761,37.75435],[126.56891,37.75334],[126.57009,37.75319],[126.57239,37.75308],[126.57809,37.75331],[126.58116,37.75355],[126.58315,37.7539],[126.58568,37.7549],[126.58817,37.75586],[126.59008,37.75646],[126.59125,37.75732],[126.59234,37.75782],[126.5932,37.75789],[126.59455,37.75745],[126.59645,37.75709],[126.59789,37.75718],[126.59857,37.75725],[126.59934,37.75711],[126.60047,37.75614],[126.60313,37.75395],[126.60444,37.75323],[126.60566,37.75308],[126.60642,37.75304],[126.60728,37.75322],[126.60855,37.75347],[126.60995,37.7539],[126.61189,37.75476],[126.61438,37.75626],[126.61561,37.75733],[126.6176,37.75876],[126.61846,37.75991],[126.61882,37.76009],[126.62045,37.76059],[126.62113,37.76141],[126.62217,37.76152],[126.62525,37.76463],[126.62579,37.76517],[126.62733,37.76678],[126.62801,37.76768],[126.62878,37.76922],[126.62924,37.77087],[126.62992,37.77187],[126.63187,37.77283],[126.63512,37.7738],[126.63666,37.77408],[126.63838,37.77436],[126.64127,37.77522],[126.64272,37.77593],[126.64321,37.77604],[126.64358,37.77597],[126.64389,37.77561],[126.64506,37.77471],[126.64718,37.77331],[126.6493,37.77227],[126.65012,37.77191],[126.65106,37.77183],[126.65328,37.77161],[126.6559,37.77179],[126.65906,37.77239],[126.66155,37.77285],[126.66444,37.77371],[126.66666,37.77449],[126.66892,37.77557],[126.67177,37.77736],[126.67376,37.77904],[126.67399,37.779],[126.67458,37.77857],[126.67489,37.77861],[126.67611,37.77939],[126.67729,37.78039],[126.67747,37.78075],[126.67747,37.78122],[126.67734,37.78194],[126.67739,37.78244],[126.67748,37.78269],[126.67757,37.78294],[126.67766,37.78348],[126.67735,37.78735],[126.6774,37.78767],[126.67767,37.78789],[126.67808,37.78803],[126.67826,37.78825],[126.67817,37.78839],[126.67803,37.78835],[126.67772,37.78836],[126.67731,37.78843],[126.67704,37.78875],[126.67695,37.78958],[126.67691,37.79036],[126.67656,37.79424],[126.67751,37.79495],[126.67855,37.79589],[126.67899,37.79644],[126.67987,37.7975],[126.68159,37.80011],[126.68204,37.80101],[126.68241,37.80201],[126.68264,37.80291],[126.68309,37.80427],[126.68359,37.80495],[126.684,37.8057],[126.68414,37.80642],[126.68441,37.80853],[126.68464,37.81051],[126.68451,37.81219],[126.68398,37.81424],[126.68366,37.81463],[126.68334,37.81445],[126.68339,37.81392],[126.68334,37.81295],[126.68316,37.81241],[126.68257,37.81195],[126.68175,37.81159],[126.68099,37.81155],[126.68053,37.81155],[126.67941,37.81256],[126.67725,37.81511],[126.67468,37.81927],[126.67333,37.82218],[126.6728,37.82398],[126.67303,37.82541],[126.67362,37.82663],[126.67479,37.82752],[126.68185,37.83121],[126.68479,37.83206],[126.6866,37.83277],[126.68764,37.8332],[126.68936,37.83399],[126.69144,37.83492],[126.69293,37.83531],[126.6923,37.83678],[126.6919,37.83789],[126.6914,37.83919],[126.69091,37.84069],[126.69046,37.84191],[126.69035,37.84288],[126.68989,37.84457],[126.68948,37.84574],[126.68877,37.84719],[126.68726,37.85131],[126.68538,37.85696],[126.68443,37.86028],[126.68399,37.86283],[126.68382,37.86488],[126.6841,37.86621],[126.68455,37.86721],[126.68493,37.86793],[126.68477,37.86882],[126.68391,37.87043],[126.68187,37.87404],[126.68129,37.875],[126.681,37.87587],[126.68101,37.8779],[126.68101,37.88634],[126.68101,37.8975],[126.68101,37.90178],[126.68374,37.90588],[126.68549,37.90857],[126.68694,37.91122],[126.68824,37.91319],[126.68937,37.91488],[126.6899,37.91584],[126.69062,37.917],[126.69079,37.9177],[126.69072,37.91837],[126.69034,37.91902],[126.68906,37.91994],[126.68596,37.92182],[126.68418,37.92257],[126.68032,37.9243],[126.67803,37.92542],[126.6771,37.9256],[126.67561,37.92567],[126.67449,37.92591],[126.67395,37.92627],[126.67366,37.92674],[126.6735,37.92753],[126.67344,37.92852],[126.67362,37.92933],[126.67369,37.9302],[126.67381,37.93088],[126.67369,37.93317],[126.67362,37.93516],[126.67338,37.9372],[126.67325,37.93857],[126.67294,37.93944],[126.67195,37.94018],[126.67071,37.94093],[126.67021,37.94167],[126.66953,37.94279],[126.6693,37.94345],[126.66911,37.94434],[126.66896,37.945],[126.66897,37.94565],[126.6692,37.94614],[126.66948,37.94679],[126.66971,37.94756],[126.66981,37.94814],[126.66967,37.94853],[126.66962,37.94919],[126.6695,37.94992],[126.66957,37.95026],[126.66974,37.95055],[126.66999,37.95101],[126.6701,37.95139],[126.67025,37.95233],[126.67032,37.95267],[126.67021,37.95296],[126.67001,37.9532],[126.66977,37.95351],[126.66975,37.95427],[126.66967,37.95498],[126.66972,37.95534],[126.67003,37.95575],[126.67022,37.95599],[126.67026,37.95647],[126.67031,37.95684],[126.67034,37.95734],[126.67031,37.95777],[126.67133,37.95778],[126.67239,37.95771],[126.67335,37.95749],[126.6742,37.95713],[126.67487,37.95684],[126.67617,37.95621],[126.67721,37.95544],[126.67786,37.95505],[126.67873,37.9549],[126.67988,37.9551],[126.6811,37.95568],[126.68227,37.95643],[126.68261,37.95704],[126.68304,37.95742],[126.6837,37.9578],[126.68492,37.95824],[126.68615,37.9586],[126.6874,37.95879],[126.68853,37.95881],[126.69019,37.95881],[126.69108,37.95855],[126.69173,37.95821],[126.69255,37.95758],[126.69356,37.95672],[126.69474,37.95585],[126.69597,37.95498],[126.69694,37.95424],[126.6985,37.9532],[126.69946,37.95284],[126.70084,37.95255],[126.70228,37.95241],[126.70334,37.95236],[126.70464,37.95244],[126.70559,37.95261],[126.70643,37.9528],[126.70757,37.95314],[126.70888,37.95356],[126.71033,37.95404],[126.71192,37.95452],[126.71295,37.95476],[126.71424,37.95515],[126.71549,37.95548],[126.71658,37.95573],[126.71769,37.95604],[126.71842,37.95623],[126.71948,37.9566],[126.72079,37.95699],[126.72213,37.95732],[126.72307,37.95758],[126.72406,37.95792],[126.72483,37.95858],[126.72556,37.95939],[126.7269,37.96031],[126.72826,37.96123],[126.72874,37.96178],[126.7296,37.96413],[126.73022,37.96508],[126.7308,37.96608],[126.73139,37.96697],[126.73253,37.96736],[126.73342,37.96764],[126.73487,37.96792],[126.73599,37.96809],[126.73761,37.96814],[126.73872,37.96814],[126.7394,37.96816],[126.74031,37.96859],[126.74134,37.96962],[126.74218,37.97076],[126.74301,37.97165],[126.74395,37.97235],[126.7452,37.97317],[126.74614,37.97358],[126.74718,37.97389],[126.74785,37.97394],[126.74913,37.97408],[126.75064,37.9742],[126.75153,37.97429],[126.75234,37.97407],[126.75346,37.97331],[126.75435,37.97304],[126.75516,37.97322],[126.7556,37.97411],[126.75587,37.97537],[126.75618,37.97671],[126.75717,37.97859],[126.75788,37.97935],[126.75873,37.97988],[126.76025,37.98015],[126.76146,37.98015],[126.76352,37.98015],[126.76482,37.9802],[126.76593,37.98037],[126.7671,37.98069],[126.76835,37.9814],[126.76947,37.98239],[126.77099,37.98382],[126.77278,37.98507],[126.7747,37.98641],[126.77537,37.9869],[126.77609,37.98704],[126.77671,37.98695],[126.77734,37.98668],[126.77819,37.98619],[126.77917,37.98552],[126.7802,37.98507],[126.7819,37.98449],[126.78333,37.98418],[126.78432,37.98404],[126.78494,37.98547],[126.78566,37.9874],[126.78691,37.98945],[126.78731,37.99053],[126.78745,37.99173],[126.78745,37.9924],[126.78753,37.99303],[126.78843,37.99366],[126.78919,37.99415],[126.78991,37.9946],[126.79022,37.99513],[126.79049,37.99549],[126.79102,37.99603],[126.79125,37.99697],[126.79138,37.99782],[126.79183,37.99817],[126.79268,37.99826],[126.79407,37.99823],[126.79471,37.99831],[126.79674,37.99891],[126.79832,37.99932],[126.79896,37.99934],[126.79934,37.99882],[126.79977,37.99831],[126.80037,37.99774],[126.80083,37.99748],[126.80137,37.99754],[126.8019,37.99774],[126.8025,37.99791],[126.80297,37.99791],[126.80363,37.99759],[126.80435,37.99733],[126.80502,37.99737],[126.80561,37.99763],[126.80627,37.99804],[126.80672,37.99817],[126.80766,37.99817],[126.8086,37.99812],[126.80924,37.99818],[126.80985,37.99858],[126.81067,37.9991],[126.81146,37.99947],[126.81258,38.00005],[126.81303,38.00028],[126.81276,38.00117],[126.81406,38.00168],[126.81538,38.00222],[126.81638,38.00286],[126.81745,38.00379],[126.81865,38.00455],[126.8203,38.00566],[126.82163,38.00628],[126.82363,38.00713],[126.82448,38.00762],[126.82452,38.00833],[126.82412,38.00891],[126.82345,38.00966],[126.82314,38.01024],[126.82279,38.01126],[126.82319,38.01153],[126.82381,38.01211],[126.82474,38.01322],[126.82559,38.01469],[126.82617,38.01616],[126.82701,38.01834],[126.82781,38.01971],[126.82901,38.02096],[126.83137,38.02318],[126.83368,38.02585],[126.8368,38.02914],[126.83764,38.0299],[126.83924,38.03132],[126.84058,38.0323],[126.84142,38.03275],[126.84218,38.03292],[126.84329,38.03266],[126.8447,38.03224],[126.8454,38.03219],[126.84592,38.03239],[126.84658,38.03275],[126.84701,38.03302],[126.84735,38.03317],[126.84808,38.03323],[126.84882,38.03311],[126.84957,38.03285],[126.85068,38.03235],[126.85087,38.03248],[126.85099,38.03266],[126.85121,38.03373],[126.8513,38.03506],[126.85109,38.03565],[126.8509,38.03628],[126.85092,38.0366],[126.85096,38.03682],[126.85117,38.03706],[126.85214,38.03768],[126.85353,38.03841],[126.85391,38.03873],[126.85457,38.03902],[126.85502,38.0392],[126.85551,38.03932],[126.85584,38.03951],[126.85598,38.03983],[126.85604,38.0403],[126.85595,38.04096],[126.85607,38.04127],[126.85655,38.04191],[126.85739,38.04287],[126.85805,38.04351],[126.85838,38.04385],[126.85853,38.04416],[126.85859,38.04579],[126.85856,38.04705],[126.85869,38.0475],[126.85955,38.04924],[126.85971,38.05013],[126.85969,38.05193],[126.85969,38.05701],[126.85984,38.05769],[126.86057,38.05845],[126.86175,38.0598],[126.86258,38.06087],[126.86274,38.06139],[126.86289,38.0621],[126.86331,38.0628],[126.86381,38.06361],[126.86368,38.06406],[126.86292,38.06533],[126.86253,38.06604],[126.86229,38.06673],[126.86228,38.06717],[126.8625,38.06735],[126.86284,38.06752],[126.86315,38.0676],[126.86348,38.06758],[126.86382,38.06741],[126.86403,38.06721],[126.86426,38.06719],[126.86454,38.06721],[126.86486,38.06727],[126.86522,38.06749],[126.8654,38.0678],[126.86551,38.06834],[126.86568,38.06869],[126.866,38.06895],[126.86656,38.0694],[126.8668,38.06961],[126.86696,38.06993],[126.86712,38.07023],[126.86714,38.07061],[126.8672,38.07113],[126.86731,38.07149],[126.86749,38.07184],[126.86767,38.07225],[126.86768,38.07265],[126.86762,38.073],[126.8674,38.07349],[126.86743,38.07376],[126.86758,38.07402],[126.86787,38.0742],[126.86825,38.07429],[126.8686,38.07439],[126.86905,38.0746],[126.86897,38.07527],[126.86882,38.07611],[126.86871,38.07662],[126.86891,38.07705],[126.86912,38.07736],[126.86945,38.07754],[126.87027,38.07778],[126.87054,38.07798],[126.87062,38.07826],[126.87051,38.07849],[126.87033,38.07872],[126.86998,38.07896],[126.86963,38.07919],[126.86863,38.07959],[126.86832,38.07983],[126.86811,38.0803],[126.86797,38.08088],[126.8678,38.0813],[126.86767,38.08225],[126.86789,38.08262],[126.86826,38.08293],[126.86849,38.0832],[126.8689,38.08389],[126.86931,38.08443],[126.86945,38.08479],[126.8694,38.08508],[126.86907,38.08557],[126.86904,38.08583],[126.86924,38.08616],[126.86981,38.08673],[126.86994,38.08705],[126.86995,38.08742],[126.86994,38.08799],[126.8702,38.0883],[126.87074,38.0887],[126.87163,38.08933],[126.87207,38.08964],[126.87283,38.09044],[126.87327,38.09115],[126.87342,38.09152],[126.87349,38.09199],[126.87349,38.09248],[126.87336,38.0937],[126.87351,38.0943],[126.87366,38.09462],[126.87394,38.09497],[126.87461,38.09519],[126.87503,38.09541],[126.8751,38.09613],[126.87511,38.09675],[126.87536,38.0972],[126.87578,38.09742],[126.87616,38.09755],[126.87661,38.09791],[126.8767,38.09829],[126.87667,38.09914],[126.87701,38.09978],[126.87781,38.10085],[126.87883,38.10178],[126.8799,38.10245],[126.88058,38.10274],[126.88133,38.10317],[126.88222,38.10375],[126.88287,38.10394],[126.88361,38.10404],[126.88439,38.10396],[126.88645,38.10322],[126.88755,38.10325],[126.88834,38.10322],[126.88895,38.10313],[126.88957,38.10284],[126.89072,38.10238],[126.89265,38.10171],[126.89502,38.10098],[126.89671,38.10044],[126.89779,38.10009],[126.89849,38.10009],[126.89934,38.10044],[126.89995,38.10098],[126.90038,38.10199],[126.90057,38.1038],[126.90049,38.10573],[126.90053,38.10789],[126.90119,38.10858],[126.90242,38.10994],[126.90343,38.11094],[126.90439,38.1119],[126.90509,38.11279],[126.90605,38.11298],[126.90675,38.11337],[126.90706,38.11449],[126.9074,38.11576],[126.90879,38.11646],[126.91103,38.11688],[126.9147,38.11754],[126.91798,38.11808],[126.91921,38.11839],[126.92056,38.11928],[126.92284,38.12063],[126.92415,38.12178],[126.92543,38.12275],[126.9267,38.12333],[126.92743,38.12379],[126.92786,38.12449],[126.92828,38.12522],[126.92878,38.12599],[126.9294,38.12645],[126.93017,38.12692],[126.93148,38.12723],[126.93295,38.12738],[126.93469,38.12742],[126.93623,38.12742],[126.93723,38.12742],[126.93768,38.1277],[126.93812,38.12806],[126.93875,38.12891],[126.9391,38.12988],[126.93919,38.13078],[126.93937,38.13176],[126.93964,38.13291],[126.94013,38.13358],[126.94085,38.13403],[126.94178,38.13421],[126.94285,38.13421],[126.94351,38.13407],[126.94422,38.13397],[126.94517,38.13403],[126.94721,38.13451],[126.9485,38.13483],[126.94921,38.13482],[126.95022,38.13471],[126.95168,38.13455],[126.95292,38.13462],[126.95389,38.13446],[126.95545,38.13416],[126.95781,38.13372],[126.95957,38.13354],[126.96093,38.13421],[126.96184,38.13466],[126.96303,38.135],[126.96402,38.13541],[126.96474,38.13606],[126.96534,38.13688],[126.96632,38.13826],[126.96685,38.13909],[126.96752,38.14004],[126.96814,38.14106],[126.96894,38.14218],[126.96966,38.14329],[126.96991,38.14388],[126.96991,38.14437],[126.96966,38.14529],[126.96926,38.1461],[126.96828,38.14757],[126.96737,38.14828],[126.96605,38.14895],[126.9646,38.14972],[126.96338,38.15028],[126.96244,38.15077],[126.96124,38.1514],[126.96048,38.15175],[126.95937,38.15193],[126.95843,38.1522],[126.9575,38.15278],[126.95643,38.15358],[126.95554,38.15438],[126.95429,38.15523],[126.95296,38.15607],[126.95153,38.1567],[126.95112,38.157],[126.95103,38.15745],[126.95113,38.15785],[126.95144,38.15883],[126.95148,38.15932],[126.95135,38.15973],[126.95108,38.16033],[126.9511,38.16066],[126.95141,38.16125],[126.95184,38.16213],[126.95456,38.16231],[126.95505,38.1628],[126.95585,38.16342],[126.9567,38.16405],[126.95768,38.16464],[126.95914,38.16556],[126.96101,38.16707],[126.96202,38.16792],[126.96292,38.16862],[126.96355,38.16907],[126.96449,38.16979],[126.96539,38.17035],[126.96571,38.17071],[126.96584,38.17116],[126.96592,38.17188],[126.96591,38.17336],[126.96598,38.17394],[126.96636,38.17554],[126.96676,38.17709],[126.96796,38.17865],[126.96885,38.17936],[126.96986,38.18015],[126.96975,38.18105],[126.96968,38.18177],[126.96964,38.18248],[126.96991,38.18377],[126.97015,38.1848],[126.97045,38.1859],[126.96777,38.18765],[126.96609,38.18885],[126.96467,38.18983],[126.9652,38.19028],[126.96663,38.19139],[126.96703,38.19188],[126.96732,38.19244],[126.96765,38.19344],[126.96811,38.19415],[126.96941,38.19532],[126.97036,38.19615],[126.97117,38.19698],[126.9722,38.19761],[126.97349,38.19812],[126.97433,38.19855],[126.97535,38.19929],[126.97604,38.19974],[126.97669,38.20017],[126.97728,38.20071],[126.97759,38.20141],[126.97775,38.20186],[126.97796,38.20208],[126.97863,38.20237],[126.9791,38.20297],[126.97977,38.204],[126.98164,38.20622],[126.98247,38.2072],[126.98329,38.2084],[126.98431,38.20961],[126.98502,38.21054],[126.98542,38.21152],[126.98587,38.21272],[126.98626,38.21348],[126.98712,38.21424],[126.98809,38.21502],[126.98863,38.21535],[126.98943,38.21575],[126.99038,38.21622],[126.99084,38.21638],[126.99166,38.21647],[126.99222,38.21646],[126.99272,38.2164],[126.99307,38.21644],[126.99353,38.21661],[126.99402,38.21675],[126.99455,38.21687],[126.99494,38.2169],[126.9954,38.21687],[126.99601,38.21676],[126.9966,38.2166],[126.99707,38.21645],[126.99765,38.21639],[126.99976,38.21629],[127.00063,38.21631],[127.00093,38.21625],[127.0015,38.21611],[127.00201,38.21691],[127.00288,38.21811],[127.00342,38.21892],[127.00364,38.21978],[127.00393,38.22148],[127.00419,38.2223],[127.00489,38.22332],[127.00591,38.22408],[127.00697,38.22489],[127.00783,38.22546],[127.00841,38.22607],[127.00912,38.22671],[127.00996,38.22738],[127.01072,38.228],[127.01215,38.22903],[127.01289,38.22961],[127.01307,38.23031],[127.01304,38.2313],[127.01339,38.23237],[127.01366,38.23312],[127.0137,38.23398],[127.01376,38.23485],[127.01441,38.23597],[127.01513,38.23673],[127.01602,38.23726],[127.01709,38.23762],[127.01787,38.23797],[127.01887,38.23882],[127.02012,38.23917],[127.02151,38.23964],[127.02232,38.24009],[127.02301,38.24065],[127.02395,38.24225],[127.02524,38.24448],[127.02604,38.24599],[127.02683,38.24564],[127.02783,38.24523],[127.02916,38.24519],[127.03063,38.24554],[127.03165,38.24613],[127.03262,38.24711],[127.03304,38.24806],[127.03344,38.2495],[127.03433,38.24987],[127.03544,38.25036],[127.03704,38.2512],[127.03789,38.25178],[127.03847,38.25267],[127.03889,38.25361],[127.03986,38.25492],[127.04089,38.25643],[127.04152,38.25729],[127.04238,38.25838],[127.04315,38.25901],[127.04388,38.25951],[127.0446,38.25983],[127.04542,38.26005],[127.04655,38.26001],[127.04782,38.25987],[127.04931,38.25969],[127.05054,38.25955],[127.05135,38.2594],[127.05204,38.25925],[127.05257,38.25901],[127.05359,38.25875],[127.05503,38.25863],[127.05568,38.25875],[127.05619,38.2591],[127.05655,38.2603],[127.057,38.26105],[127.05748,38.26171],[127.05793,38.26218],[127.05861,38.26248],[127.05936,38.2626],[127.0602,38.26269],[127.06148,38.26266],[127.0628,38.26296],[127.06376,38.26326],[127.06477,38.26353],[127.06522,38.26371],[127.06597,38.26404],[127.06666,38.26458],[127.06704,38.26529],[127.06722,38.26598],[127.0674,38.26688],[127.06782,38.26724],[127.06824,38.26736],[127.06893,38.2673],[127.06959,38.26733],[127.0703,38.26757],[127.07093,38.26807],[127.07156,38.26933],[127.0721,38.27038],[127.07252,38.27076],[127.0735,38.27103],[127.07434,38.27133],[127.07494,38.27187],[127.07554,38.27244],[127.07619,38.27286],[127.07673,38.2734],[127.07685,38.27405],[127.07643,38.27522],[127.07598,38.27653],[127.0756,38.2774],[127.07545,38.27794],[127.07601,38.27821],[127.07667,38.27836],[127.07701,38.27832],[127.0772,38.27815],[127.0773,38.27794],[127.0776,38.2777],[127.07799,38.27757],[127.07832,38.27757],[127.07879,38.27767],[127.07921,38.27786],[127.07975,38.27797],[127.08065,38.278],[127.08143,38.278],[127.08175,38.27779],[127.08208,38.27756],[127.08283,38.27731],[127.08332,38.27733],[127.0843,38.27752],[127.08501,38.27766],[127.08564,38.27785],[127.08603,38.27824],[127.08636,38.27878],[127.08705,38.27925],[127.08784,38.27946],[127.08836,38.27934],[127.08866,38.27902],[127.08905,38.27883],[127.08932,38.27881],[127.09005,38.27888],[127.09055,38.27898],[127.09119,38.27914],[127.09216,38.27917],[127.09314,38.27928],[127.09374,38.27932],[127.09418,38.27945],[127.09449,38.27961],[127.09512,38.28051],[127.09545,38.2815],[127.09637,38.2841],[127.09704,38.28567],[127.09778,38.2855],[127.09835,38.28537],[127.09893,38.28522],[127.09927,38.28535],[127.09965,38.28559],[127.1001,38.28602],[127.10049,38.28629],[127.10092,38.28661],[127.10134,38.28691],[127.10169,38.28718],[127.10222,38.28751],[127.10269,38.28801],[127.1031,38.28861],[127.10427,38.28981],[127.10498,38.29041],[127.1057,38.29074],[127.10636,38.29145],[127.10732,38.29268],[127.10873,38.29421],[127.10956,38.29495],[127.11048,38.29569],[127.11099,38.2959],[127.11159,38.29615],[127.1124,38.2963],[127.11301,38.29631],[127.113,38.29698],[127.11307,38.2974],[127.11367,38.29766],[127.11428,38.29809],[127.11494,38.29848],[127.11527,38.2986],[127.11568,38.29851],[127.11599,38.298],[127.11619,38.29785],[127.11658,38.29781],[127.11694,38.29804],[127.11754,38.29821],[127.11817,38.29836],[127.11844,38.29872],[127.11898,38.29902],[127.12038,38.29941],[127.1217,38.29961],[127.1231,38.29967],[127.12484,38.29958],[127.12612,38.29932],[127.12705,38.29929],[127.12779,38.2995],[127.12815,38.29982],[127.12866,38.3009],[127.12932,38.3029],[127.12968,38.30407],[127.1304,38.3067],[127.13084,38.30888],[127.13129,38.3108],[127.13159,38.31226],[127.13204,38.31313],[127.13288,38.31367],[127.13377,38.3142],[127.1356,38.31462],[127.13682,38.31477],[127.13823,38.3148],[127.13945,38.31474],[127.14068,38.31438],[127.1414,38.31394],[127.14203,38.31319],[127.1428,38.3125],[127.14421,38.31181],[127.14528,38.31124],[127.14636,38.31035],[127.14753,38.30897],[127.14893,38.30694],[127.15016,38.30538],[127.15138,38.30392],[127.15222,38.30338],[127.15282,38.30314],[127.15419,38.3035],[127.16062,38.30562],[127.16798,38.30799],[127.17948,38.31112],[127.18717,38.31329],[127.1928,38.31496],[127.19618,38.3161],[127.1977,38.31667],[127.2041,38.31892],[127.2095,38.32105],[127.21802,38.32448],[127.22043,38.32555],[127.22164,38.32643],[127.22245,38.3275],[127.22277,38.32825],[127.2232,38.32859],[127.22403,38.32894],[127.22733,38.33029],[127.23065,38.3315],[127.23344,38.33238],[127.23641,38.33322],[127.23851,38.33375],[127.23926,38.33378],[127.2407,38.33397],[127.24192,38.33416],[127.24255,38.33432],[127.24317,38.33388],[127.24549,38.33203],[127.24768,38.3304],[127.24937,38.32928],[127.25094,38.32859],[127.25294,38.32834],[127.25742,38.3279],[127.26314,38.32765],[127.26716,38.32722],[127.27338,38.32633],[127.27704,38.32583],[127.28024,38.32533],[127.28424,38.32471],[127.28891,38.32386],[127.29091,38.3233],[127.29182,38.32295],[127.29241,38.32245],[127.29313,38.32158],[127.29407,38.32051],[127.29533,38.31948],[127.29623,38.31876],[127.29686,38.31845],[127.29761,38.31798],[127.29811,38.31744],[127.29849,38.31691],[127.29876,38.31597],[127.29906,38.31516],[127.29953,38.31431],[127.30004,38.31345],[127.30056,38.31264],[127.30146,38.31372],[127.30231,38.31438],[127.30303,38.31478],[127.30381,38.31512],[127.30436,38.31546],[127.30531,38.31591],[127.30613,38.31622],[127.30691,38.31644],[127.30804,38.31669],[127.30915,38.31696],[127.31056,38.31717],[127.3118,38.3176],[127.31292,38.31791],[127.31455,38.31854],[127.31574,38.31888],[127.3168,38.31922],[127.31796,38.31956],[127.31933,38.31986],[127.32052,38.32025],[127.32172,38.32068],[127.32275,38.32085],[127.32394,38.3208],[127.32463,38.32076],[127.32501,38.32042],[127.32518,38.31986],[127.3254,38.31901],[127.326,38.31837],[127.32681,38.31815],[127.32766,38.31815],[127.32865,38.31841],[127.33019,38.31901],[127.33241,38.32012],[127.33429,38.3211],[127.336,38.32226],[127.33767,38.3235],[127.33878,38.32431],[127.34032,38.32478],[127.34156,38.32547],[127.34271,38.32615],[127.34357,38.32679],[127.34455,38.32747],[127.34575,38.32824],[127.34661,38.32867],[127.34729,38.3288],[127.34783,38.32877],[127.34877,38.32849],[127.34961,38.32828],[127.35068,38.32818],[127.35169,38.32818],[127.35298,38.32832],[127.35437,38.32849],[127.35538,38.32845],[127.35645,38.32818],[127.35784,38.32755],[127.3584,38.32693],[127.35913,38.3263],[127.3601,38.32585],[127.36121,38.3247],[127.36187,38.32394],[127.3625,38.32449],[127.36309,38.32484],[127.36323,38.32529],[127.36319,38.32578],[127.36337,38.32627],[127.3648,38.32664],[127.37745,38.33322],[127.37917,38.33433],[127.38014,38.33484],[127.3813,38.33544],[127.38204,38.33581],[127.38283,38.33604],[127.38487,38.33604],[127.38603,38.33604],[127.38704,38.33572],[127.38774,38.33516],[127.38834,38.33451],[127.38908,38.33396],[127.39013,38.33342],[127.3919,38.33322],[127.39391,38.33311],[127.39645,38.33315],[127.39819,38.33325],[127.39926,38.33335],[127.40038,38.33367],[127.40211,38.33363],[127.40382,38.33346],[127.40618,38.33322],[127.4072,38.33308],[127.4082,38.33266],[127.40934,38.33196],[127.41098,38.3313],[127.41303,38.33071],[127.41487,38.33005],[127.41623,38.3296],[127.41776,38.32923],[127.41966,38.3288],[127.42178,38.32842],[127.42428,38.3279],[127.42606,38.32748],[127.42693,38.32717],[127.42752,38.32682],[127.42807,38.32627],[127.42865,38.32548],[127.42944,38.3246],[127.43051,38.32349],[127.43183,38.32213],[127.43273,38.3214],[127.43356,38.32116],[127.43527,38.32088],[127.43659,38.32064],[127.43843,38.32022],[127.44058,38.31945],[127.44235,38.31883],[127.44343,38.31852],[127.445,38.31796],[127.4467,38.31747],[127.44826,38.3172],[127.4499,38.31716],[127.45191,38.31747],[127.45361,38.31789],[127.45452,38.31827],[127.45532,38.31876],[127.45605,38.3189],[127.45678,38.31879],[127.45831,38.3183],[127.46011,38.31765],[127.46164,38.31714],[127.46261,38.31691],[127.46359,38.31691],[127.46488,38.31723],[127.4659,38.31765],[127.46658,38.31789],[127.46739,38.31783],[127.46814,38.31775],[127.46915,38.31754],[127.46991,38.3173],[127.47064,38.3172],[127.47106,38.31688],[127.47156,38.31677],[127.47248,38.31672],[127.47369,38.31691],[127.47446,38.31678],[127.47533,38.31674],[127.47634,38.3165],[127.47651,38.31615],[127.47669,38.31546],[127.47676,38.31476],[127.47669,38.31424],[127.47672,38.31369],[127.47704,38.31316],[127.4779,38.31223],[127.47936,38.31018],[127.48044,38.30858],[127.48121,38.30747],[127.48159,38.3066],[127.48198,38.30625],[127.48273,38.30611],[127.48336,38.30604],[127.48388,38.30601],[127.48465,38.30604],[127.48541,38.30625],[127.48621,38.30649],[127.48718,38.30642],[127.48843,38.30618],[127.48916,38.30583],[127.49038,38.30493],[127.49146,38.30389],[127.49295,38.30264],[127.49462,38.301],[127.4958,38.29999],[127.4966,38.3001],[127.49776,38.30022],[127.50079,38.30055],[127.50209,38.30079],[127.50249,38.30079],[127.50321,38.30064],[127.50374,38.30055],[127.50456,38.30062],[127.50671,38.30126],[127.509,38.30202],[127.51161,38.30309],[127.51214,38.30337],[127.51272,38.30342],[127.51341,38.30334],[127.51419,38.30374],[127.51495,38.30416],[127.51569,38.30469],[127.51586,38.30501],[127.51609,38.3056],[127.51648,38.30625],[127.51714,38.30707],[127.51759,38.30772],[127.51814,38.3079],[127.5189,38.30807],[127.51958,38.30822],[127.52076,38.3083],[127.52206,38.30832],[127.52273,38.30834],[127.52321,38.30844],[127.52358,38.30865],[127.5243,38.30906],[127.52511,38.3095],[127.52578,38.30992],[127.52642,38.31033],[127.52762,38.3111],[127.52837,38.31134],[127.5289,38.31161],[127.5305,38.31311],[127.53201,38.31446],[127.53318,38.31553],[127.53438,38.31621],[127.53608,38.31714],[127.5375,38.31752],[127.53814,38.31776],[127.53971,38.31836],[127.54096,38.31897],[127.54184,38.31954],[127.54302,38.32045],[127.54469,38.32166],[127.5467,38.3238],[127.54789,38.32464],[127.5489,38.3253],[127.54971,38.32607],[127.55025,38.32663],[127.55083,38.32687],[127.55201,38.32713],[127.55361,38.32755],[127.55477,38.32787],[127.55715,38.3284],[127.55855,38.32871],[127.56075,38.32932],[127.56231,38.32992],[127.56419,38.33048],[127.56598,38.33079],[127.56837,38.33126],[127.5702,38.33173],[127.57115,38.3322],[127.5717,38.33259],[127.57232,38.33303],[127.5727,38.33346],[127.57308,38.33411],[127.57373,38.33471],[127.57441,38.3351],[127.57512,38.33549],[127.57588,38.33592],[127.58242,38.33588],[127.59036,38.33592],[127.59883,38.33592],[127.6077,38.33592],[127.61147,38.33592],[127.61268,38.3351],[127.61379,38.3341],[127.61443,38.33332],[127.61476,38.33234],[127.61518,38.33134],[127.61542,38.33066],[127.61593,38.32997],[127.61651,38.32942],[127.61662,38.32908],[127.61655,38.32864],[127.61633,38.32824],[127.61602,38.32764],[127.61584,38.32702],[127.61598,38.32661],[127.61632,38.32606],[127.61685,38.3255],[127.61738,38.32524],[127.61777,38.32504],[127.61821,38.32489],[127.61864,38.32481],[127.61902,38.3248],[127.61935,38.32481],[127.61979,38.32485],[127.62013,38.32489],[127.62044,38.32499],[127.62067,38.32506],[127.62092,38.32506],[127.62118,38.325],[127.6216,38.32495],[127.62198,38.32494],[127.62251,38.32497],[127.62289,38.32509],[127.62317,38.3252],[127.62345,38.32535],[127.62373,38.3254],[127.62415,38.32546],[127.62445,38.32551],[127.6247,38.32559],[127.62492,38.3257],[127.62512,38.32593],[127.62526,38.32616],[127.62538,38.32626],[127.62552,38.32627],[127.62572,38.32622],[127.62612,38.32605],[127.62629,38.32595],[127.62662,38.32581],[127.62703,38.32574],[127.62723,38.32566],[127.62763,38.32544],[127.62793,38.32531],[127.62815,38.32527],[127.62856,38.32524],[127.62886,38.32519],[127.62918,38.32517],[127.62943,38.32521],[127.62983,38.3254],[127.63043,38.32557],[127.63107,38.32576],[127.6318,38.32585],[127.63279,38.32572],[127.63348,38.32546],[127.63359,38.32509],[127.63357,38.3243],[127.63356,38.32367],[127.63388,38.32322],[127.63439,38.32304],[127.63503,38.32303],[127.63588,38.32311],[127.63702,38.32321],[127.63803,38.32337],[127.63902,38.32361],[127.63992,38.3239],[127.64065,38.32412],[127.64159,38.32444],[127.64254,38.32476],[127.64315,38.32511],[127.64377,38.32565],[127.64415,38.32597],[127.64451,38.32586],[127.64481,38.32562],[127.64516,38.32534],[127.64537,38.32525],[127.64566,38.32547],[127.64594,38.3256],[127.64649,38.32565],[127.64695,38.32572],[127.64735,38.3258],[127.6476,38.32608],[127.64779,38.32621],[127.64803,38.32627],[127.64828,38.3262],[127.64867,38.32591],[127.64905,38.32567],[127.6493,38.32558],[127.64956,38.32567],[127.64987,38.32569],[127.65004,38.32563],[127.65015,38.32546],[127.65066,38.32502],[127.65096,38.32486],[127.65115,38.32482],[127.65139,38.32494],[127.65169,38.32506],[127.65193,38.325],[127.65212,38.32496],[127.65228,38.32502],[127.65282,38.32526],[127.65323,38.32544],[127.65345,38.3254],[127.65368,38.32525],[127.65391,38.32509],[127.65413,38.32503],[127.65435,38.325],[127.65465,38.3249],[127.65524,38.32471],[127.65576,38.32459],[127.65647,38.32467],[127.65698,38.32469],[127.65738,38.32443],[127.65779,38.32425],[127.6582,38.32418],[127.6587,38.32425],[127.65927,38.32422],[127.66,38.32433],[127.66065,38.32449],[127.66111,38.32477],[127.66156,38.32498],[127.66211,38.32508],[127.66265,38.3251],[127.66312,38.32524],[127.66379,38.32547],[127.66423,38.32565],[127.66468,38.32585],[127.6651,38.32549],[127.66574,38.32504],[127.66626,38.32471],[127.66663,38.32459],[127.66695,38.32437],[127.66764,38.32398],[127.668,38.32368],[127.66835,38.32331],[127.66847,38.32297],[127.66882,38.32269],[127.6693,38.32307],[127.66969,38.32329],[127.67019,38.3235],[127.6708,38.32352],[127.67171,38.32358],[127.67238,38.32365],[127.67307,38.32376],[127.67392,38.32392],[127.6749,38.32421],[127.67546,38.32437],[127.67619,38.32447],[127.67678,38.32453],[127.67743,38.32457],[127.67814,38.32461],[127.67869,38.32465],[127.67913,38.32481],[127.67964,38.32488],[127.68035,38.32486],[127.68156,38.32477],[127.68288,38.32463],[127.68442,38.32437],[127.68566,38.32423],[127.68698,38.32413],[127.68885,38.32402],[127.6897,38.32427],[127.6905,38.32479],[127.69111,38.32544],[127.69149,38.32609],[127.6919,38.32672],[127.69228,38.32723],[127.69265,38.32771],[127.69303,38.32824],[127.69326,38.32877],[127.69344,38.3295],[127.69378,38.33023],[127.69421,38.33125],[127.69458,38.33203],[127.69494,38.33288],[127.69539,38.33359],[127.69595,38.33418],[127.69652,38.33479],[127.69701,38.33527],[127.69757,38.33564],[127.69816,38.3359],[127.69871,38.33606],[127.6992,38.33639],[127.69991,38.33665],[127.70074,38.33681],[127.70163,38.33681],[127.70246,38.33671],[127.70315,38.33643],[127.70361,38.33616],[127.70424,38.33582],[127.70495,38.33539],[127.70578,38.33527],[127.70649,38.33527],[127.70689,38.33511],[127.70734,38.33503],[127.70787,38.33513],[127.70866,38.33531],[127.70939,38.33541],[127.71016,38.33543],[127.71097,38.33543],[127.71164,38.33537],[127.71233,38.33539],[127.71302,38.33537],[127.71361,38.33517],[127.71393,38.33483],[127.71411,38.33442],[127.71425,38.33381],[127.7143,38.33343],[127.71421,38.33266],[127.71423,38.33179],[127.71411,38.3311],[127.71391,38.33021],[127.71403,38.32966],[127.71448,38.3294],[127.71505,38.32938],[127.71582,38.32942],[127.71664,38.32955],[127.71733,38.32993],[127.71817,38.33039],[127.71902,38.33073],[127.71993,38.33114],[127.72074,38.33152],[127.72147,38.33203],[127.72226,38.33246],[127.72279,38.33284],[127.72346,38.33319],[127.72443,38.33345],[127.7252,38.33381],[127.72611,38.3342],[127.72688,38.33434],[127.72783,38.33456],[127.72822,38.33473],[127.72917,38.33521],[127.73039,38.33586],[127.7316,38.33655],[127.73231,38.33706],[127.73321,38.33764],[127.73381,38.33823],[127.73446,38.33898],[127.73545,38.33969],[127.73598,38.34018],[127.73645,38.34034],[127.7373,38.34038],[127.73775,38.34044],[127.73845,38.34054],[127.739,38.34056],[127.73955,38.34062],[127.74018,38.34058],[127.74089,38.34052],[127.74144,38.34065],[127.74201,38.34024],[127.74244,38.34006],[127.74305,38.33992],[127.74358,38.33984],[127.74407,38.33967],[127.74451,38.33929],[127.74496,38.33888],[127.74541,38.33847],[127.74577,38.33783],[127.74615,38.33722],[127.74684,38.33685],[127.74755,38.33637],[127.74829,38.3356],[127.74916,38.33501],[127.74995,38.33464],[127.75098,38.33436],[127.75197,38.33424],[127.7527,38.3343],[127.75333,38.3344],[127.7537,38.3346],[127.75384,38.33515],[127.75428,38.33568],[127.75445,38.33577],[127.75467,38.3358],[127.75528,38.33586],[127.75579,38.33587],[127.75627,38.33593],[127.75671,38.33597],[127.75709,38.33611],[127.75752,38.33629],[127.75776,38.3364],[127.75796,38.33657],[127.75819,38.33698],[127.75839,38.33738],[127.75876,38.33775],[127.75969,38.33807],[127.76057,38.33823],[127.76162,38.33819],[127.76251,38.33804],[127.76289,38.33763],[127.76326,38.33718],[127.7638,38.33664],[127.76433,38.33619],[127.76511,38.33582],[127.76539,38.3357],[127.76582,38.3357],[127.76632,38.33582],[127.76716,38.33601],[127.76734,38.33605],[127.76758,38.33598],[127.76804,38.33558],[127.7682,38.33546],[127.76853,38.33543],[127.76878,38.33549],[127.76894,38.33564],[127.76924,38.33582],[127.76985,38.33625],[127.77001,38.33655],[127.77021,38.33671],[127.77062,38.33675],[127.77117,38.33671],[127.77163,38.33665],[127.77187,38.33657],[127.77208,38.33658],[127.77219,38.33672],[127.77217,38.33692],[127.77202,38.33708],[127.77163,38.33734],[127.77123,38.33762],[127.77118,38.33783],[127.77113,38.33803],[127.77118,38.33825],[127.77133,38.33843],[127.77159,38.33856],[127.77179,38.33876],[127.77208,38.33894],[127.77224,38.33906],[127.77218,38.33927],[127.77186,38.33957],[127.77171,38.34022],[127.77165,38.34074],[127.77278,38.34068],[127.7738,38.34085],[127.77481,38.34131],[127.77554,38.34184],[127.77613,38.34273],[127.77676,38.34379],[127.77737,38.34502],[127.77818,38.34648],[127.77889,38.34758],[127.77966,38.34822],[127.78071,38.34865],[127.78164,38.34893],[127.7829,38.34891],[127.78398,38.34863],[127.78468,38.34804],[127.78535,38.34725],[127.78582,38.34636],[127.78614,38.34524],[127.78645,38.34413],[127.78681,38.34293],[127.78746,38.34145],[127.78854,38.33963],[127.78918,38.33827],[127.78955,38.33691],[127.78999,38.3356],[127.79066,38.33428],[127.79111,38.3334],[127.79153,38.3326],[127.792,38.33128],[127.79245,38.33021],[127.79312,38.32897],[127.79385,38.32781],[127.7946,38.32648],[127.79549,38.32486],[127.79628,38.32358],[127.79709,38.32269],[127.79777,38.32218],[127.7982,38.32181],[127.79957,38.32084],[127.80077,38.31989],[127.80219,38.31879],[127.80374,38.31758],[127.80484,38.31683],[127.80624,38.31602],[127.80833,38.31514],[127.80926,38.31472],[127.81077,38.31365],[127.81166,38.31309],[127.81298,38.3122],[127.81385,38.31164],[127.81559,38.31055],[127.81666,38.30978],[127.81769,38.30881],[127.8185,38.30815],[127.81918,38.30759],[127.82009,38.30681],[127.82096,38.30596],[127.82131,38.30538],[127.82152,38.30474],[127.82162,38.30412],[127.82235,38.30408],[127.82299,38.3041],[127.82363,38.30414],[127.82425,38.30424],[127.82478,38.30428],[127.82557,38.30428],[127.82605,38.30435],[127.8265,38.30451],[127.82691,38.30466],[127.82737,38.30486],[127.82795,38.30515],[127.82902,38.30546],[127.83001,38.30544],[127.83065,38.30532],[127.8314,38.30536],[127.83208,38.30557],[127.8327,38.30592],[127.83334,38.30631],[127.8339,38.30672],[127.83464,38.30705],[127.83541,38.30722],[127.83615,38.3072],[127.83727,38.30745],[127.83812,38.30769],[127.83921,38.30797],[127.84018,38.30836],[127.84134,38.30901],[127.84235,38.30951],[127.84313,38.30999],[127.84446,38.31093],[127.8456,38.31181],[127.84683,38.31252],[127.84782,38.31306],[127.84866,38.31363],[127.84899,38.3141],[127.84942,38.3145],[127.84988,38.31476],[127.85041,38.31478],[127.85099,38.31481],[127.85153,38.31468],[127.85224,38.31452],[127.85278,38.31425],[127.85366,38.31371],[127.85424,38.31321],[127.85473,38.31284],[127.85522,38.31275],[127.85576,38.31264],[127.85631,38.31247],[127.85707,38.31216],[127.85753,38.31199],[127.85792,38.31175],[127.85821,38.31168],[127.85875,38.31183],[127.85934,38.31216],[127.85978,38.31237],[127.86021,38.31253],[127.86058,38.3127],[127.86094,38.31292],[127.86178,38.31323],[127.86261,38.31354],[127.86348,38.31383],[127.86393,38.31399],[127.86491,38.31419],[127.86567,38.31439],[127.86643,38.31466],[127.86709,38.31486],[127.86787,38.31509],[127.8684,38.31512],[127.86933,38.31545],[127.87018,38.31582],[127.87139,38.31625],[127.87261,38.31667],[127.87381,38.31709],[127.875,38.31791],[127.87619,38.3191],[127.87702,38.31985],[127.87762,38.32088],[127.87861,38.32237],[127.87935,38.32324],[127.87983,38.32402],[127.87994,38.32447],[127.87989,38.32489],[127.87941,38.32605],[127.8789,38.32737],[127.8787,38.32819],[127.87857,38.32894],[127.8785,38.32968],[127.87846,38.33024],[127.87866,38.33045],[127.87898,38.33062],[127.87929,38.33078],[127.87977,38.33101],[127.8801,38.33118],[127.88047,38.33129],[127.88091,38.33138],[127.8814,38.33149],[127.88212,38.3314],[127.88266,38.33149],[127.88309,38.33149],[127.88353,38.33136],[127.88398,38.33113],[127.88446,38.33095],[127.88491,38.33101],[127.88533,38.33116],[127.88566,38.3312],[127.88597,38.33105],[127.8863,38.3308],[127.88659,38.33066],[127.8871,38.33062],[127.88748,38.33051],[127.88783,38.33035],[127.88816,38.33016],[127.88851,38.3301],[127.88886,38.32996],[127.88919,38.32989],[127.88967,38.32991],[127.89004,38.32983],[127.89045,38.32996],[127.89093,38.3301],[127.89149,38.33014],[127.89196,38.33006],[127.8925,38.32994],[127.89299,38.32989],[127.89343,38.32987],[127.89399,38.32981],[127.89463,38.32989],[127.89495,38.33011],[127.89529,38.33028],[127.89556,38.33042],[127.89587,38.33039],[127.8961,38.33025],[127.89638,38.3301],[127.89661,38.33005],[127.8968,38.32996],[127.89701,38.3298],[127.89727,38.32956],[127.89754,38.32932],[127.89779,38.32911],[127.89791,38.3288],[127.898,38.32847],[127.89829,38.3283],[127.89855,38.32805],[127.89872,38.32772],[127.89903,38.32762],[127.89973,38.32754],[127.90035,38.32762],[127.90079,38.32777],[127.90116,38.32801],[127.90162,38.32828],[127.90197,38.32847],[127.9023,38.32851],[127.90275,38.32851],[127.90318,38.32843],[127.9037,38.32828],[127.9043,38.32816],[127.90482,38.3281],[127.90521,38.32799],[127.90556,38.32785],[127.90604,38.32748],[127.90635,38.32706],[127.90674,38.32655],[127.90711,38.32609],[127.90779,38.32595],[127.90852,38.32586],[127.90922,38.32576],[127.91083,38.32557],[127.91383,38.32493],[127.91629,38.32473],[127.92026,38.32431],[127.92323,38.32398],[127.92478,38.32371],[127.92665,38.32328],[127.92786,38.32303],[127.92859,38.32285],[127.92923,38.32264],[127.92983,38.32258],[127.93037,38.32266],[127.93094,38.32285],[127.93132,38.32299],[127.93177,38.3232],[127.93218,38.32324],[127.93249,38.32318],[127.93278,38.32287],[127.93311,38.3226],[127.93359,38.32247],[127.93409,38.32243],[127.93473,38.32231],[127.9351,38.3222],[127.93529,38.32202],[127.93557,38.32183],[127.93595,38.32177],[127.9364,38.32179],[127.93681,38.32167],[127.93729,38.3215],[127.93764,38.32144],[127.9381,38.32146],[127.93857,38.3213],[127.93909,38.32109],[127.93963,38.32086],[127.9401,38.32063],[127.94072,38.32041],[127.94128,38.32014],[127.94169,38.31995],[127.94209,38.31975],[127.94242,38.31948],[127.94273,38.31915],[127.94306,38.31877],[127.94343,38.31855],[127.94407,38.31834],[127.94467,38.31817],[127.94523,38.31801],[127.9457,38.31784],[127.94628,38.31772],[127.94684,38.3177],[127.94734,38.31768],[127.94771,38.31751],[127.94831,38.31691],[127.94906,38.31647],[127.94971,38.31628],[127.95037,38.31616],[127.95097,38.31604],[127.9514,38.31605],[127.95174,38.31586],[127.95231,38.31581],[127.95315,38.31589],[127.95415,38.31578],[127.9546,38.31579],[127.95547,38.31547],[127.95667,38.31534],[127.95758,38.31543],[127.95801,38.31572],[127.95878,38.31594],[127.95949,38.31625],[127.96016,38.31646],[127.96106,38.31661],[127.96207,38.31674],[127.96298,38.31684],[127.96319,38.31695],[127.96389,38.31761],[127.96448,38.318],[127.96547,38.31832],[127.96608,38.31847],[127.96633,38.31856],[127.96647,38.31883],[127.96674,38.31921],[127.96701,38.31927],[127.96731,38.31923],[127.96767,38.3191],[127.96791,38.3189],[127.96816,38.31863],[127.96841,38.31856],[127.96864,38.31869],[127.96884,38.31905],[127.96904,38.31909],[127.96935,38.31897],[127.96955,38.31898],[127.96974,38.31921],[127.97017,38.31936],[127.97063,38.31932],[127.97118,38.31907],[127.97163,38.31901],[127.97184,38.31921],[127.97195,38.3194],[127.97213,38.3195],[127.97243,38.31956],[127.97317,38.31964],[127.97406,38.31964],[127.97439,38.31975],[127.97473,38.32003],[127.97547,38.32022],[127.97621,38.32034],[127.97647,38.32044],[127.97695,38.32073],[127.97745,38.32104],[127.97799,38.32116],[127.97878,38.32112],[127.97948,38.32096],[127.98034,38.32065],[127.98143,38.32038],[127.98219,38.32017],[127.98271,38.32014],[127.98322,38.32022],[127.98361,38.32049],[127.98392,38.32067],[127.9842,38.32075],[127.98476,38.32067],[127.98511,38.32054],[127.98552,38.32022],[127.98581,38.31981],[127.98604,38.31921],[127.98609,38.31869],[127.98595,38.31777],[127.98564,38.31739],[127.98541,38.31713],[127.9852,38.31683],[127.98567,38.31619],[127.98657,38.31625],[127.98735,38.31617],[127.98797,38.31605],[127.98871,38.31605],[127.98922,38.31601],[127.98988,38.31586],[127.99056,38.3156],[127.99102,38.31537],[127.99134,38.31507],[127.9916,38.31496],[127.99234,38.31492],[127.99298,38.31513],[127.99359,38.31519],[127.99405,38.31535],[127.99464,38.31539],[127.99534,38.31538],[127.99583,38.3156],[127.996,38.31607],[127.99623,38.31613],[127.99639,38.31605],[127.99666,38.31601],[127.99696,38.31613],[127.99717,38.31621],[127.99748,38.31617],[127.99783,38.31614],[127.99849,38.31644],[127.99876,38.31654],[128.0001,38.31657],[128.00087,38.3166],[128.00253,38.31643],[128.00433,38.31622],[128.00623,38.31602],[128.00879,38.31595],[128.00993,38.31595],[128.01197,38.31577],[128.01491,38.3156],[128.01689,38.31553],[128.01834,38.31602],[128.02,38.31598],[128.02256,38.31609],[128.02578,38.31616],[128.02775,38.31588],[128.03013,38.31566],[128.032,38.3155],[128.03306,38.31519],[128.0329,38.31484],[128.03239,38.31438],[128.03185,38.31395],[128.03173,38.31367],[128.03158,38.31305],[128.03119,38.31262],[128.03064,38.312],[128.03033,38.31141],[128.03052,38.31118],[128.03111,38.31075],[128.03165,38.31056],[128.03239,38.31032],[128.0331,38.31017],[128.03407,38.31009],[128.03524,38.31001],[128.03676,38.31001],[128.03797,38.30982],[128.03898,38.30982],[128.03956,38.30947],[128.03992,38.30879],[128.04058,38.30851],[128.04217,38.30806],[128.0447,38.30768],[128.04639,38.30747],[128.0511,38.30785],[128.05629,38.30955],[128.06103,38.31045],[128.06528,38.31153],[128.06929,38.31262],[128.07345,38.3136],[128.07618,38.31432],[128.07822,38.31488],[128.08199,38.31588],[128.0843,38.31656],[128.08706,38.31773],[128.08886,38.31897],[128.09046,38.32055],[128.09143,38.32138],[128.09257,38.32245],[128.09353,38.32353],[128.09439,38.32478],[128.09462,38.32505],[128.09552,38.32536],[128.09657,38.32575],[128.09764,38.32607],[128.09804,38.32622],[128.09864,38.32662],[128.09918,38.32686],[128.09988,38.32713],[128.10024,38.32758],[128.10063,38.32806],[128.10102,38.32828],[128.10208,38.32888],[128.10292,38.32936],[128.1034,38.32966],[128.10458,38.33036],[128.10654,38.33187],[128.10826,38.33313],[128.10971,38.33407],[128.11176,38.33527],[128.11324,38.33612],[128.11469,38.33687],[128.11538,38.33678],[128.11595,38.33636],[128.11653,38.33573],[128.11743,38.33485],[128.11903,38.33398],[128.1209,38.33328],[128.12274,38.33289],[128.12494,38.33271],[128.12705,38.33268],[128.12877,38.33292],[128.12989,38.33316],[128.13113,38.33355],[128.13221,38.33401],[128.13281,38.33398],[128.13411,38.33371],[128.13544,38.33365],[128.13661,38.33395],[128.13779,38.33461],[128.13921,38.33561],[128.14066,38.33663],[128.14126,38.33714],[128.14168,38.33769],[128.14204,38.33829],[128.14232,38.33895],[128.14238,38.33926],[128.14247,38.33971],[128.14268,38.3404],[128.14283,38.34061],[128.14331,38.34125],[128.14376,38.34158],[128.14407,38.34194],[128.1444,38.34245],[128.14488,38.34294],[128.14521,38.34312],[128.1458,38.34286],[128.14715,38.34225],[128.14831,38.34202],[128.14953,38.342],[128.15059,38.3422],[128.151,38.34248],[128.1513,38.34312],[128.1515,38.3439],[128.15185,38.34425],[128.15227,38.3444],[128.1529,38.3445],[128.15357,38.34441],[128.15444,38.34417],[128.15489,38.34387],[128.15544,38.34324],[128.15595,38.34275],[128.15652,38.34266],[128.15703,38.34276],[128.15731,38.343],[128.15755,38.34375],[128.15773,38.34456],[128.15788,38.34571],[128.15815,38.34704],[128.15836,38.34773],[128.15848,38.34802],[128.15915,38.34819],[128.15988,38.34837],[128.16016,38.34851],[128.16358,38.3531],[128.16554,38.35503],[128.16841,38.35802],[128.17109,38.36094],[128.17462,38.36441],[128.1755,38.36399],[128.17743,38.36305],[128.17857,38.36248],[128.18002,38.36197],[128.18066,38.36172],[128.18153,38.36137],[128.18286,38.36076],[128.18388,38.3603],[128.18397,38.36064],[128.18424,38.361],[128.18488,38.36173],[128.18521,38.36215],[128.18545,38.36263],[128.18617,38.36372],[128.18711,38.36476],[128.18785,38.36561],[128.18979,38.36741],[128.19026,38.3678],[128.19047,38.36894],[128.19069,38.37026],[128.19082,38.3718],[128.19082,38.37298],[128.19151,38.37298],[128.19289,38.37306],[128.19432,38.37334],[128.19562,38.37379],[128.19857,38.37467],[128.2005,38.37503],[128.20277,38.37537],[128.20457,38.37548],[128.20587,38.37548],[128.20632,38.37542],[128.2069,38.37494],[128.20702,38.3747],[128.2072,38.37431],[128.20732,38.37388],[128.2075,38.3734],[128.2078,38.37295],[128.20841,38.37235],[128.20865,38.37189],[128.20901,38.37126],[128.20973,38.37032],[128.21061,38.3703],[128.21161,38.37028],[128.2121,38.37033],[128.21233,38.37063],[128.21254,38.37105],[128.21311,38.37183],[128.2135,38.37244],[128.21365,38.37304],[128.21383,38.37352],[128.21408,38.37428],[128.21414,38.37466],[128.21449,38.375],[128.21504,38.37532],[128.21578,38.37573],[128.21583,38.37654],[128.21578,38.3778],[128.21578,38.3787],[128.21578,38.37972],[128.21585,38.38132],[128.21599,38.38188],[128.21637,38.38233],[128.21763,38.38369],[128.21864,38.38481],[128.21958,38.38582],[128.21983,38.38638],[128.22028,38.38687],[128.22067,38.38736],[128.22102,38.38788],[128.22189,38.38806],[128.22279,38.3883],[128.22402,38.38858],[128.22475,38.38903],[128.22527,38.38976],[128.22538,38.39022],[128.22534,38.39074],[128.22527,38.39127],[128.22545,38.39182],[128.22593,38.39228],[128.22653,38.39238],[128.22719,38.39263],[128.22761,38.39308],[128.22778,38.39357],[128.22803,38.39409],[128.22855,38.39448],[128.22869,38.39489],[128.22887,38.39556],[128.22924,38.39646],[128.22946,38.3972],[128.22959,38.39756],[128.22961,38.39813],[128.22977,38.39838],[128.23051,38.39859],[128.23124,38.39884],[128.23176,38.3995],[128.23229,38.40023],[128.23267,38.40079],[128.23319,38.40117],[128.23382,38.40145],[128.23476,38.40152],[128.23588,38.40166],[128.23651,38.40173],[128.23755,38.40177],[128.23829,38.40201],[128.23923,38.40184],[128.23972,38.40184],[128.24028,38.40191],[128.24101,38.4018],[128.24139,38.40201],[128.24199,38.40243],[128.24239,38.4026],[128.24268,38.4028],[128.24284,38.40301],[128.24314,38.40362],[128.24328,38.40421],[128.24345,38.40476],[128.24374,38.40507],[128.24411,38.40533],[128.24474,38.40568],[128.24512,38.40584],[128.2453,38.40606],[128.24534,38.40648],[128.24506,38.40732],[128.24471,38.40812],[128.24432,38.40854],[128.2437,38.4092],[128.2431,38.40976],[128.24237,38.41032],[128.24221,38.41051],[128.2422,38.41077],[128.24247,38.41112],[128.24261,38.41154],[128.24289,38.41206],[128.24331,38.41269],[128.24374,38.41312],[128.2439,38.41342],[128.24429,38.41412],[128.24452,38.4147],[128.24464,38.41531],[128.24575,38.41569],[128.24666,38.41586],[128.24718,38.41573],[128.24746,38.41581],[128.24768,38.41601],[128.24785,38.41605],[128.24866,38.41624],[128.24927,38.41682],[128.24981,38.41714],[128.25078,38.41787],[128.25202,38.41896],[128.25299,38.42005],[128.25392,38.42104],[128.25452,38.42162],[128.25565,38.42207],[128.25677,38.42226],[128.25798,38.42265],[128.25917,38.4231],[128.26074,38.4237],[128.26263,38.42473],[128.26401,38.42579],[128.26503,38.42643],[128.2666,38.42716],[128.2675,38.42793],[128.26827,38.42915],[128.26917,38.43005],[128.27048,38.43114],[128.27125,38.4321],[128.27179,38.43325],[128.27307,38.43402],[128.27583,38.43495],[128.2781,38.43537],[128.27993,38.43588],[128.28113,38.43648],[128.28202,38.43718],[128.28243,38.43819],[128.28304,38.43924],[128.28413,38.44145],[128.28458,38.44331],[128.28509,38.44562],[128.28567,38.44728],[128.28611,38.4485],[128.28663,38.44969],[128.2865,38.45158],[128.28682,38.45273],[128.28752,38.45356],[128.28804,38.45473],[128.28888,38.45548],[128.29033,38.45669],[128.29182,38.45753],[128.29326,38.45805],[128.29412,38.45863],[128.29441,38.45978],[128.29464,38.46071],[128.2947,38.46145],[128.2946,38.4625],[128.29492,38.46366],[128.29547,38.46503],[128.29602,38.46612],[128.29662,38.4674],[128.2972,38.46881],[128.29755,38.47038],[128.29762,38.4717],[128.2979,38.47311],[128.29832,38.47461],[128.29896,38.47535],[128.29989,38.47583],[128.30092,38.47641],[128.30213,38.47708],[128.30321,38.4777],[128.30452,38.47831],[128.30531,38.47877],[128.30555,38.47933],[128.30537,38.4799],[128.30457,38.48028],[128.30361,38.4808],[128.30261,38.48118],[128.30181,38.48148],[128.30167,38.48284],[128.30143,38.48397],[128.30116,38.48531],[128.30088,38.48606],[128.30079,38.48685],[128.30085,38.48756],[128.30078,38.4883],[128.30082,38.489],[128.30167,38.48979],[128.30232,38.49059],[128.30271,38.49121],[128.30303,38.49211],[128.30317,38.49306],[128.30332,38.49384],[128.30351,38.49454],[128.3039,38.49525],[128.30422,38.49589],[128.30422,38.49662],[128.30422,38.49714],[128.30457,38.49784],[128.30476,38.49855],[128.3047,38.49919],[128.30425,38.50044],[128.30399,38.50172],[128.30409,38.5023],[128.30432,38.50284],[128.30477,38.50329],[128.30519,38.5037],[128.30585,38.50422],[128.30695,38.50523],[128.3081,38.50627],[128.3091,38.5072],[128.31045,38.50862],[128.31163,38.51001],[128.31229,38.51094],[128.31298,38.51233],[128.31326,38.51416],[128.31329,38.51562],[128.31333,38.51711],[128.31339,38.51846],[128.31364,38.51963],[128.31388,38.52078],[128.31388,38.52161],[128.3135,38.52251],[128.31308,38.5232],[128.31256,38.52382],[128.31232,38.52441],[128.31211,38.52531],[128.31249,38.52642],[128.31253,38.52694],[128.31225,38.52794],[128.31184,38.52929],[128.31159,38.53033],[128.31142,38.53148],[128.31152,38.53258],[128.31156,38.53359],[128.31142,38.53442],[128.31107,38.53653],[128.31073,38.5383],[128.31069,38.53878],[128.31076,38.53958],[128.31107,38.54045],[128.31142,38.54152],[128.31166,38.54325],[128.31184,38.54516],[128.31184,38.54716],[128.3118,38.54903],[128.31177,38.55021],[128.3118,38.55115],[128.31208,38.55201],[128.31236,38.55264],[128.31246,38.55322],[128.31239,38.55371],[128.31225,38.55471],[128.31222,38.55582],[128.31218,38.55683],[128.31229,38.56022],[128.31222,38.56178],[128.31222,38.5633],[128.31215,38.56482],[128.31215,38.56649],[128.31225,38.5676],[128.31312,38.56929],[128.31384,38.57054],[128.31443,38.57231],[128.31464,38.57397],[128.31454,38.57577],[128.31419,38.5775],[128.31353,38.57916],[128.31291,38.58024],[128.31204,38.58159],[128.31256,38.58204],[128.31343,38.58342],[128.31416,38.58436],[128.3144,38.58501],[128.31416,38.5856],[128.31315,38.58647],[128.31215,38.58727],[128.31125,38.58799],[128.31066,38.58879],[128.31031,38.58952],[128.31007,38.59073],[128.30986,38.5926],[128.30986,38.59346],[128.30948,38.59391],[128.30917,38.5943],[128.30948,38.59475],[128.30976,38.5952],[128.3136,38.59364],[128.31426,38.59353],[128.31554,38.59381],[128.31655,38.59423],[128.31803,38.59513],[128.31952,38.5963],[128.32091,38.59693],[128.32243,38.59748],[128.32371,38.5981],[128.32496,38.5988],[128.32621,38.59887],[128.32725,38.59914],[128.3279,38.59973],[128.32901,38.60036],[128.33009,38.60094],[128.33151,38.6016],[128.33227,38.60216],[128.33289,38.60281],[128.33338,38.60309],[128.33396,38.60313],[128.3348,38.60271],[128.33542,38.60236],[128.33604,38.60226],[128.33677,38.60212],[128.33743,38.60184],[128.33788,38.60202],[128.33767,38.60236],[128.33739,38.60285],[128.33739,38.6034],[128.33757,38.60427],[128.33809,38.60493],[128.3384,38.60538],[128.33871,38.606],[128.33926,38.60673],[128.33957,38.60749],[128.34002,38.60863],[128.34079,38.60922],[128.34183,38.61019],[128.34293,38.61081],[128.34415,38.6113],[128.34591,38.61171],[128.34744,38.61203],[128.34917,38.61216],[128.35114,38.6123],[128.35263,38.61241],[128.35336,38.61251],[128.35405,38.61286],[128.35585,38.61452],[128.35731,38.61618],[128.35788,38.61657],[128.35797,38.61606],[128.35811,38.61533],[128.35823,38.61502],[128.3589,38.61383],[128.3599,38.61185],[128.36071,38.61038],[128.3617,38.60852],[128.3627,38.60664],[128.36337,38.60559],[128.36554,38.60269]]]]},"properties":{"prohibited":"<FNT name='TW Cen MT' size='8'><CLR red='13' green='23' blue='110'>RK P518 <UND></UND></CLR></FNT>","prh_lbl_1":"RK P518","prh_lbl_2":"UNL","prh_lbl_3":"GND","prh_typ":"1","prh_lbl_4":"비행금지구역"},"id":"LT_C_AISPRHC.14"},{"type":"Feature","geometry":{"type":"MultiPolygon","coordinates":[[[[128.22583,36.07031],[128.22803,36.07025],[128.23022,36.07006],[128.23239,36.06974],[128.23452,36.0693],[128.23661,36.06873],[128.23864,36.06805],[128.24061,36.06725],[128.2425,36.06634],[128.24431,36.06532],[128.24603,36.0642],[128.24764,36.06298],[128.24914,36.06167],[128.25052,36.06028],[128.25177,36.05881],[128.25289,36.05727],[128.25388,36.05567],[128.25472,36.05402],[128.25542,36.05233],[128.25596,36.0506],[128.25635,36.04884],[128.25658,36.04706],[128.25666,36.04527],[128.25658,36.04349],[128.25635,36.04171],[128.25596,36.03995],[128.25541,36.03822],[128.25471,36.03653],[128.25387,36.03487],[128.25289,36.03328],[128.25176,36.03174],[128.25051,36.03027],[128.24913,36.02888],[128.24763,36.02757],[128.24602,36.02636],[128.2443,36.02523],[128.2425,36.02421],[128.2406,36.0233],[128.23864,36.0225],[128.2366,36.02182],[128.23452,36.02126],[128.23238,36.02081],[128.23022,36.0205],[128.22803,36.02031],[128.22583,36.02024],[128.22363,36.02031],[128.22145,36.0205],[128.21928,36.02081],[128.21715,36.02126],[128.21506,36.02182],[128.21303,36.0225],[128.21106,36.0233],[128.20917,36.02421],[128.20736,36.02523],[128.20565,36.02636],[128.20404,36.02757],[128.20254,36.02888],[128.20116,36.03027],[128.1999,36.03174],[128.19878,36.03328],[128.19779,36.03487],[128.19695,36.03653],[128.19626,36.03822],[128.19571,36.03995],[128.19532,36.04171],[128.19508,36.04349],[128.19501,36.04527],[128.19508,36.04706],[128.19532,36.04884],[128.19571,36.0506],[128.19625,36.05233],[128.19695,36.05402],[128.19779,36.05567],[128.19877,36.05727],[128.19989,36.05881],[128.20115,36.06028],[128.20253,36.06167],[128.20403,36.06298],[128.20564,36.0642],[128.20735,36.06532],[128.20916,36.06634],[128.21105,36.06725],[128.21302,36.06805],[128.21506,36.06873],[128.21715,36.0693],[128.21928,36.06974],[128.22144,36.07006],[128.22363,36.07025],[128.22583,36.07031]]]]},"properties":{"prohibited":"<FNT name='TW Cen MT' size='6'><CLR cyan='100' magenta='10' yellow='34' black='0'>D4006<UND>500 AGL</UND>SFC</CLR></FNT>","prh_lbl_1":"D4006","prh_lbl_2":"500 AGL","prh_lbl_3":"SFC","prh_typ":"1","prh_lbl_4":"비행금지구역"},"id":"LT_C_AISPRHC.15"},{"type":"Feature","geometry":{"type":"MultiPolygon","coordinates":[[[[129.30193,35.49139],[129.31074,35.49123],[129.32173,35.4906],[129.33266,35.48948],[129.34134,35.48824],[129.34995,35.48669],[129.36058,35.48433],[129.37103,35.48151],[129.37925,35.47892],[129.38933,35.47527],[129.3972,35.47204],[129.4049,35.46853],[129.41424,35.46377],[129.42148,35.45967],[129.43022,35.45418],[129.43858,35.44832],[129.44498,35.44337],[129.4526,35.43687],[129.45838,35.43144],[129.4652,35.42436],[129.47031,35.4185],[129.47625,35.41091],[129.48064,35.40467],[129.48565,35.39665],[129.48928,35.39008],[129.49255,35.38339],[129.49615,35.37488],[129.49917,35.36622],[129.50118,35.3592],[129.50281,35.35212],[129.50433,35.3432],[129.50526,35.33422],[129.50559,35.32522],[129.50543,35.31801],[129.5047,35.30902],[129.50368,35.30186],[129.50189,35.29298],[129.50004,35.28593],[129.4972,35.27723],[129.49452,35.27036],[129.49067,35.26193],[129.48627,35.25367],[129.48134,35.24562],[129.47701,35.23935],[129.47115,35.23173],[129.4648,35.22439],[129.45938,35.21872],[129.45219,35.21191],[129.44612,35.2067],[129.43979,35.20171],[129.43151,35.19579],[129.42286,35.19025],[129.41569,35.18609],[129.40642,35.18127],[129.39879,35.1777],[129.39098,35.17441],[129.38099,35.17069],[129.37077,35.16742],[129.36245,35.16513],[129.35189,35.16269],[129.34118,35.16071],[129.33254,35.15948],[129.32165,35.15836],[129.31071,35.15773],[129.30194,35.15758],[129.29316,35.15773],[129.28222,35.15836],[129.27134,35.15948],[129.26269,35.16071],[129.25199,35.16269],[129.24143,35.16513],[129.23311,35.16742],[129.22288,35.17069],[129.21289,35.17441],[129.20508,35.1777],[129.19745,35.18126],[129.18819,35.18609],[129.18101,35.19025],[129.17236,35.19579],[129.16409,35.2017],[129.15775,35.2067],[129.15169,35.21191],[129.1445,35.21872],[129.13907,35.22438],[129.13272,35.23173],[129.12686,35.23935],[129.12254,35.24562],[129.1176,35.25367],[129.1132,35.26192],[129.10935,35.27036],[129.10667,35.27722],[129.10384,35.28593],[129.10198,35.29297],[129.10019,35.30186],[129.09918,35.30902],[129.09844,35.31801],[129.09828,35.32521],[129.09862,35.33422],[129.09954,35.34319],[129.10106,35.35212],[129.10269,35.3592],[129.1047,35.36621],[129.10772,35.37487],[129.11132,35.38339],[129.11459,35.39008],[129.11822,35.39665],[129.12323,35.40466],[129.12762,35.41091],[129.13356,35.41849],[129.13867,35.42436],[129.14549,35.43144],[129.15127,35.43687],[129.15889,35.44337],[129.16529,35.44832],[129.17365,35.45418],[129.18239,35.45966],[129.18963,35.46377],[129.19897,35.46853],[129.20667,35.47204],[129.21454,35.47527],[129.22461,35.47892],[129.23284,35.48151],[129.24329,35.48433],[129.25392,35.48669],[129.26253,35.48824],[129.27121,35.48948],[129.28214,35.4906],[129.29312,35.49123],[129.30193,35.49139]]]]},"properties":{"prohibited":"","prh_lbl_1":"RK P61B","prh_lbl_2":"SFC","prh_lbl_3":"FL180","prh_typ":"2","prh_lbl_4":"원전 관련 임시 (금지)공역"},"id":"LT_C_AISPRHC.2"},{"type":"Feature","geometry":{"type":"MultiPolygon","coordinates":[[[[129.4761,35.75091],[129.48049,35.75072],[129.48483,35.75014],[129.48907,35.74919],[129.49315,35.74788],[129.4989,35.74525],[129.50241,35.7431],[129.50562,35.74065],[129.50849,35.73794],[129.51099,35.73499],[129.51397,35.7302],[129.51597,35.72508],[129.51673,35.72155],[129.51702,35.71798],[129.51658,35.71262],[129.5157,35.70911],[129.51436,35.7057],[129.51154,35.70085],[129.50914,35.69785],[129.50636,35.69507],[129.50323,35.69256],[129.49979,35.69033],[129.49414,35.68758],[129.49009,35.68618],[129.48589,35.68513],[129.48158,35.68447],[129.4772,35.68418],[129.47063,35.68446],[129.46631,35.68513],[129.46211,35.68618],[129.45807,35.68758],[129.45424,35.68933],[129.45066,35.6914],[129.44737,35.69378],[129.44441,35.69643],[129.44182,35.69932],[129.43962,35.70242],[129.43784,35.7057],[129.43651,35.70911],[129.43563,35.71262],[129.43518,35.71798],[129.4358,35.72332],[129.43679,35.72682],[129.43824,35.7302],[129.44122,35.73499],[129.44371,35.73794],[129.44658,35.74065],[129.44979,35.7431],[129.4533,35.74525],[129.45905,35.74788],[129.46314,35.74919],[129.46737,35.75014],[129.47171,35.75072],[129.4761,35.75091]]]]},"properties":{"prohibited":"","prh_lbl_1":"RK P62A","prh_lbl_2":"SFC","prh_lbl_3":"10000ft AMSL","prh_typ":"1","prh_lbl_4":"원전 관련 임시 (금지)공역"},"id":"LT_C_AISPRHC.3"},{"type":"Feature","geometry":{"type":"MultiPolygon","coordinates":[[[[129.47609,35.8844],[129.48716,35.88416],[129.49599,35.88361],[129.50478,35.88276],[129.51569,35.88126],[129.52648,35.87927],[129.53501,35.87735],[129.54552,35.87453],[129.55378,35.87193],[129.5619,35.86906],[129.57181,35.86506],[129.57954,35.86155],[129.58894,35.85679],[129.598,35.85162],[129.60499,35.84721],[129.61339,35.84135],[129.61982,35.8364],[129.62748,35.8299],[129.63329,35.82447],[129.64014,35.8174],[129.64527,35.81153],[129.65124,35.80395],[129.65565,35.7977],[129.65972,35.79131],[129.66433,35.78312],[129.66762,35.77643],[129.67123,35.76792],[129.67371,35.761],[129.67629,35.75225],[129.67828,35.74339],[129.67945,35.73625],[129.68038,35.72727],[129.68072,35.71827],[129.68056,35.71107],[129.67982,35.70208],[129.6788,35.69492],[129.677,35.68604],[129.67514,35.67899],[129.67229,35.67029],[129.66887,35.66173],[129.66573,35.655],[129.66131,35.64674],[129.65738,35.64029],[129.65201,35.63243],[129.64734,35.62631],[129.64105,35.61891],[129.63429,35.6118],[129.62706,35.60499],[129.62097,35.59978],[129.61297,35.59358],[129.60458,35.58774],[129.5976,35.58333],[129.58856,35.57818],[129.58108,35.57435],[129.57147,35.56994],[129.56358,35.56672],[129.5535,35.56309],[129.54319,35.55991],[129.53479,35.5577],[129.52415,35.55535],[129.51554,35.5538],[129.50467,35.55231],[129.49592,35.55146],[129.48492,35.55082],[129.47611,35.55067],[129.46729,35.55082],[129.4563,35.55145],[129.44755,35.55231],[129.43668,35.5538],[129.42806,35.55534],[129.41742,35.55769],[129.40903,35.55991],[129.39872,35.56309],[129.38863,35.56672],[129.3788,35.57078],[129.37113,35.57435],[129.36183,35.57917],[129.35285,35.5844],[129.34592,35.58887],[129.33924,35.59357],[129.33125,35.59977],[129.32367,35.60632],[129.31654,35.61319],[129.30987,35.62036],[129.30488,35.6263],[129.29909,35.63397],[129.29483,35.64028],[129.28998,35.64837],[129.28648,35.65498],[129.28261,35.66342],[129.27992,35.67028],[129.27707,35.67898],[129.27521,35.68603],[129.27372,35.69313],[129.27239,35.70207],[129.27175,35.70925],[129.27149,35.71826],[129.27182,35.72726],[129.27275,35.73624],[129.27427,35.74515],[129.27592,35.75223],[129.27849,35.76099],[129.28097,35.76791],[129.28458,35.77642],[129.28787,35.78311],[129.29151,35.78967],[129.29655,35.79769],[129.30096,35.80394],[129.30693,35.81152],[129.31339,35.81883],[129.31891,35.82446],[129.32621,35.83122],[129.33237,35.83639],[129.34045,35.84254],[129.34721,35.8472],[129.35598,35.85268],[129.36326,35.85678],[129.37265,35.86155],[129.38038,35.86505],[129.38829,35.86829],[129.39841,35.87193],[129.40667,35.87452],[129.41718,35.87735],[129.42571,35.87927],[129.4365,35.88125],[129.44741,35.88276],[129.4562,35.88361],[129.46503,35.88416],[129.47609,35.8844]]]]},"properties":{"prohibited":"","prh_lbl_1":"RK P62B","prh_lbl_2":"SFC","prh_lbl_3":"FL180","prh_typ":"2","prh_lbl_4":"원전 관련 임시 (금지)공역"},"id":"LT_C_AISPRHC.4"},{"type":"Feature","geometry":{"type":"MultiPolygon","coordinates":[[[[126.41944,35.44453],[126.42381,35.44434],[126.42814,35.44377],[126.43442,35.4422],[126.4384,35.44071],[126.44216,35.43888],[126.4473,35.43553],[126.45033,35.43295],[126.45301,35.43011],[126.4553,35.42706],[126.45717,35.42382],[126.45917,35.4187],[126.45992,35.41517],[126.46022,35.41159],[126.46004,35.40801],[126.45939,35.40447],[126.45756,35.39931],[126.45579,35.39603],[126.4536,35.39293],[126.45102,35.39003],[126.44807,35.38739],[126.4448,35.38501],[126.44123,35.38293],[126.43741,35.38119],[126.43338,35.37978],[126.42706,35.37836],[126.42272,35.37788],[126.41835,35.37778],[126.41183,35.37836],[126.40758,35.37921],[126.40347,35.38044],[126.39954,35.38202],[126.39584,35.38393],[126.39241,35.38616],[126.38929,35.38868],[126.38528,35.39293],[126.38309,35.39603],[126.38132,35.39931],[126.37949,35.40447],[126.37885,35.40801],[126.37867,35.41159],[126.37896,35.41517],[126.37972,35.4187],[126.38093,35.42214],[126.38259,35.42546],[126.38468,35.42861],[126.38717,35.43156],[126.39158,35.43553],[126.39672,35.43887],[126.40048,35.44071],[126.40446,35.4422],[126.41074,35.44377],[126.41507,35.44434],[126.41944,35.44453]]]]},"properties":{"prohibited":"","prh_lbl_1":"RK P63A","prh_lbl_2":"SFC","prh_lbl_3":"10000ft AMSL","prh_typ":"1","prh_lbl_4":"원전 관련 임시 (금지)공역"},"id":"LT_C_AISPRHC.5"},{"type":"Feature","geometry":{"type":"MultiPolygon","coordinates":[[[[126.41943,35.57806],[126.42825,35.57791],[126.43925,35.57728],[126.45019,35.57616],[126.45888,35.57492],[126.46964,35.57294],[126.47814,35.57101],[126.48861,35.56819],[126.49684,35.56559],[126.50493,35.56272],[126.51481,35.55872],[126.52251,35.55521],[126.53187,35.55045],[126.53912,35.54634],[126.54787,35.54086],[126.55459,35.5362],[126.56264,35.53005],[126.56879,35.52488],[126.57607,35.51812],[126.58289,35.51104],[126.588,35.50517],[126.5928,35.49913],[126.59835,35.49134],[126.60241,35.48494],[126.607,35.47676],[126.61028,35.47007],[126.61387,35.46155],[126.61634,35.45463],[126.61891,35.44587],[126.62055,35.43879],[126.62207,35.42987],[126.623,35.42089],[126.62333,35.41189],[126.62317,35.40468],[126.62243,35.39569],[126.62142,35.38853],[126.61963,35.37964],[126.61777,35.3726],[126.61493,35.3639],[126.61152,35.35533],[126.6084,35.34859],[126.60492,35.34197],[126.60008,35.33388],[126.59472,35.32602],[126.58886,35.3184],[126.58381,35.3125],[126.57707,35.30538],[126.57135,35.29991],[126.5638,35.29336],[126.55583,35.28716],[126.54917,35.28245],[126.54051,35.27691],[126.53333,35.27275],[126.52593,35.26886],[126.51642,35.26436],[126.50662,35.26029],[126.49859,35.25735],[126.49042,35.2547],[126.48003,35.25179],[126.46946,35.24934],[126.4609,35.24773],[126.45009,35.24613],[126.44137,35.2452],[126.43043,35.24448],[126.41945,35.24423],[126.40847,35.24448],[126.39753,35.2452],[126.38881,35.24613],[126.378,35.24772],[126.36732,35.24979],[126.35887,35.25178],[126.34848,35.25469],[126.34031,35.25734],[126.33228,35.26028],[126.32248,35.26435],[126.31296,35.26885],[126.30557,35.27275],[126.29839,35.2769],[126.28972,35.28244],[126.28144,35.28836],[126.2751,35.29335],[126.26902,35.29856],[126.26183,35.30537],[126.25509,35.31248],[126.25004,35.31839],[126.2453,35.32446],[126.23984,35.33228],[126.2349,35.34033],[126.23049,35.34858],[126.22736,35.35532],[126.22396,35.36388],[126.22112,35.37259],[126.21926,35.37963],[126.21746,35.38852],[126.21645,35.39568],[126.21582,35.40287],[126.21555,35.41187],[126.21577,35.41908],[126.21658,35.42806],[126.21798,35.437],[126.21952,35.44409],[126.22198,35.45288],[126.225,35.46154],[126.2286,35.47005],[126.23188,35.47674],[126.23551,35.48331],[126.24053,35.49133],[126.24607,35.49912],[126.25087,35.50516],[126.25598,35.51103],[126.26281,35.5181],[126.27009,35.52487],[126.27623,35.53004],[126.28428,35.53619],[126.291,35.54085],[126.29975,35.54634],[126.307,35.55044],[126.31635,35.5552],[126.32406,35.55871],[126.33394,35.56271],[126.34202,35.56559],[126.35025,35.56818],[126.36072,35.57101],[126.36922,35.57293],[126.37998,35.57492],[126.38867,35.57616],[126.39961,35.57728],[126.41061,35.57791],[126.41943,35.57806]]]]},"properties":{"prohibited":"","prh_lbl_1":"RK P63B","prh_lbl_2":"SFC","prh_lbl_3":"FL180","prh_typ":"2","prh_lbl_4":"원전 관련 임시 (금지)공역"},"id":"LT_C_AISPRHC.6"},{"type":"Feature","geometry":{"type":"MultiPolygon","coordinates":[[[[129.38333,37.13338],[129.3878,37.13318],[129.39222,37.13261],[129.39864,37.13104],[129.40466,37.12868],[129.40837,37.12668],[129.4118,37.12438],[129.4149,37.12179],[129.41763,37.11895],[129.41997,37.1159],[129.42189,37.11266],[129.42392,37.10754],[129.4247,37.10402],[129.425,37.10044],[129.42482,37.09686],[129.42416,37.09332],[129.42302,37.08985],[129.42144,37.0865],[129.41824,37.08178],[129.4156,37.07889],[129.41259,37.07624],[129.40924,37.07386],[129.40559,37.07179],[129.39966,37.06929],[129.39546,37.06807],[129.39112,37.06721],[129.38668,37.06673],[129.38221,37.06664],[129.37776,37.06692],[129.37337,37.06759],[129.36909,37.06864],[129.36497,37.07004],[129.36107,37.07179],[129.35743,37.07386],[129.35253,37.07753],[129.34843,37.08178],[129.34619,37.08488],[129.34438,37.08816],[129.34302,37.09157],[129.34212,37.09508],[129.34167,37.10044],[129.34197,37.10402],[129.34274,37.10754],[129.34399,37.11099],[129.34568,37.1143],[129.34781,37.11745],[129.35035,37.1204],[129.35487,37.12438],[129.35829,37.12668],[129.36201,37.12868],[129.36803,37.13104],[129.37445,37.13261],[129.37886,37.13318],[129.38333,37.13338]]]]},"properties":{"prohibited":"","prh_lbl_1":"RK P64A","prh_lbl_2":"SFC","prh_lbl_3":"8000 ft AMSL","prh_typ":"1","prh_lbl_4":"원전 관련 임시 (금지)공역"},"id":"LT_C_AISPRHC.7"},{"type":"Feature","geometry":{"type":"MultiPolygon","coordinates":[[[[129.38333,37.26688],[129.39235,37.26672],[129.40359,37.26609],[129.41254,37.26523],[129.42365,37.26373],[129.43464,37.26175],[129.44333,37.25982],[129.45403,37.25699],[129.46244,37.2544],[129.47274,37.25076],[129.4808,37.24753],[129.48867,37.24402],[129.49823,37.23926],[129.50564,37.23515],[129.51458,37.22967],[129.52313,37.22381],[129.52968,37.21886],[129.53595,37.21369],[129.54339,37.20693],[129.55036,37.19985],[129.55559,37.19399],[129.56167,37.1864],[129.56616,37.18016],[129.5703,37.17376],[129.57499,37.16557],[129.57912,37.1572],[129.58202,37.15037],[129.58511,37.14171],[129.58762,37.13293],[129.58919,37.12584],[129.59062,37.1169],[129.59144,37.10792],[129.59167,37.10072],[129.5915,37.09351],[129.59075,37.08453],[129.58939,37.07559],[129.58788,37.06848],[129.58545,37.05969],[129.58308,37.05274],[129.58034,37.04587],[129.5764,37.03744],[129.57284,37.03082],[129.5679,37.02273],[129.56356,37.01642],[129.55767,37.00876],[129.55127,37.00136],[129.54579,36.99564],[129.53853,36.98877],[129.53082,36.98223],[129.52268,36.97602],[129.51587,36.97132],[129.50882,36.96686],[129.49968,36.96163],[129.49021,36.9568],[129.48042,36.95239],[129.47239,36.94917],[129.46212,36.94554],[129.45162,36.94236],[129.44308,36.94014],[129.43443,36.93823],[129.42348,36.93625],[129.41463,36.93502],[129.4035,36.93391],[129.39231,36.93327],[129.38333,36.93312],[129.37436,36.93328],[129.36317,36.93391],[129.35203,36.93502],[129.34319,36.93625],[129.33224,36.93823],[129.32359,36.94014],[129.31293,36.94296],[129.30247,36.94623],[129.29225,36.94995],[129.28426,36.95324],[129.27454,36.95773],[129.26698,36.96163],[129.25784,36.96686],[129.25079,36.97132],[129.24399,36.97602],[129.23585,36.98223],[129.22814,36.98877],[129.22087,36.99564],[129.2154,37.00136],[129.209,37.00876],[129.20311,37.01642],[129.19877,37.02273],[129.19383,37.03082],[129.19027,37.03744],[129.18633,37.04588],[129.18359,37.05274],[129.18122,37.05969],[129.17879,37.06848],[129.17695,37.07737],[129.17592,37.08453],[129.17516,37.09351],[129.175,37.10072],[129.17534,37.10972],[129.17628,37.1187],[129.17783,37.12762],[129.1795,37.1347],[129.18156,37.14171],[129.18465,37.15037],[129.18832,37.15889],[129.19167,37.16557],[129.19538,37.17214],[129.20051,37.18016],[129.205,37.1864],[129.21108,37.19399],[129.21766,37.20129],[129.22327,37.20693],[129.22919,37.21236],[129.23699,37.21886],[129.24353,37.22381],[129.25209,37.22967],[129.25921,37.23409],[129.26843,37.23926],[129.27799,37.24402],[129.28587,37.24753],[129.29392,37.25076],[129.30423,37.2544],[129.31264,37.257],[129.32334,37.25982],[129.33202,37.26175],[129.34302,37.26373],[129.35413,37.26523],[129.36308,37.26609],[129.37432,37.26672],[129.38333,37.26688]]]]},"properties":{"prohibited":"","prh_lbl_1":"RK P64B","prh_lbl_2":"SFC","prh_lbl_3":"FL180","prh_typ":"2","prh_lbl_4":"원전 관련 임시 (금지)공역"},"id":"LT_C_AISPRHC.8"},{"type":"Feature","geometry":{"type":"MultiPolygon","coordinates":[[[[127.36972,36.44336],[127.37409,36.44298],[127.37826,36.44186],[127.38204,36.44006],[127.38373,36.43893],[127.38527,36.43766],[127.38779,36.43475],[127.3895,36.43148],[127.39031,36.428],[127.39019,36.42445],[127.38915,36.421],[127.38723,36.41781],[127.38452,36.41502],[127.38114,36.41276],[127.37724,36.41112],[127.37301,36.41019],[127.37082,36.41],[127.36644,36.41019],[127.3622,36.41112],[127.3602,36.41186],[127.35654,36.41382],[127.35348,36.41636],[127.35115,36.41937],[127.34966,36.4227],[127.34908,36.42622],[127.34943,36.42976],[127.35069,36.43315],[127.35282,36.43626],[127.35571,36.43893],[127.3574,36.44006],[127.36119,36.44186],[127.36536,36.44298],[127.36972,36.44336]]]]},"properties":{"prohibited":"","prh_lbl_1":"RK P65A","prh_lbl_2":"SFC","prh_lbl_3":"8000 ft AMSL","prh_typ":"1","prh_lbl_4":"원전 관련 임시 (금지)공역"},"id":"LT_C_AISPRHC.9"}]}