{"type":"FeatureCollection","features":[{"type":"Feature","geometry":{"type":"MultiPolygon","coordinates":[[[[129.52019,35.99935],[129.52118,35.98773],[129.52016,35.97612],[129.51717,35.96473],[129.51226,35.9538],[129.50552,35.94352],[129.4971,35.93411],[129.48715,35.92574],[129.47586,35.91858],[129.46346,35.91276],[129.45019,35.9084],[129.4363,35.90559],[129.42207,35.90437],[129.40777,35.90478],[129.39367,35.9068],[129.38006,35.91039],[129.36719,35.91549],[129.35532,35.922],[129.34468,35.92978],[129.33547,35.9387],[129.32787,35.94856],[129.32203,35.9592],[129.31807,35.97039],[129.31606,35.98191],[129.31605,35.99356],[129.31803,36.00509],[129.32196,36.01628],[129.32778,36.02692],[129.33536,36.0368],[129.34457,36.04573],[129.35522,36.05352],[129.3671,36.06004],[129.37998,36.06515],[129.39362,36.06875],[129.40774,36.07078],[129.42208,36.07118],[129.43634,36.06996],[129.45025,36.06714],[129.46355,36.06278],[129.47596,36.05695],[129.48725,36.04978],[129.49721,36.0414],[129.50562,36.03197],[129.51234,36.02169],[129.51723,36.01074],[129.52019,35.99935]]]]},"properties":{"ctr_lbl_1":"POHANG TCA AREA A"},"id":"LT_C_AISCTRC.1"},{"type":"Feature","geometry":{"type":"MultiPolygon","coordinates":[[[[127.21769,37.4574],[127.21869,37.44579],[127.21765,37.43418],[127.2146,37.42279],[127.2096,37.41186],[127.20274,37.40159],[127.19415,37.39218],[127.18401,37.38381],[127.17251,37.37665],[127.15987,37.37083],[127.14635,37.36648],[127.13219,37.36367],[127.11769,37.36245],[127.10312,37.36286],[127.08875,37.36487],[127.07488,37.36847],[127.06177,37.37357],[127.04967,37.38007],[127.03883,37.38785],[127.02944,37.39676],[127.02169,37.40663],[127.01575,37.41726],[127.01171,37.42844],[127.00966,37.43997],[127.00964,37.45161],[127.01166,37.46314],[127.01567,37.47433],[127.0216,37.48497],[127.02933,37.49484],[127.03871,37.50377],[127.04956,37.51156],[127.06167,37.51808],[127.0748,37.52319],[127.0887,37.52679],[127.10309,37.52881],[127.1177,37.52922],[127.13223,37.528],[127.14641,37.52518],[127.15996,37.52081],[127.17261,37.51499],[127.18412,37.50782],[127.19426,37.49944],[127.20284,37.49001],[127.20968,37.47973],[127.21467,37.46879],[127.21769,37.4574]]]]},"properties":{"ctr_lbl_1":"SEOUL CTLZ"},"id":"LT_C_AISCTRC.10"},{"type":"Feature","geometry":{"type":"MultiPolygon","coordinates":[[[[128.77355,38.0729],[128.77456,38.06129],[128.77352,38.04968],[128.77044,38.0383],[128.7654,38.02737],[128.75848,38.0171],[128.74982,38.00769],[128.73959,37.99932],[128.728,37.99216],[128.71525,37.98635],[128.70162,37.98199],[128.68735,37.97918],[128.67272,37.97797],[128.65803,37.97837],[128.64355,37.98039],[128.62956,37.98398],[128.61634,37.98908],[128.60414,37.99558],[128.5932,38.00336],[128.58374,38.01227],[128.57593,38.02214],[128.56993,38.03277],[128.56586,38.04395],[128.5638,38.05547],[128.56378,38.06711],[128.56581,38.07864],[128.56986,38.08983],[128.57583,38.10047],[128.58363,38.11035],[128.59308,38.11927],[128.60403,38.12706],[128.61624,38.13358],[128.62948,38.13868],[128.64349,38.14228],[128.658,38.14431],[128.67273,38.14471],[128.68739,38.1435],[128.70169,38.14068],[128.71535,38.13631],[128.72811,38.13049],[128.73971,38.12332],[128.74994,38.11494],[128.75858,38.10552],[128.76549,38.09523],[128.77051,38.08429],[128.77355,38.0729]]]]},"properties":{"ctr_lbl_1":"YANGYANG CTLZ"},"id":"LT_C_AISCTRC.11"},{"type":"Feature","geometry":{"type":"MultiPolygon","coordinates":[[[[127.1103,37.25093],[127.1113,37.23931],[127.11027,37.2277],[127.10722,37.21632],[127.10223,37.20538],[127.09539,37.19511],[127.08683,37.1857],[127.07671,37.17733],[127.06524,37.17017],[127.05264,37.16436],[127.03915,37.16],[127.02504,37.15719],[127.01058,37.15597],[126.99604,37.15638],[126.98172,37.1584],[126.96788,37.16199],[126.95481,37.16709],[126.94274,37.17359],[126.93192,37.18137],[126.92256,37.19029],[126.91484,37.20015],[126.90891,37.21078],[126.90488,37.22197],[126.90284,37.23349],[126.90282,37.24513],[126.90484,37.25666],[126.90883,37.26786],[126.91475,37.27849],[126.92245,37.28837],[126.93181,37.29729],[126.94263,37.30509],[126.95471,37.31161],[126.9678,37.31671],[126.98166,37.32031],[126.99602,37.32234],[127.01058,37.32274],[127.02508,37.32153],[127.03922,37.31871],[127.05273,37.31434],[127.06535,37.30852],[127.07683,37.30134],[127.08694,37.29296],[127.09549,37.28354],[127.10232,37.27326],[127.10728,37.26231],[127.1103,37.25093]]]]},"properties":{"ctr_lbl_1":"SUWON CTLZ"},"id":"LT_C_AISCTRC.12"},{"type":"Feature","geometry":{"type":"MultiPolygon","coordinates":[[[[128.0642,37.44992],[128.0652,37.43831],[128.06417,37.4267],[128.06112,37.41532],[128.05611,37.40438],[128.04925,37.39411],[128.04066,37.3847],[128.03052,37.37633],[128.01902,37.36917],[128.00639,37.36336],[127.99287,37.359],[127.97872,37.35619],[127.96421,37.35497],[127.94964,37.35538],[127.93528,37.3574],[127.92141,37.36099],[127.9083,37.36609],[127.8962,37.37259],[127.88535,37.38037],[127.87597,37.38928],[127.86823,37.39915],[127.86228,37.40978],[127.85824,37.42097],[127.85619,37.43249],[127.85618,37.44413],[127.85819,37.45566],[127.8622,37.46685],[127.86813,37.47749],[127.87586,37.48737],[127.88524,37.49629],[127.89609,37.50409],[127.9082,37.5106],[127.92133,37.51571],[127.93522,37.51931],[127.94962,37.52133],[127.96422,37.52174],[127.97876,37.52052],[127.99293,37.5177],[128.00648,37.51334],[128.01913,37.50751],[128.03064,37.50034],[128.04078,37.49196],[128.04935,37.48254],[128.0562,37.47225],[128.06118,37.46131],[128.0642,37.44992]]]]},"properties":{"ctr_lbl_1":"WONJU TCA AREA A"},"id":"LT_C_AISCTRC.13"},{"type":"Feature","geometry":{"type":"MultiPolygon","coordinates":[[[[127.57541,37.21235],[127.57641,37.20074],[127.57538,37.18913],[127.57234,37.17775],[127.56735,37.16681],[127.56051,37.15654],[127.55195,37.14713],[127.54184,37.13876],[127.53038,37.1316],[127.51779,37.12578],[127.50431,37.12143],[127.4902,37.11861],[127.47574,37.1174],[127.46122,37.1178],[127.4469,37.11982],[127.43307,37.12342],[127.42,37.12852],[127.40795,37.13502],[127.39713,37.1428],[127.38778,37.15171],[127.38006,37.16158],[127.37413,37.17221],[127.3701,37.18339],[127.36806,37.19492],[127.36805,37.20656],[127.37006,37.21809],[127.37405,37.22928],[127.37996,37.23992],[127.38767,37.2498],[127.39702,37.25872],[127.40783,37.26652],[127.4199,37.27303],[127.43299,37.27814],[127.44685,37.28174],[127.46119,37.28377],[127.47575,37.28417],[127.49024,37.28295],[127.50437,37.28014],[127.51788,37.27577],[127.53049,37.26994],[127.54196,37.26277],[127.55207,37.25439],[127.56062,37.24497],[127.56744,37.23469],[127.5724,37.22374],[127.57541,37.21235]]]]},"properties":{"ctr_lbl_1":"ICHEON CTLZ"},"id":"LT_C_AISCTRC.14"},{"type":"Feature","geometry":{"type":"MultiPolygon","coordinates":[[[[126.81154,33.40987],[126.8125,33.39825],[126.81152,33.38663],[126.80862,33.37524],[126.80386,33.3643],[126.79733,33.35402],[126.78916,33.3446],[126.77952,33.33623],[126.76858,33.32906],[126.75656,33.32324],[126.74369,33.31888],[126.73023,33.31607],[126.71643,33.31485],[126.70257,33.31526],[126.6889,33.31728],[126.67571,33.32088],[126.66323,33.32598],[126.65173,33.33249],[126.64141,33.34027],[126.63248,33.34919],[126.62511,33.35907],[126.61946,33.3697],[126.61562,33.3809],[126.61367,33.39243],[126.61366,33.40408],[126.61558,33.41561],[126.6194,33.42681],[126.62503,33.43746],[126.63239,33.44734],[126.64131,33.45627],[126.65163,33.46407],[126.66315,33.47059],[126.67564,33.4757],[126.68886,33.4793],[126.70255,33.48132],[126.71644,33.48173],[126.73026,33.48051],[126.74375,33.47769],[126.75663,33.47333],[126.76866,33.4675],[126.77961,33.46032],[126.78926,33.45194],[126.79742,33.44251],[126.80393,33.43222],[126.80867,33.42127],[126.81154,33.40987]]]]},"properties":{"ctr_lbl_1":"JEONGSEOK CTLZ"},"id":"LT_C_AISCTRC.15"},{"type":"Feature","geometry":{"type":"MultiPolygon","coordinates":[[[[129.04895,37.76541],[129.04996,37.75379],[129.04892,37.74218],[129.04586,37.7308],[129.04083,37.71987],[129.03394,37.7096],[129.02532,37.70019],[129.01513,37.69182],[129.00359,37.68466],[128.9909,37.67885],[128.97732,37.67449],[128.96311,37.67168],[128.94854,37.67046],[128.93391,37.67087],[128.91949,37.67289],[128.90556,37.67648],[128.89239,37.68158],[128.88025,37.68808],[128.86935,37.69586],[128.85993,37.70477],[128.85215,37.71464],[128.84618,37.72527],[128.84212,37.73645],[128.84007,37.74797],[128.84005,37.75961],[128.84208,37.77114],[128.8461,37.78233],[128.85205,37.79297],[128.85982,37.80285],[128.86924,37.81177],[128.88013,37.81957],[128.89229,37.82608],[128.90548,37.83119],[128.91943,37.83479],[128.93389,37.83681],[128.94855,37.83722],[128.96315,37.836],[128.97739,37.83318],[128.99099,37.82882],[129.0037,37.82299],[129.01525,37.81582],[129.02543,37.80744],[129.03405,37.79802],[129.04092,37.78774],[129.04592,37.77679],[129.04895,37.76541]]]]},"properties":{"ctr_lbl_1":"GANGNEUNG TCA AREA A"},"id":"LT_C_AISCTRC.16"},{"type":"Feature","geometry":{"type":"MultiPolygon","coordinates":[[[[126.38606,34.90796],[126.38168,34.90792],[126.37731,34.90804],[126.37295,34.90831],[126.3686,34.90874],[126.36429,34.90932],[126.36,34.91005],[126.35576,34.91094],[126.35157,34.91197],[126.34696,34.91331],[126.34539,34.9138],[126.34337,34.91448],[126.34136,34.9152],[126.33937,34.91596],[126.33741,34.91674],[126.33546,34.91757],[126.33354,34.91843],[126.33164,34.91932],[126.32976,34.92024],[126.32791,34.9212],[126.32608,34.92219],[126.32428,34.92322],[126.3225,34.92427],[126.32076,34.92536],[126.31904,34.92648],[126.31735,34.92762],[126.3157,34.9288],[126.31407,34.93001],[126.31248,34.93124],[126.31092,34.93251],[126.30939,34.9338],[126.3079,34.93511],[126.30644,34.93646],[126.30501,34.93783],[126.30363,34.93922],[126.30228,34.94064],[126.30096,34.94208],[126.29969,34.94355],[126.29845,34.94503],[126.29726,34.94654],[126.2961,34.94807],[126.29498,34.94962],[126.29391,34.95119],[126.29287,34.95278],[126.29188,34.95439],[126.29093,34.95601],[126.29003,34.95765],[126.28916,34.95931],[126.28834,34.96098],[126.28756,34.96266],[126.28683,34.96436],[126.28614,34.96607],[126.2855,34.96779],[126.2849,34.96953],[126.28435,34.97127],[126.28385,34.97303],[126.28339,34.97479],[126.28297,34.97656],[126.28261,34.97833],[126.28229,34.98012],[126.28201,34.98191],[126.28179,34.9837],[126.28161,34.98549],[126.28148,34.98729],[126.28139,34.98909],[126.28135,34.9909],[126.28136,34.9927],[126.28142,34.9945],[126.28152,34.9963],[126.28168,34.9981],[126.28187,34.99989],[126.28212,35.00168],[126.28241,35.00347],[126.28275,35.00525],[126.28314,35.00702],[126.28357,35.00879],[126.28405,35.01055],[126.28457,35.0123],[126.28514,35.01404],[126.28576,35.01577],[126.28642,35.01749],[126.28713,35.01919],[126.28788,35.02089],[126.28867,35.02256],[126.28951,35.02423],[126.2904,35.02588],[126.29132,35.02751],[126.29229,35.02913],[126.2933,35.03073],[126.29435,35.03231],[126.29545,35.03387],[126.29658,35.03541],[126.29776,35.03693],[126.29897,35.03843],[126.30023,35.03991],[126.30152,35.04137],[126.30285,35.0428],[126.30422,35.04421],[126.30562,35.04559],[126.30706,35.04695],[126.30854,35.04828],[126.31005,35.04959],[126.31159,35.05086],[126.31317,35.05212],[126.31478,35.05334],[126.31642,35.05453],[126.31809,35.0557],[126.3198,35.05683],[126.32153,35.05793],[126.32329,35.05901],[126.32508,35.06005],[126.32689,35.06106],[126.32874,35.06203],[126.3306,35.06298],[126.3325,35.06389],[126.33441,35.06476],[126.33635,35.06561],[126.33831,35.06641],[126.34029,35.06719],[126.34229,35.06792],[126.34431,35.06863],[126.34585,35.06913],[126.3484,35.06992],[126.35255,35.07107],[126.35889,35.07251],[126.36533,35.07361],[126.37184,35.07437],[126.37839,35.07478],[126.38497,35.07484],[126.39154,35.07455],[126.39806,35.0739],[126.40453,35.07292],[126.4109,35.07159],[126.41509,35.07051],[126.41899,35.06936],[126.42125,35.06863],[126.42327,35.06792],[126.42527,35.06719],[126.42725,35.06641],[126.42921,35.06561],[126.43115,35.06476],[126.43306,35.06389],[126.43495,35.06298],[126.43682,35.06203],[126.43866,35.06106],[126.44048,35.06005],[126.44227,35.05901],[126.44403,35.05793],[126.44576,35.05683],[126.44746,35.0557],[126.44914,35.05453],[126.45078,35.05334],[126.45239,35.05212],[126.45397,35.05086],[126.45551,35.04959],[126.45702,35.04828],[126.4585,35.04695],[126.45994,35.04559],[126.46134,35.04421],[126.46271,35.0428],[126.46404,35.04137],[126.46533,35.03991],[126.46658,35.03843],[126.4678,35.03693],[126.46897,35.03541],[126.47011,35.03387],[126.4712,35.03231],[126.47225,35.03073],[126.47327,35.02913],[126.47423,35.02751],[126.47516,35.02588],[126.47604,35.02423],[126.47688,35.02256],[126.47768,35.02089],[126.47843,35.01919],[126.47913,35.01749],[126.4798,35.01577],[126.48041,35.01404],[126.48098,35.0123],[126.48151,35.01055],[126.48199,35.00879],[126.48242,35.00702],[126.4828,35.00525],[126.48314,35.00347],[126.48344,35.00168],[126.48368,34.99989],[126.48388,34.9981],[126.48403,34.9963],[126.48414,34.9945],[126.48419,34.9927],[126.4842,34.9909],[126.48416,34.98909],[126.48408,34.98729],[126.48395,34.98549],[126.48377,34.9837],[126.48354,34.98191],[126.48327,34.98012],[126.48295,34.97833],[126.48258,34.97656],[126.48217,34.97479],[126.48171,34.97303],[126.4812,34.97127],[126.48065,34.96953],[126.48005,34.96779],[126.47941,34.96607],[126.47872,34.96436],[126.47799,34.96266],[126.47722,34.96098],[126.47639,34.95931],[126.47553,34.95765],[126.47462,34.95601],[126.47367,34.95439],[126.47268,34.95278],[126.47165,34.95119],[126.47057,34.94962],[126.46945,34.94807],[126.4683,34.94654],[126.4671,34.94503],[126.46587,34.94355],[126.46459,34.94208],[126.46328,34.94064],[126.46193,34.93922],[126.46054,34.93783],[126.45912,34.93646],[126.45766,34.93511],[126.45617,34.9338],[126.45464,34.93251],[126.45308,34.93124],[126.45148,34.93001],[126.44986,34.9288],[126.4482,34.92762],[126.44651,34.92648],[126.4448,34.92536],[126.44305,34.92427],[126.44128,34.92322],[126.43948,34.92219],[126.43765,34.9212],[126.4358,34.92024],[126.43392,34.91932],[126.43202,34.91843],[126.43009,34.91757],[126.42815,34.91674],[126.42618,34.91596],[126.42419,34.9152],[126.42219,34.91448],[126.41982,34.9137],[126.41812,34.91316],[126.41606,34.91255],[126.41399,34.91197],[126.4119,34.91144],[126.40768,34.91048],[126.40342,34.90967],[126.39911,34.90901],[126.39478,34.90851],[126.39043,34.90816],[126.38606,34.90796]]]]},"properties":{"ctr_lbl_1":"MUAN CTLZ"},"id":"LT_C_AISCTRC.17"},{"type":"Feature","geometry":{"type":"MultiPolygon","coordinates":[[[[126.48118,34.77042],[126.48215,34.7588],[126.48115,34.74719],[126.47821,34.7358],[126.47337,34.72486],[126.46674,34.71458],[126.45844,34.70517],[126.44864,34.6968],[126.43752,34.68963],[126.42531,34.68381],[126.41223,34.67946],[126.39855,34.67664],[126.38454,34.67542],[126.37045,34.67583],[126.35656,34.67785],[126.34316,34.68145],[126.33048,34.68655],[126.31879,34.69305],[126.3083,34.70084],[126.29923,34.70975],[126.29175,34.71963],[126.286,34.73026],[126.2821,34.74145],[126.28012,34.75298],[126.28011,34.76463],[126.28206,34.77616],[126.28593,34.78736],[126.29166,34.798],[126.29914,34.80788],[126.3082,34.81681],[126.31869,34.82461],[126.33039,34.83112],[126.34309,34.83623],[126.35652,34.83984],[126.37043,34.84186],[126.38454,34.84227],[126.39859,34.84105],[126.41229,34.83823],[126.42539,34.83386],[126.43761,34.82803],[126.44874,34.82086],[126.45854,34.81248],[126.46683,34.80305],[126.47344,34.79276],[126.47826,34.78182],[126.48118,34.77042]]]]},"properties":{"ctr_lbl_1":"MOKPO CTLZ"},"id":"LT_C_AISCTRC.18"},{"type":"Feature","geometry":{"type":"MultiPolygon","coordinates":[[[[129.46055,36.69351],[129.45831,36.69355],[129.45608,36.69363],[129.45384,36.69374],[129.45161,36.6939],[129.44939,36.69409],[129.44717,36.69432],[129.44496,36.69459],[129.44276,36.6949],[129.44056,36.69525],[129.43837,36.69564],[129.4362,36.69606],[129.43404,36.69652],[129.43189,36.69702],[129.42975,36.69756],[129.42763,36.69813],[129.42552,36.69874],[129.42344,36.69938],[129.42137,36.70007],[129.41931,36.70078],[129.41728,36.70154],[129.41527,36.70233],[129.41328,36.70315],[129.41131,36.70401],[129.40937,36.7049],[129.40745,36.70582],[129.40555,36.70678],[129.40368,36.70777],[129.40184,36.7088],[129.40003,36.70985],[129.39824,36.71094],[129.39649,36.71205],[129.39476,36.7132],[129.39307,36.71438],[129.3914,36.71558],[129.38977,36.71682],[129.38818,36.71808],[129.38661,36.71937],[129.38509,36.72069],[129.3836,36.72203],[129.38214,36.7234],[129.38072,36.72479],[129.37934,36.72621],[129.378,36.72765],[129.3767,36.72912],[129.37543,36.73061],[129.37421,36.73211],[129.37302,36.73364],[129.37188,36.73519],[129.37078,36.73676],[129.36972,36.73835],[129.36871,36.73996],[129.36774,36.74158],[129.36681,36.74322],[129.36593,36.74487],[129.36509,36.74654],[129.36429,36.74823],[129.36354,36.74993],[129.36284,36.75164],[129.36218,36.75336],[129.36157,36.75509],[129.36101,36.75684],[129.36049,36.75859],[129.36002,36.76035],[129.3596,36.76212],[129.35922,36.7639],[129.3589,36.76568],[129.35862,36.76747],[129.35838,36.76926],[129.3582,36.77105],[129.35806,36.77285],[129.35798,36.77465],[129.35794,36.77645],[129.35795,36.77825],[129.35801,36.78006],[129.35811,36.78186],[129.35827,36.78365],[129.35847,36.78545],[129.35872,36.78724],[129.35902,36.78902],[129.35937,36.7908],[129.35976,36.79258],[129.3602,36.79434],[129.36069,36.7961],[129.36123,36.79785],[129.36181,36.79959],[129.36244,36.80132],[129.36312,36.80304],[129.36384,36.80474],[129.36461,36.80643],[129.36542,36.80811],[129.36628,36.80978],[129.36718,36.81143],[129.36813,36.81306],[129.36912,36.81467],[129.37016,36.81627],[129.37123,36.81785],[129.37235,36.81941],[129.37351,36.82096],[129.37471,36.82248],[129.37595,36.82398],[129.37724,36.82545],[129.37856,36.82691],[129.37992,36.82834],[129.38132,36.82975],[129.38275,36.83113],[129.38423,36.83249],[129.38573,36.83382],[129.38728,36.83513],[129.38886,36.8364],[129.39047,36.83766],[129.39212,36.83888],[129.3938,36.84007],[129.39551,36.84124],[129.39725,36.84237],[129.39902,36.84347],[129.40082,36.84455],[129.40265,36.84559],[129.40451,36.8466],[129.40639,36.84757],[129.4083,36.84851],[129.41024,36.84943],[129.4122,36.8503],[129.41418,36.85114],[129.41618,36.85195],[129.41821,36.85272],[129.42025,36.85346],[129.42232,36.85416],[129.4244,36.85483],[129.4265,36.85546],[129.42862,36.85605],[129.43075,36.8566],[129.4329,36.85712],[129.43506,36.8576],[129.43723,36.85805],[129.43942,36.85845],[129.44161,36.85882],[129.44382,36.85915],[129.44603,36.85944],[129.44825,36.85969],[129.45048,36.8599],[129.45271,36.86008],[129.45494,36.86022],[129.45718,36.86031],[129.45942,36.86037],[129.46167,36.86039],[129.46391,36.86037],[129.46615,36.86031],[129.46839,36.86022],[129.47062,36.86008],[129.47285,36.8599],[129.47508,36.85969],[129.4773,36.85944],[129.47951,36.85915],[129.48172,36.85882],[129.48391,36.85845],[129.4861,36.85805],[129.48827,36.8576],[129.49043,36.85712],[129.49258,36.8566],[129.49471,36.85605],[129.49683,36.85546],[129.49893,36.85483],[129.50101,36.85416],[129.50308,36.85346],[129.50512,36.85272],[129.50715,36.85195],[129.50915,36.85114],[129.51113,36.8503],[129.51309,36.84943],[129.51503,36.84851],[129.51694,36.84757],[129.51882,36.8466],[129.52068,36.84559],[129.52251,36.84455],[129.52431,36.84347],[129.52608,36.84237],[129.52782,36.84124],[129.52953,36.84007],[129.53121,36.83888],[129.53286,36.83766],[129.53447,36.8364],[129.53605,36.83513],[129.5376,36.83382],[129.53911,36.83249],[129.54058,36.83113],[129.54202,36.82975],[129.54341,36.82834],[129.54477,36.82691],[129.5461,36.82545],[129.54738,36.82398],[129.54862,36.82248],[129.54982,36.82096],[129.55098,36.81941],[129.5521,36.81785],[129.55318,36.81627],[129.55421,36.81467],[129.5552,36.81306],[129.55615,36.81143],[129.55705,36.80978],[129.55791,36.80811],[129.55872,36.80643],[129.55949,36.80474],[129.56021,36.80304],[129.56089,36.80132],[129.56152,36.79959],[129.5621,36.79785],[129.56264,36.7961],[129.56313,36.79434],[129.56357,36.79258],[129.56396,36.7908],[129.56431,36.78902],[129.56461,36.78724],[129.56486,36.78545],[129.56506,36.78365],[129.56522,36.78186],[129.56533,36.78006],[129.56538,36.77825],[129.56539,36.77645],[129.56535,36.77465],[129.56527,36.77285],[129.56513,36.77105],[129.56495,36.76926],[129.56472,36.76747],[129.56444,36.76568],[129.56411,36.7639],[129.56373,36.76212],[129.56331,36.76035],[129.56284,36.75859],[129.56232,36.75684],[129.56176,36.75509],[129.56115,36.75336],[129.56049,36.75164],[129.55979,36.74993],[129.55904,36.74823],[129.55825,36.74654],[129.55741,36.74487],[129.55652,36.74322],[129.55559,36.74158],[129.55462,36.73996],[129.55361,36.73835],[129.55255,36.73676],[129.55145,36.73519],[129.55031,36.73364],[129.54912,36.73211],[129.5479,36.73061],[129.54664,36.72912],[129.54533,36.72765],[129.54399,36.72621],[129.54261,36.72479],[129.54119,36.7234],[129.53974,36.72203],[129.53824,36.72069],[129.53672,36.71937],[129.53516,36.71808],[129.53356,36.71682],[129.53193,36.71558],[129.53027,36.71438],[129.52857,36.7132],[129.52685,36.71205],[129.52509,36.71094],[129.52331,36.70985],[129.52149,36.7088],[129.51965,36.70777],[129.51778,36.70678],[129.51589,36.70582],[129.51397,36.7049],[129.51202,36.70401],[129.51005,36.70315],[129.50806,36.70233],[129.50605,36.70154],[129.50402,36.70078],[129.50197,36.70007],[129.4999,36.69938],[129.49781,36.69874],[129.4957,36.69813],[129.49358,36.69756],[129.49144,36.69702],[129.48929,36.69652],[129.48713,36.69606],[129.48496,36.69564],[129.48277,36.69525],[129.48058,36.6949],[129.47837,36.69459],[129.47616,36.69432],[129.47394,36.69409],[129.47172,36.6939],[129.46949,36.69374],[129.46726,36.69363],[129.46502,36.69355],[129.46278,36.69351],[129.46055,36.69351]]]]},"properties":{"ctr_lbl_1":"ULJIN CTLZ"},"id":"LT_C_AISCTRC.19"},{"type":"Feature","geometry":{"type":"MultiPolygon","coordinates":[[[[126.90885,35.13792],[126.90982,35.1263],[126.90882,35.11469],[126.90586,35.1033],[126.901,35.09236],[126.89434,35.08208],[126.886,35.07267],[126.87616,35.0643],[126.86499,35.05713],[126.85272,35.05132],[126.83959,35.04696],[126.82585,35.04414],[126.81177,35.04293],[126.79762,35.04333],[126.78368,35.04535],[126.77021,35.04895],[126.75748,35.05405],[126.74573,35.06056],[126.7352,35.06834],[126.72609,35.07726],[126.71857,35.08713],[126.7128,35.09776],[126.70888,35.10895],[126.70689,35.12048],[126.70688,35.13213],[126.70883,35.14366],[126.71273,35.15486],[126.71848,35.1655],[126.72599,35.17538],[126.7351,35.1843],[126.74563,35.1921],[126.75739,35.19862],[126.77014,35.20373],[126.78363,35.20733],[126.7976,35.20935],[126.81178,35.20976],[126.82589,35.20854],[126.83965,35.20572],[126.85281,35.20136],[126.86509,35.19553],[126.87626,35.18835],[126.88611,35.17997],[126.89443,35.17055],[126.90108,35.16026],[126.90591,35.14931],[126.90885,35.13792]]]]},"properties":{"ctr_lbl_1":"GWANGJU TCA AREA A"},"id":"LT_C_AISCTRC.2"},{"type":"Feature","geometry":{"type":"MultiPolygon","coordinates":[[[[126.43917,37.54593],[126.44143,37.54591],[126.44369,37.54586],[126.44595,37.54576],[126.44821,37.54562],[126.45046,37.54545],[126.4527,37.54523],[126.45494,37.54498],[126.45718,37.54469],[126.4594,37.54436],[126.46162,37.54399],[126.46382,37.54359],[126.46601,37.54315],[126.46819,37.54266],[126.47036,37.54215],[126.47251,37.54159],[126.47465,37.541],[126.47677,37.54037],[126.47887,37.5397],[126.48096,37.539],[126.48302,37.53827],[126.48506,37.53749],[126.48709,37.53669],[126.48909,37.53584],[126.49106,37.53497],[126.49301,37.53406],[126.49494,37.53312],[126.49684,37.53214],[126.49872,37.53113],[126.50056,37.53009],[126.50238,37.52902],[126.50417,37.52791],[126.50593,37.52678],[126.50765,37.52562],[126.50935,37.52442],[126.51101,37.5232],[126.51264,37.52195],[126.51423,37.52067],[126.51579,37.51937],[126.51731,37.51803],[126.5188,37.51668],[126.52025,37.51529],[126.52166,37.51389],[126.52303,37.51245],[126.52436,37.511],[126.52566,37.50952],[126.52691,37.50802],[126.52812,37.5065],[126.52929,37.50496],[126.53042,37.5034],[126.53151,37.50182],[126.53255,37.50022],[126.53355,37.49861],[126.53451,37.49697],[126.53542,37.49532],[126.53628,37.49366],[126.5371,37.49198],[126.53788,37.49029],[126.53861,37.48858],[126.53929,37.48687],[126.53993,37.48514],[126.54051,37.4834],[126.54106,37.48165],[126.54155,37.47989],[126.542,37.47813],[126.54239,37.47635],[126.54274,37.47457],[126.54305,37.47279],[126.5433,37.471],[126.5435,37.4692],[126.54366,37.46741],[126.54377,37.46561],[126.54382,37.46381],[126.54383,37.462],[126.5438,37.4602],[126.54371,37.4584],[126.54357,37.4566],[126.54339,37.45481],[126.54315,37.45302],[126.54287,37.45123],[126.54254,37.44945],[126.54216,37.44767],[126.54173,37.4459],[126.54126,37.44414],[126.54074,37.44239],[126.54017,37.44065],[126.53955,37.43891],[126.53889,37.43719],[126.53818,37.43548],[126.53742,37.43378],[126.53662,37.4321],[126.53577,37.43043],[126.53488,37.42877],[126.53395,37.42713],[126.53296,37.42551],[126.53194,37.42391],[126.53087,37.42232],[126.52976,37.42075],[126.52861,37.4192],[126.52742,37.41767],[126.52618,37.41616],[126.52491,37.41468],[126.52359,37.41321],[126.52224,37.41177],[126.52084,37.41035],[126.51941,37.40896],[126.51794,37.40759],[126.51644,37.40625],[126.5149,37.40493],[126.51332,37.40364],[126.51171,37.40238],[126.51007,37.40114],[126.50839,37.39994],[126.50668,37.39876],[126.50494,37.39761],[126.50317,37.3965],[126.50136,37.39541],[126.49953,37.39436],[126.49768,37.39333],[126.49579,37.39234],[126.49388,37.39138],[126.49194,37.39046],[126.48998,37.38957],[126.48799,37.38871],[126.48598,37.38789],[126.48395,37.3871],[126.4819,37.38635],[126.47983,37.38563],[126.47774,37.38495],[126.47564,37.3843],[126.47351,37.38369],[126.47137,37.38312],[126.46922,37.38258],[126.46705,37.38208],[126.46486,37.38162],[126.46267,37.3812],[126.46046,37.38081],[126.45825,37.38047],[126.45603,37.38016],[126.45379,37.37989],[126.45155,37.37965],[126.44931,37.37946],[126.44706,37.3793],[126.44481,37.37919],[126.44255,37.37911],[126.4403,37.37907],[126.43804,37.37907],[126.43578,37.37911],[126.43353,37.37919],[126.43127,37.3793],[126.42903,37.37946],[126.42678,37.37965],[126.42454,37.37989],[126.42231,37.38016],[126.42009,37.38047],[126.41787,37.38081],[126.41567,37.3812],[126.41347,37.38162],[126.41129,37.38208],[126.40912,37.38258],[126.40696,37.38312],[126.40482,37.38369],[126.4027,37.3843],[126.40059,37.38495],[126.3985,37.38563],[126.39643,37.38635],[126.39438,37.3871],[126.39235,37.38789],[126.39034,37.38871],[126.38836,37.38957],[126.3864,37.39046],[126.38446,37.39138],[126.38255,37.39234],[126.38066,37.39333],[126.3788,37.39436],[126.37697,37.39541],[126.37517,37.3965],[126.3734,37.39761],[126.37166,37.39876],[126.36995,37.39994],[126.36827,37.40114],[126.36663,37.40238],[126.36501,37.40364],[126.36344,37.40493],[126.3619,37.40625],[126.36039,37.40759],[126.35892,37.40896],[126.35749,37.41035],[126.3561,37.41177],[126.35474,37.41321],[126.35343,37.41468],[126.35215,37.41616],[126.35092,37.41767],[126.34972,37.4192],[126.34857,37.42075],[126.34746,37.42232],[126.34639,37.42391],[126.34537,37.42551],[126.34439,37.42713],[126.34345,37.42877],[126.34256,37.43043],[126.34172,37.4321],[126.34091,37.43378],[126.34016,37.43548],[126.33945,37.43719],[126.33878,37.43891],[126.33817,37.44065],[126.3376,37.44239],[126.33708,37.44414],[126.3366,37.4459],[126.33618,37.44767],[126.3358,37.44945],[126.33547,37.45123],[126.33518,37.45302],[126.33495,37.45481],[126.33476,37.4566],[126.33463,37.4584],[126.33454,37.4602],[126.3345,37.462],[126.33451,37.46381],[126.33457,37.46561],[126.33468,37.46741],[126.33483,37.4692],[126.33504,37.471],[126.33529,37.47279],[126.33559,37.47457],[126.33594,37.47635],[126.33634,37.47813],[126.33679,37.47989],[126.33728,37.48165],[126.33782,37.4834],[126.33841,37.48514],[126.33905,37.48687],[126.33973,37.48858],[126.34046,37.49029],[126.34123,37.49198],[126.34205,37.49366],[126.34292,37.49532],[126.34383,37.49697],[126.34478,37.49861],[126.34578,37.50022],[126.34683,37.50182],[126.34791,37.5034],[126.34904,37.50496],[126.35021,37.5065],[126.35142,37.50802],[126.35268,37.50952],[126.35397,37.511],[126.35531,37.51245],[126.35668,37.51389],[126.35809,37.51529],[126.35954,37.51668],[126.36102,37.51803],[126.36255,37.51937],[126.36411,37.52067],[126.3657,37.52195],[126.36733,37.5232],[126.36899,37.52442],[126.37068,37.52562],[126.37241,37.52678],[126.37417,37.52791],[126.37596,37.52902],[126.37777,37.53009],[126.37962,37.53113],[126.38149,37.53214],[126.38339,37.53312],[126.38532,37.53406],[126.38727,37.53497],[126.38925,37.53584],[126.39125,37.53669],[126.39327,37.53749],[126.39532,37.53827],[126.39738,37.539],[126.39946,37.5397],[126.40157,37.54037],[126.40369,37.541],[126.40582,37.54159],[126.40797,37.54215],[126.41014,37.54266],[126.41232,37.54315],[126.41451,37.54359],[126.41672,37.54399],[126.41893,37.54436],[126.42116,37.54469],[126.42339,37.54498],[126.42563,37.54523],[126.42788,37.54545],[126.43013,37.54562],[126.43239,37.54576],[126.43464,37.54586],[126.43691,37.54591],[126.43917,37.54593]]]]},"properties":{"ctr_lbl_1":"INCHEON"},"id":"LT_C_AISCTRC.20"},{"type":"Feature","geometry":{"type":"MultiPolygon","coordinates":[[[[126.79789,37.64037],[126.80016,37.64035],[126.80242,37.64028],[126.80468,37.64018],[126.80694,37.64004],[126.80919,37.63986],[126.81144,37.63963],[126.81368,37.63938],[126.81592,37.63908],[126.81814,37.63874],[126.82036,37.63837],[126.82256,37.63796],[126.82476,37.63751],[126.82694,37.63702],[126.82911,37.6365],[126.83126,37.63593],[126.83339,37.63533],[126.83551,37.6347],[126.83762,37.63403],[126.8397,37.63332],[126.84176,37.63258],[126.8438,37.6318],[126.84583,37.63099],[126.84782,37.63014],[126.8498,37.62926],[126.85175,37.62834],[126.85367,37.62739],[126.85557,37.62641],[126.85744,37.62539],[126.85929,37.62435],[126.8611,37.62327],[126.86289,37.62216],[126.86464,37.62102],[126.86636,37.61985],[126.86806,37.61866],[126.86971,37.61743],[126.87134,37.61617],[126.87293,37.61489],[126.87448,37.61358],[126.876,37.61224],[126.87748,37.61088],[126.87893,37.60949],[126.88033,37.60808],[126.8817,37.60665],[126.88303,37.60519],[126.88432,37.60371],[126.88556,37.6022],[126.88677,37.60068],[126.88794,37.59914],[126.88906,37.59757],[126.89014,37.59599],[126.89118,37.59439],[126.89217,37.59277],[126.89312,37.59113],[126.89402,37.58948],[126.89488,37.58781],[126.89569,37.58613],[126.89646,37.58444],[126.89718,37.58273],[126.89786,37.58101],[126.89849,37.57928],[126.89907,37.57754],[126.8996,37.57579],[126.90009,37.57403],[126.90053,37.57226],[126.90092,37.57049],[126.90126,37.56871],[126.90155,37.56692],[126.9018,37.56513],[126.90199,37.56334],[126.90214,37.56154],[126.90224,37.55974],[126.90229,37.55794],[126.90229,37.55614],[126.90224,37.55434],[126.90215,37.55254],[126.902,37.55074],[126.90181,37.54894],[126.90157,37.54715],[126.90128,37.54537],[126.90094,37.54359],[126.90055,37.54181],[126.90011,37.54004],[126.89963,37.53828],[126.8991,37.53653],[126.89852,37.53479],[126.8979,37.53306],[126.89722,37.53134],[126.8965,37.52963],[126.89574,37.52794],[126.89493,37.52625],[126.89407,37.52459],[126.89317,37.52294],[126.89223,37.5213],[126.89124,37.51968],[126.89021,37.51808],[126.88913,37.51649],[126.88801,37.51493],[126.88685,37.51338],[126.88565,37.51185],[126.8844,37.51035],[126.88312,37.50887],[126.8818,37.50741],[126.88043,37.50597],[126.87903,37.50456],[126.87759,37.50317],[126.87612,37.5018],[126.8746,37.50046],[126.87305,37.49915],[126.87147,37.49787],[126.86985,37.49661],[126.8682,37.49538],[126.86651,37.49418],[126.86479,37.49301],[126.86305,37.49187],[126.86127,37.49075],[126.85946,37.48967],[126.85762,37.48862],[126.85575,37.48761],[126.85386,37.48662],[126.85194,37.48567],[126.85,37.48475],[126.84803,37.48386],[126.84604,37.48301],[126.84402,37.4822],[126.84199,37.48141],[126.83993,37.48067],[126.83785,37.47996],[126.83576,37.47928],[126.83365,37.47864],[126.83152,37.47804],[126.82937,37.47747],[126.82721,37.47694],[126.82504,37.47645],[126.82285,37.47599],[126.82065,37.47558],[126.81844,37.4752],[126.81622,37.47486],[126.81399,37.47456],[126.81176,37.47429],[126.80951,37.47407],[126.80727,37.47388],[126.80501,37.47373],[126.80276,37.47362],[126.8005,37.47355],[126.79824,37.47352],[126.79598,37.47352],[126.79372,37.47357],[126.79146,37.47365],[126.78921,37.47378],[126.78696,37.47394],[126.78471,37.47414],[126.78247,37.47438],[126.78024,37.47466],[126.77801,37.47497],[126.77579,37.47533],[126.77359,37.47572],[126.77139,37.47615],[126.76921,37.47662],[126.76704,37.47712],[126.76489,37.47766],[126.76274,37.47824],[126.76062,37.47886],[126.75851,37.47951],[126.75642,37.4802],[126.75435,37.48092],[126.7523,37.48168],[126.75028,37.48248],[126.74827,37.4833],[126.74629,37.48417],[126.74433,37.48506],[126.74239,37.486],[126.74048,37.48696],[126.7386,37.48796],[126.73674,37.48898],[126.73491,37.49004],[126.73311,37.49114],[126.73135,37.49226],[126.72961,37.49341],[126.7279,37.49459],[126.72623,37.4958],[126.72459,37.49704],[126.72298,37.49831],[126.72141,37.4996],[126.71987,37.50092],[126.71837,37.50227],[126.71691,37.50364],[126.71548,37.50504],[126.71409,37.50646],[126.71274,37.50791],[126.71143,37.50938],[126.71016,37.51087],[126.70893,37.51238],[126.70774,37.51391],[126.7066,37.51547],[126.70549,37.51704],[126.70443,37.51863],[126.70341,37.52024],[126.70244,37.52186],[126.70151,37.52351],[126.70062,37.52516],[126.69978,37.52684],[126.69899,37.52852],[126.69824,37.53022],[126.69754,37.53193],[126.69688,37.53366],[126.69627,37.53539],[126.69571,37.53714],[126.6952,37.53889],[126.69473,37.54065],[126.69431,37.54242],[126.69394,37.5442],[126.69362,37.54598],[126.69334,37.54777],[126.69312,37.54957],[126.69294,37.55136],[126.69281,37.55316],[126.69273,37.55496],[126.6927,37.55676],[126.69272,37.55856],[126.69279,37.56036],[126.6929,37.56216],[126.69307,37.56396],[126.69328,37.56575],[126.69354,37.56754],[126.69385,37.56933],[126.69421,37.5711],[126.69462,37.57288],[126.69507,37.57464],[126.69558,37.5764],[126.69613,37.57814],[126.69672,37.57988],[126.69737,37.58161],[126.69806,37.58332],[126.6988,37.58503],[126.69958,37.58672],[126.70041,37.58839],[126.70129,37.59005],[126.70221,37.5917],[126.70317,37.59333],[126.70418,37.59494],[126.70523,37.59654],[126.70632,37.59811],[126.70746,37.59967],[126.70864,37.60121],[126.70986,37.60273],[126.71112,37.60422],[126.71243,37.6057],[126.71377,37.60715],[126.71515,37.60857],[126.71657,37.60998],[126.71803,37.61136],[126.71952,37.61271],[126.72105,37.61404],[126.72262,37.61534],[126.72422,37.61661],[126.72586,37.61786],[126.72753,37.61907],[126.72923,37.62026],[126.73096,37.62142],[126.73273,37.62255],[126.73452,37.62365],[126.73635,37.62471],[126.7382,37.62575],[126.74008,37.62675],[126.74199,37.62772],[126.74392,37.62866],[126.74588,37.62956],[126.74786,37.63044],[126.74987,37.63127],[126.7519,37.63207],[126.75395,37.63284],[126.75602,37.63357],[126.75811,37.63426],[126.76022,37.63492],[126.76234,37.63555],[126.76448,37.63613],[126.76664,37.63668],[126.76881,37.63719],[126.771,37.63767],[126.7732,37.6381],[126.77541,37.6385],[126.77763,37.63886],[126.77985,37.63919],[126.78209,37.63947],[126.78433,37.63972],[126.78659,37.63992],[126.78884,37.64009],[126.7911,37.64022],[126.79336,37.64031],[126.79563,37.64036],[126.79789,37.64037]]]]},"properties":{"ctr_lbl_1":"GIMPO"},"id":"LT_C_AISCTRC.21"},{"type":"Feature","geometry":{"type":"MultiPolygon","coordinates":[[[[126.4927,33.59569],[126.49485,33.59566],[126.497,33.59561],[126.49915,33.59551],[126.50129,33.59537],[126.50343,33.59519],[126.50557,33.59498],[126.5077,33.59473],[126.50982,33.59443],[126.51194,33.59411],[126.51404,33.59374],[126.51614,33.59333],[126.51822,33.59289],[126.5203,33.59241],[126.52236,33.59189],[126.5244,33.59133],[126.52643,33.59074],[126.52845,33.59011],[126.53045,33.58944],[126.53243,33.58874],[126.53439,33.588],[126.53633,33.58723],[126.53826,33.58642],[126.54016,33.58558],[126.54204,33.5847],[126.54389,33.58379],[126.54572,33.58285],[126.54753,33.58187],[126.54931,33.58087],[126.55107,33.57982],[126.55279,33.57875],[126.55449,33.57765],[126.55616,33.57651],[126.5578,33.57535],[126.55941,33.57416],[126.56099,33.57294],[126.56254,33.57169],[126.56406,33.57041],[126.56554,33.5691],[126.56698,33.56777],[126.5684,33.56641],[126.56977,33.56503],[126.57111,33.56362],[126.57242,33.56219],[126.57369,33.56074],[126.57491,33.55926],[126.57611,33.55776],[126.57726,33.55624],[126.57837,33.5547],[126.57944,33.55314],[126.58047,33.55156],[126.58146,33.54996],[126.58241,33.54835],[126.58332,33.54672],[126.58419,33.54507],[126.58501,33.54341],[126.58579,33.54173],[126.58652,33.54004],[126.58722,33.53833],[126.58786,33.53662],[126.58847,33.53489],[126.58903,33.53315],[126.58954,33.5314],[126.59001,33.52964],[126.59043,33.52788],[126.59081,33.52611],[126.59114,33.52433],[126.59143,33.52254],[126.59167,33.52076],[126.59186,33.51896],[126.59201,33.51717],[126.59211,33.51537],[126.59216,33.51357],[126.59217,33.51177],[126.59213,33.50997],[126.59205,33.50817],[126.59192,33.50637],[126.59174,33.50458],[126.59151,33.50279],[126.59125,33.501],[126.59093,33.49922],[126.59057,33.49745],[126.59016,33.49568],[126.58971,33.49392],[126.58921,33.49217],[126.58867,33.49043],[126.58808,33.4887],[126.58745,33.48698],[126.58677,33.48527],[126.58605,33.48357],[126.58529,33.48189],[126.58449,33.48022],[126.58364,33.47857],[126.58274,33.47693],[126.58181,33.47531],[126.58084,33.4737],[126.57982,33.47212],[126.57876,33.47055],[126.57767,33.469],[126.57653,33.46748],[126.57536,33.46597],[126.57414,33.46448],[126.57289,33.46302],[126.5716,33.46158],[126.57028,33.46017],[126.56891,33.45877],[126.56752,33.45741],[126.56608,33.45607],[126.56462,33.45475],[126.56312,33.45346],[126.56159,33.4522],[126.56002,33.45097],[126.55843,33.44977],[126.5568,33.44859],[126.55514,33.44744],[126.55346,33.44633],[126.55174,33.44525],[126.55,33.44419],[126.54823,33.44317],[126.54644,33.44218],[126.54462,33.44123],[126.54278,33.4403],[126.54091,33.43941],[126.53902,33.43856],[126.53711,33.43773],[126.53518,33.43695],[126.53323,33.4362],[126.53126,33.43548],[126.52927,33.4348],[126.52727,33.43415],[126.52525,33.43355],[126.52321,33.43298],[126.52116,33.43244],[126.5191,33.43194],[126.51703,33.43148],[126.51494,33.43106],[126.51284,33.43068],[126.51073,33.43033],[126.50862,33.43002],[126.5065,33.42975],[126.50437,33.42952],[126.50223,33.42933],[126.5001,33.42918],[126.49795,33.42906],[126.49581,33.42898],[126.49366,33.42895],[126.49152,33.42895],[126.48937,33.42899],[126.48722,33.42907],[126.48508,33.42918],[126.48294,33.42934],[126.48081,33.42953],[126.47868,33.42977],[126.47656,33.43004],[126.47444,33.43035],[126.47234,33.4307],[126.47024,33.43108],[126.46816,33.43151],[126.46608,33.43197],[126.46402,33.43247],[126.46197,33.433],[126.45993,33.43358],[126.45791,33.43419],[126.45591,33.43483],[126.45392,33.43552],[126.45195,33.43623],[126.45001,33.43699],[126.44808,33.43778],[126.44617,33.4386],[126.44428,33.43946],[126.44241,33.44035],[126.44057,33.44127],[126.43875,33.44223],[126.43696,33.44322],[126.4352,33.44425],[126.43346,33.4453],[126.43174,33.44639],[126.43006,33.4475],[126.4284,33.44865],[126.42678,33.44983],[126.42518,33.45103],[126.42362,33.45227],[126.42209,33.45353],[126.42059,33.45482],[126.41913,33.45613],[126.4177,33.45748],[126.4163,33.45885],[126.41494,33.46024],[126.41362,33.46166],[126.41233,33.4631],[126.41108,33.46456],[126.40987,33.46605],[126.4087,33.46755],[126.40756,33.46908],[126.40647,33.47063],[126.40541,33.4722],[126.4044,33.47379],[126.40343,33.47539],[126.4025,33.47701],[126.40161,33.47865],[126.40076,33.48031],[126.39996,33.48198],[126.39919,33.48366],[126.39848,33.48536],[126.3978,33.48707],[126.39717,33.48879],[126.39659,33.49052],[126.39605,33.49226],[126.39555,33.49401],[126.3951,33.49577],[126.3947,33.49754],[126.39434,33.49931],[126.39403,33.5011],[126.39376,33.50288],[126.39354,33.50467],[126.39336,33.50647],[126.39324,33.50826],[126.39315,33.51006],[126.39312,33.51186],[126.39313,33.51366],[126.39319,33.51546],[126.39329,33.51726],[126.39344,33.51906],[126.39363,33.52085],[126.39388,33.52264],[126.39416,33.52442],[126.3945,33.5262],[126.39488,33.52797],[126.3953,33.52974],[126.39577,33.53149],[126.39629,33.53324],[126.39685,33.53498],[126.39746,33.5367],[126.39811,33.53842],[126.3988,33.54012],[126.39954,33.54181],[126.40032,33.54349],[126.40115,33.54515],[126.40201,33.5468],[126.40292,33.54843],[126.40387,33.55005],[126.40487,33.55164],[126.4059,33.55322],[126.40697,33.55478],[126.40809,33.55632],[126.40924,33.55784],[126.41044,33.55934],[126.41167,33.56081],[126.41294,33.56227],[126.41424,33.5637],[126.41559,33.5651],[126.41696,33.56648],[126.41838,33.56784],[126.41983,33.56917],[126.42131,33.57047],[126.42283,33.57175],[126.42438,33.573],[126.42596,33.57422],[126.42757,33.57541],[126.42921,33.57657],[126.43088,33.57771],[126.43258,33.57881],[126.43431,33.57988],[126.43607,33.58092],[126.43785,33.58193],[126.43966,33.5829],[126.44149,33.58384],[126.44335,33.58475],[126.44523,33.58563],[126.44713,33.58647],[126.44905,33.58727],[126.451,33.58804],[126.45296,33.58878],[126.45494,33.58948],[126.45694,33.59014],[126.45896,33.59077],[126.46099,33.59136],[126.46304,33.59191],[126.4651,33.59243],[126.46717,33.59291],[126.46926,33.59335],[126.47135,33.59376],[126.47346,33.59412],[126.47557,33.59445],[126.4777,33.59474],[126.47983,33.59499],[126.48196,33.5952],[126.48411,33.59538],[126.48625,33.59551],[126.4884,33.59561],[126.49055,33.59567],[126.4927,33.59569]]]]},"properties":{"ctr_lbl_1":"JEJU"},"id":"LT_C_AISCTRC.22"},{"type":"Feature","geometry":{"type":"MultiPolygon","coordinates":[[[[128.94071,35.26398],[128.9429,35.26391],[128.94509,35.2638],[128.94728,35.26366],[128.94947,35.26348],[128.95165,35.26326],[128.95382,35.263],[128.95599,35.2627],[128.95815,35.26236],[128.9603,35.26198],[128.96243,35.26157],[128.96456,35.26112],[128.96668,35.26063],[128.96878,35.26011],[128.97086,35.25954],[128.97293,35.25894],[128.97499,35.25831],[128.97703,35.25763],[128.97905,35.25692],[128.98105,35.25618],[128.98303,35.2554],[128.98499,35.25459],[128.98692,35.25374],[128.98884,35.25285],[128.99073,35.25194],[128.99259,35.25099],[128.99444,35.25],[128.99625,35.24899],[128.99804,35.24794],[128.9998,35.24686],[129.00153,35.24575],[129.00323,35.24461],[129.0049,35.24344],[129.00654,35.24224],[129.00814,35.24101],[129.00972,35.23976],[129.01126,35.23847],[129.01276,35.23716],[129.01423,35.23582],[129.01567,35.23446],[129.01707,35.23307],[129.01843,35.23166],[129.01976,35.23022],[129.02104,35.22876],[129.02229,35.22728],[129.0235,35.22577],[129.02467,35.22425],[129.0258,35.2227],[129.02689,35.22114],[129.02793,35.21955],[129.02894,35.21795],[129.0299,35.21633],[129.03082,35.2147],[129.03169,35.21304],[129.03252,35.21138],[129.03331,35.2097],[129.03406,35.208],[129.03475,35.20629],[129.03541,35.20457],[129.03602,35.20284],[129.03658,35.2011],[129.03709,35.19935],[129.03756,35.19759],[129.03799,35.19582],[129.03836,35.19404],[129.03869,35.19226],[129.03898,35.19048],[129.03921,35.18869],[129.0394,35.18689],[129.03954,35.18509],[129.03964,35.18329],[129.03969,35.18149],[129.03969,35.17969],[129.03964,35.17789],[129.03954,35.17609],[129.0394,35.17429],[129.03921,35.1725],[129.03897,35.1707],[129.03869,35.16892],[129.03836,35.16714],[129.03798,35.16536],[129.03756,35.16359],[129.03709,35.16183],[129.03657,35.16008],[129.03601,35.15834],[129.0354,35.15661],[129.03475,35.15489],[129.03405,35.15318],[129.03331,35.15149],[129.03252,35.14981],[129.03169,35.14814],[129.03081,35.14649],[129.0299,35.14485],[129.02893,35.14323],[129.02793,35.14163],[129.02689,35.14004],[129.0258,35.13848],[129.02467,35.13693],[129.02351,35.13541],[129.0223,35.1339],[129.02105,35.13242],[129.01977,35.13096],[129.01844,35.12953],[129.01708,35.12811],[129.01569,35.12672],[129.01425,35.12536],[129.01278,35.12402],[129.01128,35.12271],[129.00974,35.12143],[129.00817,35.12017],[129.00657,35.11894],[129.00493,35.11774],[129.00327,35.11657],[129.00157,35.11543],[128.99984,35.11432],[128.99809,35.11324],[128.9963,35.11219],[128.99449,35.11117],[128.99266,35.11019],[128.9908,35.10924],[128.98891,35.10832],[128.987,35.10744],[128.98507,35.10659],[128.98311,35.10577],[128.98114,35.10499],[128.97914,35.10424],[128.97713,35.10353],[128.97509,35.10286],[128.97304,35.10222],[128.97098,35.10162],[128.9689,35.10105],[128.9668,35.10052],[128.96469,35.10003],[128.96257,35.09958],[128.96044,35.09916],[128.95829,35.09879],[128.95614,35.09845],[128.95398,35.09814],[128.95181,35.09788],[128.94963,35.09766],[128.94745,35.09747],[128.94527,35.09732],[128.94308,35.09722],[128.94089,35.09715],[128.9387,35.09711],[128.93651,35.09712],[128.93432,35.09717],[128.93213,35.09726],[128.92994,35.09738],[128.92776,35.09754],[128.92558,35.09775],[128.92341,35.09799],[128.92124,35.09826],[128.91908,35.09858],[128.91693,35.09894],[128.91479,35.09933],[128.91266,35.09976],[128.91055,35.10023],[128.90844,35.10074],[128.90635,35.10128],[128.90428,35.10186],[128.90222,35.10248],[128.90018,35.10313],[128.89815,35.10382],[128.89614,35.10455],[128.89416,35.10531],[128.89219,35.1061],[128.89024,35.10693],[128.88832,35.1078],[128.88642,35.1087],[128.88454,35.10963],[128.88269,35.11059],[128.88087,35.11159],[128.87907,35.11262],[128.8773,35.11368],[128.87555,35.11477],[128.87384,35.1159],[128.87215,35.11705],[128.8705,35.11823],[128.86888,35.11945],[128.86729,35.12069],[128.86573,35.12195],[128.86421,35.12325],[128.86272,35.12457],[128.86126,35.12592],[128.85984,35.12729],[128.85846,35.12869],[128.85712,35.13012],[128.85581,35.13156],[128.85454,35.13303],[128.85331,35.13452],[128.85212,35.13604],[128.85097,35.13757],[128.84986,35.13912],[128.84879,35.1407],[128.84776,35.14229],[128.84677,35.1439],[128.84583,35.14552],[128.84493,35.14717],[128.84407,35.14883],[128.84326,35.1505],[128.84249,35.15219],[128.84177,35.15389],[128.84109,35.1556],[128.84045,35.15732],[128.83986,35.15906],[128.83932,35.1608],[128.83882,35.16256],[128.83837,35.16432],[128.83797,35.16609],[128.83761,35.16787],[128.8373,35.16965],[128.83703,35.17144],[128.83682,35.17324],[128.83665,35.17503],[128.83652,35.17683],[128.83645,35.17863],[128.83642,35.18043],[128.83644,35.18223],[128.83651,35.18404],[128.83662,35.18584],[128.83678,35.18763],[128.83699,35.18943],[128.83724,35.19121],[128.83755,35.193],[128.8379,35.19478],[128.83829,35.19655],[128.83874,35.19831],[128.83922,35.20007],[128.83976,35.20182],[128.84034,35.20356],[128.84097,35.20528],[128.84164,35.207],[128.84236,35.2087],[128.84312,35.21039],[128.84392,35.21207],[128.84477,35.21373],[128.84567,35.21537],[128.8466,35.217],[128.84758,35.21862],[128.8486,35.22021],[128.84967,35.22179],[128.85077,35.22334],[128.85192,35.22488],[128.8531,35.2264],[128.85433,35.22789],[128.85559,35.22937],[128.8569,35.23082],[128.85824,35.23224],[128.85961,35.23365],[128.86103,35.23502],[128.86248,35.23638],[128.86397,35.2377],[128.86549,35.239],[128.86704,35.24028],[128.86863,35.24152],[128.87025,35.24274],[128.8719,35.24393],[128.87358,35.24508],[128.8753,35.24621],[128.87704,35.24731],[128.87881,35.24837],[128.88061,35.24941],[128.88243,35.25041],[128.88428,35.25138],[128.88616,35.25232],[128.88806,35.25322],[128.88998,35.25409],[128.89193,35.25493],[128.8939,35.25573],[128.89589,35.25649],[128.8979,35.25722],[128.89992,35.25791],[128.90197,35.25857],[128.90403,35.25919],[128.90611,35.25978],[128.9082,35.26033],[128.91031,35.26084],[128.91243,35.26131],[128.91456,35.26175],[128.9167,35.26214],[128.91885,35.2625],[128.92101,35.26282],[128.92318,35.26311],[128.92536,35.26335],[128.92754,35.26356],[128.92973,35.26372],[128.93192,35.26385],[128.93412,35.26394],[128.93631,35.26399],[128.93851,35.264],[128.94071,35.26398]]]]},"properties":{"ctr_lbl_1":"GIMHAE"},"id":"LT_C_AISCTRC.23"},{"type":"Feature","geometry":{"type":"MultiPolygon","coordinates":[[[[127.50031,36.79984],[127.50255,36.7998],[127.50479,36.79972],[127.50703,36.7996],[127.50926,36.79945],[127.51149,36.79925],[127.51371,36.79902],[127.51592,36.79875],[127.51813,36.79844],[127.52033,36.79809],[127.52252,36.7977],[127.52469,36.79728],[127.52686,36.79681],[127.52901,36.79631],[127.53115,36.79578],[127.53327,36.7952],[127.53538,36.79459],[127.53747,36.79394],[127.53954,36.79326],[127.5416,36.79254],[127.54363,36.79178],[127.54565,36.79099],[127.54764,36.79017],[127.54961,36.78931],[127.55155,36.78841],[127.55347,36.78749],[127.55537,36.78653],[127.55724,36.78553],[127.55908,36.78451],[127.56089,36.78345],[127.56268,36.78236],[127.56443,36.78124],[127.56616,36.78009],[127.56785,36.77891],[127.56951,36.7777],[127.57114,36.77647],[127.57274,36.7752],[127.5743,36.77391],[127.57582,36.77259],[127.57731,36.77125],[127.57877,36.76987],[127.58018,36.76848],[127.58156,36.76706],[127.5829,36.76561],[127.5842,36.76415],[127.58546,36.76266],[127.58668,36.76115],[127.58786,36.75962],[127.589,36.75806],[127.5901,36.75649],[127.59115,36.7549],[127.59216,36.75329],[127.59313,36.75167],[127.59405,36.75003],[127.59493,36.74837],[127.59577,36.7467],[127.59655,36.74501],[127.5973,36.74331],[127.598,36.7416],[127.59865,36.73988],[127.59925,36.73814],[127.59981,36.7364],[127.60033,36.73464],[127.60079,36.73288],[127.60121,36.73111],[127.60158,36.72933],[127.6019,36.72755],[127.60217,36.72576],[127.6024,36.72397],[127.60258,36.72217],[127.60271,36.72038],[127.60279,36.71858],[127.60282,36.71677],[127.60281,36.71497],[127.60274,36.71317],[127.60263,36.71137],[127.60247,36.70957],[127.60226,36.70778],[127.60201,36.70599],[127.6017,36.7042],[127.60135,36.70243],[127.60095,36.70065],[127.60051,36.69889],[127.60001,36.69713],[127.59947,36.69538],[127.59888,36.69364],[127.59825,36.69191],[127.59757,36.6902],[127.59684,36.68849],[127.59607,36.6868],[127.59525,36.68513],[127.59439,36.68346],[127.59349,36.68181],[127.59254,36.68018],[127.59154,36.67857],[127.59051,36.67697],[127.58943,36.67539],[127.58831,36.67383],[127.58715,36.67229],[127.58594,36.67078],[127.5847,36.66928],[127.58342,36.6678],[127.58209,36.66635],[127.58073,36.66492],[127.57933,36.66351],[127.5779,36.66213],[127.57642,36.66078],[127.57491,36.65945],[127.57337,36.65814],[127.57179,36.65687],[127.57018,36.65562],[127.56853,36.6544],[127.56686,36.65321],[127.56515,36.65205],[127.56341,36.65091],[127.56164,36.64981],[127.55984,36.64874],[127.55801,36.6477],[127.55616,36.6467],[127.55428,36.64572],[127.55237,36.64478],[127.55044,36.64387],[127.54848,36.643],[127.54651,36.64216],[127.54451,36.64135],[127.54248,36.64058],[127.54044,36.63985],[127.53838,36.63915],[127.5363,36.63848],[127.53421,36.63786],[127.5321,36.63727],[127.52997,36.63671],[127.52783,36.6362],[127.52567,36.63572],[127.5235,36.63527],[127.52132,36.63487],[127.51914,36.6345],[127.51694,36.63418],[127.51473,36.63389],[127.51252,36.63363],[127.5103,36.63342],[127.50807,36.63325],[127.50584,36.63311],[127.50361,36.63302],[127.50138,36.63296],[127.49914,36.63294],[127.4969,36.63296],[127.49467,36.63302],[127.49244,36.63311],[127.49021,36.63325],[127.48798,36.63343],[127.48576,36.63364],[127.48355,36.63389],[127.48134,36.63418],[127.47915,36.63451],[127.47696,36.63488],[127.47478,36.63528],[127.47261,36.63573],[127.47046,36.63621],[127.46831,36.63672],[127.46619,36.63728],[127.46408,36.63787],[127.46198,36.6385],[127.4599,36.63916],[127.45784,36.63986],[127.4558,36.6406],[127.45378,36.64137],[127.45178,36.64218],[127.4498,36.64302],[127.44785,36.64389],[127.44592,36.6448],[127.44401,36.64574],[127.44213,36.64672],[127.44028,36.64773],[127.43845,36.64877],[127.43665,36.64984],[127.43488,36.65094],[127.43315,36.65207],[127.43144,36.65324],[127.42976,36.65443],[127.42812,36.65565],[127.4265,36.6569],[127.42493,36.65817],[127.42338,36.65948],[127.42187,36.66081],[127.4204,36.66217],[127.41897,36.66355],[127.41757,36.66495],[127.41621,36.66638],[127.41489,36.66784],[127.4136,36.66931],[127.41236,36.67081],[127.41116,36.67233],[127.41,36.67387],[127.40888,36.67543],[127.4078,36.67701],[127.40677,36.67861],[127.40577,36.68022],[127.40482,36.68185],[127.40392,36.6835],[127.40306,36.68516],[127.40224,36.68684],[127.40147,36.68853],[127.40075,36.69024],[127.40007,36.69196],[127.39943,36.69368],[127.39885,36.69542],[127.39831,36.69717],[127.39782,36.69893],[127.39737,36.70069],[127.39697,36.70247],[127.39662,36.70425],[127.39632,36.70603],[127.39606,36.70782],[127.39586,36.70962],[127.3957,36.71141],[127.39559,36.71321],[127.39552,36.71501],[127.39551,36.71682],[127.39554,36.71862],[127.39563,36.72042],[127.39576,36.72222],[127.39594,36.72401],[127.39616,36.72581],[127.39644,36.72759],[127.39676,36.72938],[127.39713,36.73115],[127.39755,36.73292],[127.39802,36.73469],[127.39853,36.73644],[127.39909,36.73818],[127.3997,36.73992],[127.40035,36.74164],[127.40105,36.74335],[127.4018,36.74505],[127.40259,36.74674],[127.40342,36.74841],[127.4043,36.75007],[127.40523,36.75171],[127.4062,36.75333],[127.40721,36.75494],[127.40826,36.75653],[127.40936,36.7581],[127.4105,36.75965],[127.41168,36.76118],[127.4129,36.76269],[127.41416,36.76418],[127.41546,36.76565],[127.41681,36.76709],[127.41818,36.76851],[127.4196,36.76991],[127.42106,36.77128],[127.42255,36.77262],[127.42407,36.77394],[127.42563,36.77523],[127.42723,36.7765],[127.42886,36.77773],[127.43052,36.77894],[127.43222,36.78012],[127.43394,36.78127],[127.4357,36.78239],[127.43748,36.78347],[127.4393,36.78453],[127.44114,36.78556],[127.44301,36.78655],[127.44491,36.78751],[127.44683,36.78843],[127.44877,36.78933],[127.45074,36.79019],[127.45273,36.79101],[127.45475,36.7918],[127.45678,36.79256],[127.45884,36.79327],[127.46091,36.79396],[127.463,36.7946],[127.46511,36.79521],[127.46723,36.79579],[127.46937,36.79632],[127.47152,36.79682],[127.47369,36.79729],[127.47587,36.79771],[127.47806,36.7981],[127.48025,36.79844],[127.48246,36.79875],[127.48468,36.79902],[127.4869,36.79926],[127.48913,36.79945],[127.49136,36.79961],[127.49359,36.79972],[127.49583,36.7998],[127.49807,36.79984],[127.50031,36.79984]]]]},"properties":{"ctr_lbl_1":"CHEONGJU"},"id":"LT_C_AISCTRC.24"},{"type":"Feature","geometry":{"type":"MultiPolygon","coordinates":[[[[128.67162,38.14478],[128.6739,38.14471],[128.67618,38.14461],[128.67845,38.14447],[128.68072,38.1443],[128.68298,38.14408],[128.68524,38.14382],[128.68749,38.14353],[128.68973,38.1432],[128.69196,38.14283],[128.69418,38.14242],[128.69639,38.14198],[128.69859,38.14149],[128.70077,38.14097],[128.70294,38.14041],[128.70509,38.13982],[128.70723,38.13919],[128.70935,38.13852],[128.71144,38.13781],[128.71352,38.13707],[128.71558,38.1363],[128.71762,38.13549],[128.71963,38.13465],[128.72162,38.13377],[128.72359,38.13286],[128.72553,38.13191],[128.72744,38.13093],[128.72933,38.12992],[128.73119,38.12888],[128.73302,38.1278],[128.73482,38.1267],[128.73659,38.12556],[128.73832,38.1244],[128.74003,38.1232],[128.7417,38.12198],[128.74334,38.12072],[128.74494,38.11944],[128.74651,38.11814],[128.74804,38.1168],[128.74954,38.11544],[128.751,38.11406],[128.75242,38.11265],[128.7538,38.11122],[128.75514,38.10976],[128.75644,38.10828],[128.7577,38.10678],[128.75892,38.10526],[128.76009,38.10372],[128.76123,38.10216],[128.76232,38.10058],[128.76337,38.09898],[128.76437,38.09736],[128.76533,38.09573],[128.76624,38.09408],[128.76711,38.09241],[128.76794,38.09073],[128.76871,38.08904],[128.76945,38.08733],[128.77013,38.08562],[128.77077,38.08389],[128.77136,38.08215],[128.7719,38.0804],[128.77239,38.07864],[128.77284,38.07687],[128.77324,38.0751],[128.77358,38.07332],[128.77389,38.07154],[128.77414,38.06975],[128.77434,38.06795],[128.77449,38.06616],[128.7746,38.06436],[128.77465,38.06256],[128.77466,38.06076],[128.77461,38.05896],[128.77452,38.05716],[128.77438,38.05536],[128.77419,38.05356],[128.77395,38.05177],[128.77366,38.04999],[128.77333,38.04821],[128.77294,38.04643],[128.77251,38.04466],[128.77202,38.0429],[128.77149,38.04115],[128.77092,38.03941],[128.77029,38.03768],[128.76962,38.03596],[128.7689,38.03425],[128.76814,38.03255],[128.76732,38.03087],[128.76647,38.0292],[128.76557,38.02755],[128.76462,38.02591],[128.76363,38.02429],[128.76259,38.02268],[128.76151,38.0211],[128.76039,38.01953],[128.75922,38.01798],[128.75802,38.01646],[128.75677,38.01495],[128.75548,38.01347],[128.75415,38.012],[128.75278,38.01056],[128.75138,38.00915],[128.74993,38.00776],[128.74845,38.00639],[128.74693,38.00505],[128.74537,38.00374],[128.74378,38.00245],[128.74216,38.00119],[128.7405,37.99996],[128.7388,37.99875],[128.73708,37.99758],[128.73532,37.99644],[128.73353,37.99532],[128.73171,37.99424],[128.72987,37.99319],[128.72799,37.99217],[128.72609,37.99118],[128.72416,37.99022],[128.7222,37.9893],[128.72023,37.98841],[128.71822,37.98756],[128.7162,37.98674],[128.71415,37.98595],[128.71208,37.9852],[128.70999,37.98449],[128.70788,37.98381],[128.70576,37.98316],[128.70362,37.98256],[128.70146,37.98199],[128.69928,37.98146],[128.6971,37.98096],[128.6949,37.9805],[128.69268,37.98008],[128.69046,37.9797],[128.68823,37.97935],[128.68598,37.97905],[128.68373,37.97878],[128.68148,37.97855],[128.67922,37.97836],[128.67695,37.97821],[128.67468,37.97809],[128.6724,37.97802],[128.67013,37.97798],[128.66785,37.97799],[128.66558,37.97803],[128.66331,37.97811],[128.66104,37.97823],[128.65877,37.97839],[128.65651,37.97858],[128.65425,37.97882],[128.652,37.97909],[128.64976,37.97941],[128.64753,37.97976],[128.64531,37.98014],[128.6431,37.98057],[128.6409,37.98103],[128.63872,37.98153],[128.63654,37.98207],[128.63439,37.98265],[128.63225,37.98326],[128.63013,37.98391],[128.62802,37.98459],[128.62593,37.98531],[128.62387,37.98607],[128.62183,37.98686],[128.6198,37.98769],[128.6178,37.98855],[128.61583,37.98944],[128.61388,37.99037],[128.61195,37.99133],[128.61005,37.99232],[128.60818,37.99335],[128.60634,37.9944],[128.60453,37.99549],[128.60274,37.99661],[128.60099,37.99776],[128.59927,37.99894],[128.59758,38.00014],[128.59593,38.00138],[128.59431,38.00264],[128.59272,38.00394],[128.59117,38.00525],[128.58965,38.0066],[128.58818,38.00797],[128.58674,38.00936],[128.58534,38.01078],[128.58397,38.01223],[128.58265,38.01369],[128.58137,38.01518],[128.58013,38.01669],[128.57893,38.01822],[128.57777,38.01977],[128.57665,38.02134],[128.57558,38.02293],[128.57455,38.02454],[128.57357,38.02616],[128.57263,38.0278],[128.57173,38.02945],[128.57088,38.03113],[128.57008,38.03281],[128.56932,38.03451],[128.56861,38.03622],[128.56794,38.03794],[128.56732,38.03967],[128.56675,38.04142],[128.56623,38.04317],[128.56576,38.04493],[128.56533,38.0467],[128.56495,38.04848],[128.56462,38.05026],[128.56434,38.05205],[128.56411,38.05384],[128.56393,38.05563],[128.56379,38.05743],[128.56371,38.05923],[128.56367,38.06103],[128.56369,38.06283],[128.56375,38.06463],[128.56386,38.06643],[128.56402,38.06823],[128.56423,38.07002],[128.56449,38.07181],[128.5648,38.07359],[128.56515,38.07537],[128.56556,38.07715],[128.56601,38.07891],[128.56651,38.08067],[128.56706,38.08241],[128.56766,38.08415],[128.5683,38.08588],[128.569,38.0876],[128.56973,38.0893],[128.57052,38.09099],[128.57135,38.09267],[128.57223,38.09433],[128.57315,38.09598],[128.57411,38.09761],[128.57512,38.09922],[128.57618,38.10082],[128.57728,38.1024],[128.57842,38.10396],[128.5796,38.10549],[128.58083,38.10701],[128.58209,38.10851],[128.5834,38.10999],[128.58475,38.11144],[128.58613,38.11287],[128.58756,38.11427],[128.58902,38.11565],[128.59052,38.11701],[128.59206,38.11834],[128.59363,38.11964],[128.59524,38.12092],[128.59689,38.12217],[128.59856,38.12339],[128.60027,38.12458],[128.60202,38.12574],[128.60379,38.12687],[128.60559,38.12797],[128.60743,38.12904],[128.60929,38.13008],[128.61118,38.13108],[128.6131,38.13206],[128.61504,38.133],[128.61701,38.1339],[128.61901,38.13478],[128.62103,38.13562],[128.62307,38.13642],[128.62513,38.13719],[128.62721,38.13792],[128.62931,38.13862],[128.63143,38.13929],[128.63357,38.13991],[128.63572,38.1405],[128.63789,38.14105],[128.64008,38.14157],[128.64228,38.14205],[128.64449,38.14249],[128.64671,38.14289],[128.64894,38.14325],[128.65119,38.14358],[128.65344,38.14387],[128.6557,38.14412],[128.65796,38.14433],[128.66023,38.1445],[128.6625,38.14463],[128.66478,38.14473],[128.66706,38.14478],[128.66934,38.1448],[128.67162,38.14478]]]]},"properties":{"ctr_lbl_1":"YANGYANG"},"id":"LT_C_AISCTRC.25"},{"type":"Feature","geometry":{"type":"MultiPolygon","coordinates":[[[[128.65778,35.81072],[128.65668,35.81073],[128.65557,35.81075],[128.65447,35.81079],[128.65336,35.81083],[128.65226,35.81089],[128.65115,35.81095],[128.65005,35.81102],[128.64895,35.8111],[128.64785,35.8112],[128.64675,35.8113],[128.64565,35.81141],[128.64456,35.81153],[128.64346,35.81166],[128.64237,35.8118],[128.64128,35.81195],[128.64019,35.81211],[128.6391,35.81228],[128.63802,35.81246],[128.63694,35.81265],[128.63586,35.81284],[128.63478,35.81305],[128.63371,35.81327],[128.63264,35.81349],[128.63157,35.81373],[128.6305,35.81397],[128.62944,35.81423],[128.62839,35.81449],[128.62733,35.81476],[128.62628,35.81504],[128.62523,35.81534],[128.62419,35.81564],[128.62315,35.81595],[128.62212,35.81626],[128.62109,35.81659],[128.62006,35.81693],[128.61904,35.81727],[128.61802,35.81763],[128.61701,35.81799],[128.616,35.81836],[128.615,35.81875],[128.614,35.81914],[128.61301,35.81953],[128.61202,35.81994],[128.61104,35.82036],[128.61007,35.82078],[128.6091,35.82121],[128.60813,35.82166],[128.60717,35.82211],[128.60622,35.82257],[128.60528,35.82303],[128.60434,35.82351],[128.6034,35.82399],[128.60248,35.82448],[128.60155,35.82498],[128.60064,35.82549],[128.59973,35.826],[128.59883,35.82653],[128.59794,35.82706],[128.59705,35.8276],[128.59617,35.82815],[128.5953,35.8287],[128.59444,35.82926],[128.59358,35.82983],[128.59273,35.83041],[128.59189,35.831],[128.59106,35.83159],[128.59023,35.83219],[128.58941,35.83279],[128.5886,35.83341],[128.5878,35.83403],[128.58701,35.83466],[128.58622,35.83529],[128.58545,35.83593],[128.58468,35.83658],[128.58392,35.83724],[128.58317,35.8379],[128.58243,35.83857],[128.58169,35.83924],[128.58097,35.83992],[128.58025,35.84061],[128.57955,35.84131],[128.57885,35.84201],[128.57816,35.84271],[128.57749,35.84342],[128.57682,35.84414],[128.57616,35.84487],[128.57551,35.8456],[128.57487,35.84633],[128.57424,35.84707],[128.57362,35.84782],[128.57301,35.84857],[128.57241,35.84933],[128.57182,35.85009],[128.57124,35.85086],[128.57067,35.85163],[128.57011,35.85241],[128.56956,35.85319],[128.56902,35.85398],[128.5685,35.85477],[128.56798,35.85556],[128.56747,35.85636],[128.56697,35.85717],[128.56649,35.85798],[128.56601,35.85879],[128.56555,35.85961],[128.5651,35.86043],[128.56465,35.86126],[128.56422,35.86209],[128.5638,35.86292],[128.56339,35.86376],[128.56299,35.8646],[128.56261,35.86544],[128.56223,35.86629],[128.56187,35.86714],[128.56151,35.868],[128.56117,35.86885],[128.56084,35.86971],[128.56052,35.87057],[128.56021,35.87144],[128.55992,35.87231],[128.55963,35.87318],[128.55936,35.87405],[128.5591,35.87493],[128.55885,35.87581],[128.55861,35.87669],[128.55838,35.87757],[128.55817,35.87845],[128.55797,35.87934],[128.55777,35.88022],[128.55759,35.88111],[128.55743,35.882],[128.55727,35.8829],[128.55713,35.88379],[128.55699,35.88468],[128.55687,35.88558],[128.55677,35.88648],[128.55667,35.88737],[128.55658,35.88827],[128.55651,35.88917],[128.55645,35.89007],[128.5564,35.89097],[128.55636,35.89187],[128.55634,35.89277],[128.55633,35.89367],[128.55632,35.89457],[128.55634,35.89547],[128.55636,35.89638],[128.55639,35.89728],[128.55644,35.89818],[128.5565,35.89908],[128.55657,35.89997],[128.55665,35.90087],[128.55675,35.90177],[128.55685,35.90267],[128.55697,35.90356],[128.5571,35.90446],[128.55724,35.90535],[128.5574,35.90624],[128.55756,35.90713],[128.55774,35.90802],[128.55793,35.90891],[128.55813,35.9098],[128.55834,35.91068],[128.55857,35.91156],[128.5588,35.91244],[128.55905,35.91332],[128.55931,35.9142],[128.55958,35.91507],[128.55986,35.91594],[128.56016,35.91681],[128.56046,35.91768],[128.56078,35.91854],[128.56111,35.9194],[128.56145,35.92026],[128.5618,35.92111],[128.56216,35.92196],[128.56254,35.92281],[128.56292,35.92366],[128.56332,35.9245],[128.56373,35.92534],[128.56415,35.92617],[128.56458,35.927],[128.56502,35.92783],[128.56547,35.92865],[128.56593,35.92947],[128.5664,35.93028],[128.56689,35.93109],[128.56738,35.9319],[128.56789,35.9327],[128.56841,35.9335],[128.56893,35.93429],[128.56947,35.93508],[128.57002,35.93586],[128.57058,35.93664],[128.57114,35.93741],[128.57172,35.93818],[128.57231,35.93894],[128.57291,35.9397],[128.57352,35.94045],[128.57414,35.9412],[128.57477,35.94194],[128.57541,35.94268],[128.57606,35.94341],[128.57671,35.94414],[128.57738,35.94485],[128.57806,35.94557],[128.57875,35.94627],[128.57944,35.94698],[128.58015,35.94767],[128.58086,35.94836],[128.58159,35.94904],[128.58232,35.94972],[128.58306,35.95039],[128.58381,35.95105],[128.58457,35.9517],[128.58534,35.95235],[128.58611,35.953],[128.5869,35.95363],[128.58769,35.95426],[128.5885,35.95488],[128.58931,35.9555],[128.59012,35.95611],[128.59095,35.95671],[128.59178,35.9573],[128.59263,35.95789],[128.59348,35.95846],[128.59433,35.95903],[128.5952,35.9596],[128.59607,35.96015],[128.59695,35.9607],[128.59784,35.96124],[128.59873,35.96177],[128.59963,35.9623],[128.60054,35.96282],[128.60145,35.96332],[128.60238,35.96382],[128.6033,35.96432],[128.60424,35.9648],[128.60518,35.96528],[128.60613,35.96574],[128.60708,35.9662],[128.60804,35.96665],[128.60901,35.9671],[128.60998,35.96753],[128.61095,35.96796],[128.61194,35.96837],[128.61292,35.96878],[128.61392,35.96918],[128.61492,35.96957],[128.61592,35.96995],[128.61693,35.97033],[128.61794,35.97069],[128.61896,35.97105],[128.61999,35.97139],[128.62101,35.97173],[128.62205,35.97206],[128.62308,35.97238],[128.62412,35.97269],[128.62517,35.97299],[128.62622,35.97328],[128.62727,35.97356],[128.62832,35.97383],[128.62938,35.9741],[128.63045,35.97435],[128.63151,35.9746],[128.63258,35.97483],[128.63366,35.97506],[128.63473,35.97528],[128.63581,35.97548],[128.63689,35.97568],[128.63798,35.97587],[128.63906,35.97605],[128.64015,35.97622],[128.64124,35.97638],[128.64234,35.97653],[128.64343,35.97667],[128.64453,35.9768],[128.64562,35.97692],[128.64672,35.97703],[128.64783,35.97714],[128.64893,35.97723],[128.65003,35.97731],[128.65114,35.97738],[128.65224,35.97745],[128.65335,35.9775],[128.65446,35.97754],[128.65556,35.97758],[128.65667,35.9776],[128.65778,35.97762],[128.65889,35.97762],[128.66,35.97762],[128.66111,35.9776],[128.66221,35.97758],[128.66332,35.97754],[128.66443,35.9775],[128.66553,35.97745],[128.66664,35.97738],[128.66775,35.97731],[128.66885,35.97723],[128.66995,35.97714],[128.67105,35.97703],[128.67215,35.97692],[128.67325,35.9768],[128.67435,35.97667],[128.67544,35.97653],[128.67654,35.97638],[128.67763,35.97622],[128.67872,35.97605],[128.6798,35.97587],[128.68089,35.97568],[128.68197,35.97548],[128.68305,35.97528],[128.68412,35.97506],[128.68519,35.97483],[128.68626,35.9746],[128.68733,35.97435],[128.68839,35.9741],[128.68945,35.97383],[128.69051,35.97356],[128.69156,35.97328],[128.69261,35.97299],[128.69366,35.97269],[128.6947,35.97238],[128.69573,35.97206],[128.69676,35.97173],[128.69779,35.97139],[128.69882,35.97105],[128.69983,35.97069],[128.70085,35.97033],[128.70186,35.96995],[128.70286,35.96957],[128.70386,35.96918],[128.70485,35.96878],[128.70584,35.96837],[128.70682,35.96796],[128.7078,35.96753],[128.70877,35.9671],[128.70974,35.96665],[128.7107,35.9662],[128.71165,35.96574],[128.7126,35.96528],[128.71354,35.9648],[128.71447,35.96432],[128.7154,35.96382],[128.71632,35.96332],[128.71724,35.96282],[128.71815,35.9623],[128.71905,35.96177],[128.71994,35.96124],[128.72083,35.9607],[128.72171,35.96015],[128.72258,35.9596],[128.72344,35.95903],[128.7243,35.95846],[128.72515,35.95789],[128.72599,35.9573],[128.72683,35.95671],[128.72765,35.95611],[128.72847,35.9555],[128.72928,35.95488],[128.73008,35.95426],[128.73088,35.95363],[128.73166,35.953],[128.73244,35.95235],[128.73321,35.9517],[128.73397,35.95105],[128.73472,35.95039],[128.73546,35.94972],[128.73619,35.94904],[128.73692,35.94836],[128.73763,35.94767],[128.73834,35.94698],[128.73903,35.94627],[128.73972,35.94557],[128.7404,35.94485],[128.74106,35.94414],[128.74172,35.94341],[128.74237,35.94268],[128.74301,35.94194],[128.74364,35.9412],[128.74426,35.94045],[128.74487,35.9397],[128.74547,35.93894],[128.74605,35.93818],[128.74663,35.93741],[128.7472,35.93664],[128.74776,35.93586],[128.74831,35.93508],[128.74884,35.93429],[128.74937,35.9335],[128.74989,35.9327],[128.75039,35.9319],[128.75089,35.93109],[128.75137,35.93028],[128.75185,35.92947],[128.75231,35.92865],[128.75276,35.92783],[128.7532,35.927],[128.75363,35.92617],[128.75405,35.92534],[128.75446,35.9245],[128.75485,35.92366],[128.75524,35.92281],[128.75561,35.92196],[128.75598,35.92111],[128.75633,35.92026],[128.75667,35.9194],[128.757,35.91854],[128.75731,35.91768],[128.75762,35.91681],[128.75791,35.91594],[128.7582,35.91507],[128.75847,35.9142],[128.75873,35.91332],[128.75898,35.91244],[128.75921,35.91156],[128.75944,35.91068],[128.75965,35.9098],[128.75985,35.90891],[128.76004,35.90802],[128.76022,35.90713],[128.76038,35.90624],[128.76054,35.90535],[128.76068,35.90446],[128.76081,35.90356],[128.76093,35.90267],[128.76103,35.90177],[128.76113,35.90087],[128.76121,35.89997],[128.76128,35.89908],[128.76134,35.89818],[128.76138,35.89728],[128.76142,35.89638],[128.76144,35.89547],[128.76145,35.89457],[128.76145,35.89367],[128.76144,35.89277],[128.76141,35.89187],[128.76138,35.89097],[128.76133,35.89007],[128.76127,35.88917],[128.76119,35.88827],[128.76111,35.88737],[128.76101,35.88648],[128.7609,35.88558],[128.76078,35.88468],[128.76065,35.88379],[128.76051,35.8829],[128.76035,35.882],[128.76018,35.88111],[128.76,35.88022],[128.75981,35.87934],[128.75961,35.87845],[128.75939,35.87757],[128.75917,35.87669],[128.75893,35.87581],[128.75868,35.87493],[128.75842,35.87405],[128.75814,35.87318],[128.75786,35.87231],[128.75756,35.87144],[128.75726,35.87057],[128.75694,35.86971],[128.75661,35.86885],[128.75626,35.868],[128.75591,35.86714],[128.75555,35.86629],[128.75517,35.86544],[128.75478,35.8646],[128.75439,35.86376],[128.75398,35.86292],[128.75356,35.86209],[128.75312,35.86126],[128.75268,35.86043],[128.75223,35.85961],[128.75176,35.85879],[128.75129,35.85798],[128.7508,35.85717],[128.75031,35.85636],[128.7498,35.85556],[128.74928,35.85477],[128.74875,35.85398],[128.74822,35.85319],[128.74767,35.85241],[128.74711,35.85163],[128.74654,35.85086],[128.74596,35.85009],[128.74537,35.84933],[128.74477,35.84857],[128.74416,35.84782],[128.74354,35.84707],[128.74291,35.84633],[128.74227,35.8456],[128.74162,35.84487],[128.74096,35.84414],[128.74029,35.84342],[128.73961,35.84271],[128.73893,35.84201],[128.73823,35.84131],[128.73752,35.84061],[128.73681,35.83992],[128.73608,35.83924],[128.73535,35.83857],[128.73461,35.8379],[128.73386,35.83724],[128.7331,35.83658],[128.73233,35.83593],[128.73156,35.83529],[128.73077,35.83466],[128.72998,35.83403],[128.72917,35.83341],[128.72837,35.83279],[128.72755,35.83219],[128.72672,35.83159],[128.72589,35.831],[128.72505,35.83041],[128.7242,35.82983],[128.72334,35.82926],[128.72248,35.8287],[128.7216,35.82815],[128.72072,35.8276],[128.71984,35.82706],[128.71894,35.82653],[128.71804,35.826],[128.71714,35.82549],[128.71622,35.82498],[128.7153,35.82448],[128.71438,35.82399],[128.71344,35.82351],[128.7125,35.82303],[128.71156,35.82257],[128.7106,35.82211],[128.70965,35.82166],[128.70868,35.82121],[128.70771,35.82078],[128.70674,35.82036],[128.70575,35.81994],[128.70477,35.81953],[128.70378,35.81914],[128.70278,35.81875],[128.70178,35.81836],[128.70077,35.81799],[128.69976,35.81763],[128.69874,35.81727],[128.69772,35.81693],[128.69669,35.81659],[128.69566,35.81626],[128.69463,35.81595],[128.69359,35.81564],[128.69254,35.81534],[128.6915,35.81504],[128.69045,35.81476],[128.68939,35.81449],[128.68833,35.81423],[128.68727,35.81397],[128.68621,35.81373],[128.68514,35.81349],[128.68407,35.81327],[128.683,35.81305],[128.68192,35.81284],[128.68084,35.81265],[128.67976,35.81246],[128.67867,35.81228],[128.67759,35.81211],[128.6765,35.81195],[128.67541,35.8118],[128.67432,35.81166],[128.67322,35.81153],[128.67213,35.81141],[128.67103,35.8113],[128.66993,35.8112],[128.66883,35.8111],[128.66773,35.81102],[128.66662,35.81095],[128.66552,35.81089],[128.66442,35.81083],[128.66331,35.81079],[128.66221,35.81075],[128.6611,35.81073],[128.65999,35.81072],[128.65889,35.81071],[128.65778,35.81072]]]]},"properties":{"ctr_lbl_1":"DAEGU"},"id":"LT_C_AISCTRC.26"},{"type":"Feature","geometry":{"type":"MultiPolygon","coordinates":[[[[126.80928,35.20984],[126.81148,35.20981],[126.81367,35.20974],[126.81586,35.20964],[126.81805,35.2095],[126.82023,35.20931],[126.82241,35.20909],[126.82458,35.20884],[126.82675,35.20854],[126.82891,35.2082],[126.83105,35.20783],[126.83319,35.20742],[126.83532,35.20697],[126.83743,35.20648],[126.83953,35.20595],[126.84162,35.20539],[126.84369,35.20479],[126.84574,35.20416],[126.84778,35.20348],[126.8498,35.20278],[126.8518,35.20203],[126.85377,35.20125],[126.85573,35.20044],[126.85767,35.19959],[126.85958,35.19871],[126.86147,35.19779],[126.86334,35.19684],[126.86518,35.19586],[126.86699,35.19485],[126.86878,35.1938],[126.87054,35.19272],[126.87227,35.19161],[126.87397,35.19047],[126.87564,35.1893],[126.87728,35.18811],[126.87888,35.18688],[126.88046,35.18562],[126.882,35.18434],[126.8835,35.18303],[126.88497,35.18169],[126.88641,35.18033],[126.88781,35.17894],[126.88917,35.17753],[126.8905,35.17609],[126.89179,35.17463],[126.89303,35.17315],[126.89424,35.17165],[126.89541,35.17013],[126.89654,35.16858],[126.89763,35.16702],[126.89868,35.16543],[126.89968,35.16383],[126.90064,35.16221],[126.90156,35.16058],[126.90244,35.15892],[126.90327,35.15726],[126.90406,35.15558],[126.9048,35.15388],[126.9055,35.15217],[126.90616,35.15045],[126.90676,35.14872],[126.90733,35.14698],[126.90785,35.14523],[126.90832,35.14347],[126.90874,35.1417],[126.90912,35.13993],[126.90945,35.13815],[126.90973,35.13636],[126.90997,35.13457],[126.91016,35.13277],[126.9103,35.13098],[126.9104,35.12918],[126.91045,35.12738],[126.91045,35.12557],[126.9104,35.12377],[126.91031,35.12197],[126.91017,35.12017],[126.90998,35.11838],[126.90975,35.11659],[126.90946,35.1148],[126.90913,35.11302],[126.90876,35.11124],[126.90834,35.10948],[126.90787,35.10772],[126.90735,35.10597],[126.90679,35.10422],[126.90619,35.10249],[126.90553,35.10077],[126.90484,35.09906],[126.9041,35.09737],[126.90331,35.09569],[126.90248,35.09402],[126.90161,35.09237],[126.90069,35.09073],[126.89973,35.08911],[126.89873,35.08751],[126.89769,35.08592],[126.8966,35.08436],[126.89548,35.08281],[126.89431,35.08129],[126.89311,35.07978],[126.89186,35.0783],[126.89058,35.07684],[126.88926,35.0754],[126.8879,35.07399],[126.88651,35.0726],[126.88507,35.07123],[126.88361,35.06989],[126.88211,35.06858],[126.88057,35.0673],[126.879,35.06604],[126.8774,35.06481],[126.87577,35.06361],[126.8741,35.06244],[126.87241,35.0613],[126.87068,35.06018],[126.86893,35.0591],[126.86715,35.05805],[126.86534,35.05704],[126.8635,35.05605],[126.86164,35.0551],[126.85976,35.05418],[126.85785,35.05329],[126.85592,35.05244],[126.85397,35.05163],[126.852,35.05084],[126.85,35.0501],[126.84799,35.04939],[126.84596,35.04871],[126.84391,35.04807],[126.84185,35.04747],[126.83977,35.0469],[126.83767,35.04637],[126.83556,35.04588],[126.83344,35.04543],[126.83131,35.04501],[126.82917,35.04463],[126.82702,35.04429],[126.82486,35.04399],[126.82269,35.04372],[126.82052,35.0435],[126.81834,35.04331],[126.81616,35.04316],[126.81397,35.04305],[126.81178,35.04298],[126.80959,35.04295],[126.8074,35.04296],[126.80521,35.043],[126.80302,35.04309],[126.80084,35.04321],[126.79866,35.04337],[126.79648,35.04357],[126.79431,35.04381],[126.79214,35.04409],[126.78999,35.04441],[126.78784,35.04476],[126.7857,35.04515],[126.78357,35.04558],[126.78146,35.04605],[126.77936,35.04656],[126.77727,35.0471],[126.77519,35.04768],[126.77313,35.04829],[126.77109,35.04895],[126.76907,35.04964],[126.76706,35.05036],[126.76508,35.05112],[126.76311,35.05191],[126.76116,35.05274],[126.75924,35.05361],[126.75734,35.0545],[126.75547,35.05544],[126.75362,35.0564],[126.75179,35.0574],[126.74999,35.05842],[126.74822,35.05949],[126.74648,35.06058],[126.74476,35.0617],[126.74308,35.06285],[126.74143,35.06403],[126.7398,35.06525],[126.73821,35.06648],[126.73666,35.06775],[126.73513,35.06905],[126.73364,35.07037],[126.73219,35.07172],[126.73077,35.07309],[126.72939,35.07449],[126.72804,35.07591],[126.72673,35.07736],[126.72547,35.07882],[126.72423,35.08032],[126.72304,35.08183],[126.72189,35.08336],[126.72078,35.08491],[126.71971,35.08649],[126.71868,35.08808],[126.7177,35.08969],[126.71675,35.09131],[126.71585,35.09295],[126.71499,35.09461],[126.71418,35.09629],[126.71341,35.09797],[126.71269,35.09967],[126.71201,35.10139],[126.71137,35.10311],[126.71078,35.10484],[126.71024,35.10659],[126.70974,35.10834],[126.70929,35.11011],[126.70888,35.11188],[126.70852,35.11366],[126.70821,35.11544],[126.70794,35.11723],[126.70772,35.11902],[126.70755,35.12082],[126.70743,35.12261],[126.70735,35.12441],[126.70732,35.12622],[126.70734,35.12802],[126.70741,35.12982],[126.70752,35.13162],[126.70768,35.13342],[126.70789,35.13521],[126.70814,35.137],[126.70844,35.13878],[126.70879,35.14056],[126.70918,35.14233],[126.70962,35.1441],[126.71011,35.14586],[126.71065,35.1476],[126.71122,35.14934],[126.71185,35.15107],[126.71252,35.15278],[126.71324,35.15449],[126.71399,35.15618],[126.7148,35.15785],[126.71565,35.15951],[126.71654,35.16116],[126.71747,35.16279],[126.71845,35.1644],[126.71947,35.166],[126.72053,35.16758],[126.72163,35.16913],[126.72278,35.17067],[126.72396,35.17219],[126.72518,35.17368],[126.72645,35.17516],[126.72775,35.17661],[126.72909,35.17804],[126.73046,35.17944],[126.73188,35.18082],[126.73332,35.18217],[126.73481,35.1835],[126.73633,35.1848],[126.73788,35.18607],[126.73946,35.18732],[126.74108,35.18854],[126.74273,35.18973],[126.74441,35.19088],[126.74612,35.19201],[126.74786,35.19311],[126.74963,35.19418],[126.75143,35.19521],[126.75325,35.19622],[126.7551,35.19719],[126.75698,35.19812],[126.75887,35.19903],[126.7608,35.1999],[126.76274,35.20073],[126.76471,35.20154],[126.76669,35.2023],[126.7687,35.20303],[126.77073,35.20373],[126.77277,35.20439],[126.77483,35.20501],[126.7769,35.2056],[126.779,35.20614],[126.7811,35.20666],[126.78322,35.20713],[126.78535,35.20757],[126.78749,35.20797],[126.78964,35.20833],[126.7918,35.20865],[126.79397,35.20893],[126.79614,35.20918],[126.79832,35.20938],[126.80051,35.20955],[126.8027,35.20968],[126.80489,35.20977],[126.80709,35.20982],[126.80928,35.20984]]]]},"properties":{"ctr_lbl_1":"GWANGJU"},"id":"LT_C_AISCTRC.27"},{"type":"Feature","geometry":{"type":"MultiPolygon","coordinates":[[[[126.61602,35.98735],[126.61824,35.98732],[126.62046,35.98726],[126.62267,35.98716],[126.62488,35.98702],[126.62709,35.98684],[126.62929,35.98663],[126.63148,35.98637],[126.63367,35.98608],[126.63585,35.98575],[126.63802,35.98537],[126.64018,35.98497],[126.64233,35.98452],[126.64446,35.98404],[126.64658,35.98351],[126.64869,35.98295],[126.65078,35.98236],[126.65286,35.98173],[126.65492,35.98106],[126.65696,35.98035],[126.65898,35.97961],[126.66098,35.97884],[126.66296,35.97803],[126.66492,35.97718],[126.66685,35.9763],[126.66877,35.97539],[126.67065,35.97444],[126.67251,35.97346],[126.67435,35.97245],[126.67615,35.97141],[126.67793,35.97033],[126.67968,35.96923],[126.6814,35.96809],[126.68309,35.96692],[126.68475,35.96573],[126.68638,35.9645],[126.68797,35.96325],[126.68953,35.96197],[126.69105,35.96066],[126.69254,35.95933],[126.69399,35.95797],[126.69541,35.95658],[126.69679,35.95517],[126.69813,35.95374],[126.69944,35.95228],[126.7007,35.9508],[126.70193,35.9493],[126.70311,35.94777],[126.70425,35.94623],[126.70536,35.94467],[126.70642,35.94309],[126.70744,35.94149],[126.70841,35.93987],[126.70935,35.93823],[126.71023,35.93658],[126.71108,35.93492],[126.71188,35.93324],[126.71263,35.93154],[126.71335,35.92984],[126.71401,35.92812],[126.71463,35.92639],[126.7152,35.92465],[126.71573,35.9229],[126.71621,35.92114],[126.71664,35.91937],[126.71703,35.91759],[126.71737,35.91581],[126.71766,35.91403],[126.7179,35.91224],[126.7181,35.91044],[126.71825,35.90864],[126.71835,35.90684],[126.7184,35.90504],[126.71841,35.90324],[126.71837,35.90144],[126.71828,35.89964],[126.71814,35.89784],[126.71795,35.89604],[126.71772,35.89425],[126.71744,35.89247],[126.71711,35.89068],[126.71674,35.88891],[126.71631,35.88714],[126.71584,35.88538],[126.71533,35.88363],[126.71477,35.88188],[126.71416,35.88015],[126.7135,35.87843],[126.71281,35.87672],[126.71206,35.87502],[126.71127,35.87334],[126.71044,35.87167],[126.70956,35.87001],[126.70864,35.86838],[126.70767,35.86675],[126.70667,35.86515],[126.70562,35.86356],[126.70453,35.862],[126.70339,35.86045],[126.70222,35.85892],[126.70101,35.85741],[126.69975,35.85593],[126.69846,35.85446],[126.69713,35.85302],[126.69576,35.85161],[126.69436,35.85022],[126.69291,35.84885],[126.69143,35.84751],[126.68992,35.84619],[126.68837,35.84491],[126.68679,35.84365],[126.68518,35.84241],[126.68353,35.84121],[126.68185,35.84004],[126.68014,35.83889],[126.6784,35.83778],[126.67664,35.83669],[126.67484,35.83564],[126.67302,35.83462],[126.67117,35.83363],[126.66929,35.83268],[126.66739,35.83175],[126.66546,35.83086],[126.66352,35.83001],[126.66155,35.82919],[126.65956,35.8284],[126.65754,35.82765],[126.65551,35.82694],[126.65346,35.82626],[126.6514,35.82562],[126.64931,35.82501],[126.64721,35.82444],[126.6451,35.82391],[126.64297,35.82341],[126.64083,35.82295],[126.63868,35.82253],[126.63652,35.82215],[126.63435,35.82181],[126.63217,35.8215],[126.62998,35.82123],[126.62779,35.821],[126.62559,35.82081],[126.62338,35.82066],[126.62117,35.82055],[126.61896,35.82047],[126.61675,35.82044],[126.61454,35.82044],[126.61233,35.82048],[126.61012,35.82057],[126.60791,35.82068],[126.60571,35.82084],[126.60351,35.82104],[126.60131,35.82128],[126.59913,35.82155],[126.59695,35.82186],[126.59478,35.82221],[126.59262,35.8226],[126.59047,35.82303],[126.58833,35.82349],[126.5862,35.824],[126.58409,35.82454],[126.582,35.82511],[126.57992,35.82572],[126.57785,35.82637],[126.57581,35.82706],[126.57378,35.82778],[126.57177,35.82854],[126.56978,35.82933],[126.56782,35.83015],[126.56587,35.83101],[126.56395,35.83191],[126.56205,35.83284],[126.56018,35.8338],[126.55834,35.83479],[126.55652,35.83582],[126.55473,35.83688],[126.55296,35.83796],[126.55123,35.83908],[126.54953,35.84023],[126.54785,35.84141],[126.54621,35.84262],[126.5446,35.84386],[126.54303,35.84512],[126.54148,35.84642],[126.53998,35.84774],[126.53851,35.84908],[126.53707,35.85045],[126.53567,35.85185],[126.53431,35.85327],[126.53298,35.85471],[126.5317,35.85618],[126.53045,35.85767],[126.52924,35.85918],[126.52808,35.86071],[126.52695,35.86226],[126.52587,35.86383],[126.52482,35.86542],[126.52382,35.86703],[126.52287,35.86865],[126.52195,35.8703],[126.52108,35.87195],[126.52026,35.87362],[126.51948,35.87531],[126.51874,35.87701],[126.51805,35.87872],[126.5174,35.88044],[126.5168,35.88218],[126.51625,35.88392],[126.51574,35.88568],[126.51528,35.88744],[126.51486,35.88921],[126.5145,35.89099],[126.51418,35.89277],[126.5139,35.89456],[126.51368,35.89635],[126.5135,35.89815],[126.51337,35.89995],[126.51329,35.90175],[126.51326,35.90355],[126.51327,35.90535],[126.51333,35.90715],[126.51344,35.90895],[126.5136,35.91075],[126.5138,35.91254],[126.51405,35.91433],[126.51435,35.91612],[126.5147,35.9179],[126.51509,35.91967],[126.51554,35.92144],[126.51602,35.92319],[126.51656,35.92494],[126.51714,35.92668],[126.51777,35.92841],[126.51844,35.93013],[126.51916,35.93183],[126.51992,35.93352],[126.52073,35.9352],[126.52158,35.93686],[126.52248,35.93851],[126.52342,35.94014],[126.5244,35.94176],[126.52543,35.94336],[126.52649,35.94494],[126.5276,35.9465],[126.52875,35.94803],[126.52995,35.94955],[126.53118,35.95105],[126.53245,35.95253],[126.53376,35.95398],[126.53511,35.95541],[126.53649,35.95682],[126.53792,35.9582],[126.53938,35.95955],[126.54087,35.96088],[126.5424,35.96219],[126.54397,35.96346],[126.54557,35.96471],[126.5472,35.96593],[126.54886,35.96712],[126.55056,35.96829],[126.55228,35.96942],[126.55403,35.97052],[126.55582,35.97159],[126.55763,35.97263],[126.55947,35.97363],[126.56133,35.97461],[126.56323,35.97555],[126.56514,35.97646],[126.56708,35.97733],[126.56904,35.97817],[126.57102,35.97897],[126.57303,35.97974],[126.57505,35.98048],[126.5771,35.98117],[126.57916,35.98184],[126.58124,35.98246],[126.58333,35.98305],[126.58544,35.98361],[126.58757,35.98412],[126.58971,35.9846],[126.59186,35.98504],[126.59402,35.98544],[126.59619,35.9858],[126.59837,35.98613],[126.60056,35.98642],[126.60275,35.98667],[126.60496,35.98688],[126.60716,35.98705],[126.60937,35.98718],[126.61159,35.98728],[126.61381,35.98733],[126.61602,35.98735]]]]},"properties":{"ctr_lbl_1":"GUNSAN"},"id":"LT_C_AISCTRC.28"},{"type":"Feature","geometry":{"type":"MultiPolygon","coordinates":[[[[127.61847,34.92566],[127.62065,34.92561],[127.62284,34.92553],[127.62502,34.92541],[127.6272,34.92526],[127.62937,34.92506],[127.63154,34.92482],[127.6337,34.92455],[127.63586,34.92424],[127.638,34.92389],[127.64014,34.9235],[127.64227,34.92307],[127.64438,34.92261],[127.64648,34.9221],[127.64857,34.92156],[127.65064,34.92099],[127.6527,34.92037],[127.65474,34.91972],[127.65676,34.91904],[127.65876,34.91832],[127.66075,34.91756],[127.66271,34.91677],[127.66465,34.91594],[127.66657,34.91508],[127.66847,34.91418],[127.67035,34.91325],[127.6722,34.91229],[127.67402,34.9113],[127.67582,34.91027],[127.67758,34.90921],[127.67933,34.90812],[127.68104,34.907],[127.68272,34.90585],[127.68437,34.90467],[127.68599,34.90346],[127.68758,34.90222],[127.68914,34.90095],[127.69066,34.89966],[127.69214,34.89834],[127.6936,34.89699],[127.69501,34.89562],[127.69639,34.89422],[127.69774,34.8928],[127.69904,34.89136],[127.70031,34.88989],[127.70154,34.8884],[127.70273,34.88689],[127.70388,34.88535],[127.70499,34.8838],[127.70606,34.88223],[127.70708,34.88064],[127.70807,34.87903],[127.70901,34.8774],[127.70991,34.87576],[127.71076,34.87411],[127.71158,34.87243],[127.71234,34.87075],[127.71307,34.86905],[127.71375,34.86733],[127.71438,34.86561],[127.71497,34.86387],[127.71551,34.86213],[127.71601,34.86038],[127.71646,34.85861],[127.71687,34.85684],[127.71723,34.85507],[127.71754,34.85328],[127.7178,34.85149],[127.71802,34.8497],[127.71819,34.84791],[127.71832,34.84611],[127.71839,34.84431],[127.71842,34.84251],[127.71841,34.8407],[127.71834,34.8389],[127.71823,34.8371],[127.71807,34.83531],[127.71787,34.83351],[127.71761,34.83172],[127.71731,34.82994],[127.71697,34.82816],[127.71657,34.82639],[127.71614,34.82462],[127.71565,34.82287],[127.71512,34.82112],[127.71454,34.81938],[127.71392,34.81766],[127.71326,34.81594],[127.71254,34.81424],[127.71179,34.81255],[127.71099,34.81087],[127.71014,34.80921],[127.70926,34.80756],[127.70833,34.80593],[127.70736,34.80432],[127.70634,34.80272],[127.70529,34.80115],[127.70419,34.79959],[127.70305,34.79805],[127.70188,34.79653],[127.70066,34.79504],[127.6994,34.79356],[127.69811,34.79211],[127.69678,34.79068],[127.69541,34.78928],[127.69401,34.7879],[127.69257,34.78655],[127.69109,34.78522],[127.68958,34.78392],[127.68804,34.78264],[127.68646,34.7814],[127.68485,34.78018],[127.68322,34.77899],[127.68154,34.77783],[127.67984,34.7767],[127.67811,34.7756],[127.67636,34.77453],[127.67457,34.77349],[127.67276,34.77249],[127.67092,34.77152],[127.66906,34.77058],[127.66717,34.76967],[127.66526,34.7688],[127.66333,34.76796],[127.66138,34.76716],[127.6594,34.76639],[127.65741,34.76566],[127.65539,34.76496],[127.65336,34.7643],[127.65132,34.76367],[127.64925,34.76308],[127.64718,34.76253],[127.64508,34.76202],[127.64298,34.76154],[127.64086,34.7611],[127.63873,34.7607],[127.6366,34.76033],[127.63445,34.76001],[127.6323,34.75972],[127.63013,34.75947],[127.62797,34.75926],[127.62579,34.75909],[127.62362,34.75896],[127.62144,34.75886],[127.61925,34.75881],[127.61707,34.75879],[127.61489,34.75881],[127.61271,34.75887],[127.61053,34.75897],[127.60835,34.75911],[127.60618,34.75929],[127.60401,34.7595],[127.60185,34.75976],[127.5997,34.76005],[127.59755,34.76038],[127.59542,34.76075],[127.59329,34.76116],[127.59117,34.7616],[127.58907,34.76209],[127.58698,34.76261],[127.58491,34.76316],[127.58284,34.76376],[127.5808,34.76439],[127.57877,34.76505],[127.57676,34.76575],[127.57477,34.76649],[127.5728,34.76727],[127.57085,34.76807],[127.56892,34.76892],[127.56701,34.76979],[127.56513,34.7707],[127.56327,34.77165],[127.56143,34.77262],[127.55963,34.77363],[127.55784,34.77468],[127.55609,34.77575],[127.55436,34.77685],[127.55267,34.77799],[127.551,34.77915],[127.54937,34.78034],[127.54776,34.78157],[127.54619,34.78282],[127.54465,34.78409],[127.54315,34.7854],[127.54168,34.78673],[127.54024,34.78809],[127.53884,34.78947],[127.53748,34.79088],[127.53615,34.79231],[127.53487,34.79376],[127.53362,34.79524],[127.5324,34.79674],[127.53123,34.79826],[127.5301,34.7998],[127.52901,34.80136],[127.52796,34.80294],[127.52695,34.80454],[127.52599,34.80616],[127.52506,34.80779],[127.52418,34.80944],[127.52334,34.8111],[127.52255,34.81278],[127.5218,34.81447],[127.52109,34.81618],[127.52043,34.81789],[127.51982,34.81962],[127.51925,34.82136],[127.51872,34.82311],[127.51825,34.82487],[127.51781,34.82663],[127.51743,34.82841],[127.51709,34.83018],[127.51679,34.83197],[127.51655,34.83376],[127.51635,34.83555],[127.5162,34.83735],[127.51609,34.83915],[127.51603,34.84095],[127.51602,34.84275],[127.51606,34.84455],[127.51614,34.84635],[127.51627,34.84815],[127.51645,34.84995],[127.51667,34.85174],[127.51695,34.85353],[127.51726,34.85531],[127.51763,34.85709],[127.51804,34.85886],[127.5185,34.86062],[127.519,34.86237],[127.51955,34.86411],[127.52015,34.86585],[127.52079,34.86757],[127.52147,34.86928],[127.5222,34.87098],[127.52298,34.87266],[127.5238,34.87433],[127.52466,34.87599],[127.52556,34.87763],[127.52651,34.87925],[127.5275,34.88086],[127.52853,34.88245],[127.52961,34.88402],[127.53072,34.88557],[127.53188,34.8871],[127.53307,34.8886],[127.53431,34.89009],[127.53558,34.89156],[127.53689,34.893],[127.53824,34.89442],[127.53962,34.89581],[127.54104,34.89718],[127.5425,34.89852],[127.54399,34.89984],[127.54552,34.90113],[127.54708,34.90239],[127.54867,34.90363],[127.5503,34.90483],[127.55195,34.90601],[127.55364,34.90716],[127.55536,34.90827],[127.5571,34.90936],[127.55887,34.91041],[127.56067,34.91144],[127.5625,34.91243],[127.56435,34.91338],[127.56623,34.91431],[127.56813,34.9152],[127.57006,34.91606],[127.572,34.91688],[127.57397,34.91767],[127.57596,34.91842],[127.57796,34.91913],[127.57999,34.91982],[127.58203,34.92046],[127.58409,34.92107],[127.58616,34.92164],[127.58825,34.92217],[127.59036,34.92267],[127.59247,34.92313],[127.5946,34.92355],[127.59673,34.92394],[127.59888,34.92428],[127.60104,34.92459],[127.6032,34.92486],[127.60537,34.92509],[127.60754,34.92528],[127.60972,34.92543],[127.61191,34.92555],[127.61409,34.92562],[127.61628,34.92566],[127.61847,34.92566]]]]},"properties":{"ctr_lbl_1":"YEOSU"},"id":"LT_C_AISCTRC.29"},{"type":"Feature","geometry":{"type":"MultiPolygon","coordinates":[[[[127.13264,37.10214],[127.13364,37.09052],[127.13261,37.07891],[127.12957,37.06753],[127.12459,37.05659],[127.11776,37.04632],[127.10921,37.03691],[127.09912,37.02854],[127.08767,37.02138],[127.07509,37.01557],[127.06163,37.01121],[127.04755,37.0084],[127.03311,37.00718],[127.0186,37.00759],[127.00431,37.00961],[126.9905,37.0132],[126.97745,37.0183],[126.96541,37.0248],[126.95461,37.03258],[126.94527,37.0415],[126.93756,37.05136],[126.93164,37.06199],[126.92762,37.07318],[126.92559,37.0847],[126.92557,37.09634],[126.92758,37.10787],[126.93157,37.11907],[126.93747,37.12971],[126.94516,37.13958],[126.9545,37.14851],[126.9653,37.1563],[126.97324,37.1606],[126.98172,37.1584],[126.99604,37.15638],[127.01058,37.15597],[127.02504,37.15719],[127.03915,37.16],[127.05264,37.16436],[127.06346,37.16935],[127.07518,37.16556],[127.08778,37.15973],[127.09923,37.15256],[127.10932,37.14418],[127.11786,37.13475],[127.12467,37.12447],[127.12963,37.11353],[127.13264,37.10214]]]]},"properties":{"ctr_lbl_1":"OSAN CTLZ"},"id":"LT_C_AISCTRC.3"},{"type":"Feature","geometry":{"type":"MultiPolygon","coordinates":[[[[127.96224,37.5218],[127.9645,37.52176],[127.96676,37.52167],[127.96901,37.52154],[127.97127,37.52138],[127.97351,37.52117],[127.97575,37.52093],[127.97799,37.52065],[127.98021,37.52033],[127.98243,37.51998],[127.98464,37.51958],[127.98683,37.51915],[127.98902,37.51868],[127.99118,37.51817],[127.99334,37.51762],[127.99548,37.51704],[127.9976,37.51642],[127.99971,37.51577],[128.0018,37.51507],[128.00387,37.51435],[128.00592,37.51358],[128.00794,37.51278],[128.00995,37.51195],[128.01193,37.51108],[128.01389,37.51018],[128.01582,37.50925],[128.01773,37.50828],[128.01961,37.50728],[128.02146,37.50625],[128.02329,37.50518],[128.02508,37.50409],[128.02685,37.50296],[128.02858,37.50181],[128.03029,37.50062],[128.03196,37.49941],[128.03359,37.49816],[128.03519,37.49689],[128.03676,37.4956],[128.03829,37.49427],[128.03979,37.49292],[128.04125,37.49154],[128.04267,37.49014],[128.04405,37.48872],[128.0454,37.48727],[128.0467,37.4858],[128.04796,37.4843],[128.04919,37.48279],[128.05037,37.48125],[128.05151,37.4797],[128.0526,37.47812],[128.05366,37.47653],[128.05467,37.47492],[128.05564,37.47329],[128.05656,37.47164],[128.05744,37.46998],[128.05827,37.46831],[128.05905,37.46662],[128.0598,37.46492],[128.06049,37.4632],[128.06114,37.46148],[128.06174,37.45974],[128.06229,37.45799],[128.0628,37.45624],[128.06326,37.45447],[128.06367,37.4527],[128.06403,37.45092],[128.06435,37.44914],[128.06461,37.44735],[128.06483,37.44556],[128.065,37.44376],[128.06512,37.44196],[128.06519,37.44016],[128.06521,37.43836],[128.06519,37.43656],[128.06511,37.43476],[128.06499,37.43296],[128.06481,37.43116],[128.06459,37.42937],[128.06432,37.42758],[128.06401,37.4258],[128.06364,37.42402],[128.06323,37.42225],[128.06277,37.42049],[128.06226,37.41873],[128.0617,37.41699],[128.0611,37.41525],[128.06044,37.41353],[128.05975,37.41181],[128.059,37.41011],[128.05822,37.40842],[128.05738,37.40675],[128.0565,37.40509],[128.05558,37.40345],[128.05461,37.40182],[128.0536,37.40021],[128.05254,37.39862],[128.05144,37.39704],[128.0503,37.39549],[128.04912,37.39395],[128.04789,37.39244],[128.04663,37.39095],[128.04533,37.38948],[128.04398,37.38803],[128.0426,37.3866],[128.04118,37.3852],[128.03972,37.38383],[128.03823,37.38248],[128.03669,37.38116],[128.03513,37.37986],[128.03353,37.37859],[128.03189,37.37735],[128.03022,37.37613],[128.02852,37.37495],[128.02679,37.37379],[128.02503,37.37267],[128.02323,37.37157],[128.02141,37.37051],[128.01956,37.36948],[128.01768,37.36848],[128.01578,37.36751],[128.01385,37.36658],[128.01189,37.36568],[128.00991,37.36481],[128.00791,37.36398],[128.00589,37.36318],[128.00384,37.36242],[128.00178,37.36169],[127.9997,37.361],[127.99759,37.36035],[127.99547,37.35973],[127.99334,37.35914],[127.99119,37.3586],[127.98902,37.35809],[127.98684,37.35762],[127.98465,37.35719],[127.98245,37.35679],[127.98024,37.35643],[127.97802,37.35611],[127.97579,37.35583],[127.97355,37.35559],[127.97131,37.35539],[127.96906,37.35522],[127.96681,37.35509],[127.96456,37.35501],[127.9623,37.35496],[127.96005,37.35495],[127.95779,37.35497],[127.95554,37.35504],[127.95328,37.35515],[127.95103,37.35529],[127.94879,37.35548],[127.94655,37.3557],[127.94432,37.35596],[127.94209,37.35626],[127.93987,37.3566],[127.93767,37.35697],[127.93547,37.35738],[127.93328,37.35784],[127.93111,37.35832],[127.92895,37.35885],[127.92681,37.35941],[127.92468,37.36001],[127.92257,37.36065],[127.92048,37.36132],[127.9184,37.36203],[127.91635,37.36277],[127.91431,37.36355],[127.9123,37.36437],[127.91031,37.36521],[127.90834,37.3661],[127.9064,37.36701],[127.90448,37.36796],[127.90258,37.36894],[127.90072,37.36996],[127.89888,37.37101],[127.89707,37.37208],[127.89529,37.37319],[127.89355,37.37433],[127.89183,37.3755],[127.89014,37.3767],[127.88849,37.37793],[127.88687,37.37918],[127.88529,37.38046],[127.88373,37.38177],[127.88222,37.38311],[127.88074,37.38447],[127.8793,37.38586],[127.8779,37.38727],[127.87653,37.3887],[127.87521,37.39016],[127.87392,37.39164],[127.87268,37.39315],[127.87147,37.39467],[127.87031,37.39621],[127.86919,37.39778],[127.86811,37.39936],[127.86708,37.40096],[127.86608,37.40258],[127.86514,37.40421],[127.86423,37.40587],[127.86337,37.40753],[127.86256,37.40921],[127.86179,37.41091],[127.86107,37.41261],[127.8604,37.41433],[127.85977,37.41606],[127.85919,37.4178],[127.85865,37.41955],[127.85816,37.42131],[127.85772,37.42308],[127.85733,37.42485],[127.85699,37.42664],[127.85669,37.42842],[127.85645,37.43021],[127.85625,37.43201],[127.8561,37.4338],[127.856,37.4356],[127.85595,37.4374],[127.85594,37.43921],[127.85599,37.44101],[127.85608,37.44281],[127.85623,37.4446],[127.85642,37.4464],[127.85666,37.44819],[127.85695,37.44998],[127.85728,37.45176],[127.85767,37.45353],[127.8581,37.4553],[127.85858,37.45706],[127.85911,37.45881],[127.85969,37.46056],[127.86031,37.46229],[127.86098,37.46401],[127.8617,37.46572],[127.86246,37.46741],[127.86327,37.46909],[127.86412,37.47076],[127.86502,37.47242],[127.86596,37.47405],[127.86695,37.47567],[127.86798,37.47728],[127.86906,37.47886],[127.87017,37.48043],[127.87133,37.48197],[127.87253,37.4835],[127.87378,37.48501],[127.87506,37.48649],[127.87638,37.48795],[127.87774,37.48939],[127.87914,37.4908],[127.88058,37.49219],[127.88206,37.49356],[127.88357,37.49489],[127.88512,37.49621],[127.8867,37.49749],[127.88832,37.49875],[127.88997,37.49998],[127.89166,37.50118],[127.89338,37.50235],[127.89513,37.5035],[127.89691,37.50461],[127.89871,37.50569],[127.90055,37.50674],[127.90242,37.50775],[127.90431,37.50874],[127.90623,37.50969],[127.90818,37.51061],[127.91015,37.5115],[127.91214,37.51235],[127.91416,37.51316],[127.91619,37.51394],[127.91825,37.51469],[127.92033,37.5154],[127.92243,37.51608],[127.92454,37.51672],[127.92667,37.51732],[127.92882,37.51788],[127.93098,37.51841],[127.93316,37.5189],[127.93535,37.51936],[127.93755,37.51977],[127.93976,37.52015],[127.94198,37.52049],[127.94421,37.52079],[127.94645,37.52105],[127.94869,37.52127],[127.95094,37.52146],[127.9532,37.52161],[127.95545,37.52171],[127.95771,37.52178],[127.95997,37.52181],[127.96224,37.5218]]]]},"properties":{"ctr_lbl_1":"WONJU"},"id":"LT_C_AISCTRC.30"},{"type":"Feature","geometry":{"type":"MultiPolygon","coordinates":[[[[128.07201,35.17205],[128.0742,35.172],[128.07639,35.17191],[128.07858,35.17178],[128.08076,35.17161],[128.08294,35.17141],[128.08512,35.17116],[128.08728,35.17088],[128.08944,35.17056],[128.09159,35.1702],[128.09373,35.1698],[128.09586,35.16937],[128.09798,35.16889],[128.10009,35.16838],[128.10218,35.16784],[128.10425,35.16725],[128.10631,35.16663],[128.10835,35.16597],[128.11038,35.16528],[128.11238,35.16455],[128.11437,35.16378],[128.11634,35.16298],[128.11828,35.16215],[128.1202,35.16128],[128.1221,35.16038],[128.12398,35.15944],[128.12582,35.15847],[128.12765,35.15747],[128.12944,35.15644],[128.13121,35.15537],[128.13295,35.15427],[128.13466,35.15314],[128.13635,35.15199],[128.138,35.1508],[128.13961,35.14958],[128.1412,35.14834],[128.14275,35.14707],[128.14427,35.14577],[128.14576,35.14444],[128.14721,35.14309],[128.14862,35.14171],[128.15,35.14031],[128.15133,35.13888],[128.15264,35.13743],[128.1539,35.13596],[128.15512,35.13446],[128.15631,35.13295],[128.15745,35.13141],[128.15856,35.12985],[128.15962,35.12828],[128.16064,35.12668],[128.16162,35.12507],[128.16255,35.12344],[128.16344,35.12179],[128.16429,35.12013],[128.1651,35.11846],[128.16586,35.11677],[128.16658,35.11506],[128.16725,35.11335],[128.16787,35.11162],[128.16846,35.10988],[128.16899,35.10814],[128.16948,35.10638],[128.16992,35.10462],[128.17032,35.10284],[128.17067,35.10107],[128.17097,35.09928],[128.17123,35.09749],[128.17143,35.0957],[128.17159,35.0939],[128.17171,35.0921],[128.17178,35.0903],[128.1718,35.0885],[128.17177,35.0867],[128.17169,35.0849],[128.17157,35.0831],[128.1714,35.0813],[128.17118,35.07951],[128.17092,35.07772],[128.17061,35.07594],[128.17025,35.07416],[128.16985,35.07239],[128.1694,35.07063],[128.1689,35.06887],[128.16836,35.06713],[128.16777,35.06539],[128.16714,35.06367],[128.16646,35.06195],[128.16573,35.06025],[128.16497,35.05857],[128.16416,35.05689],[128.1633,35.05523],[128.1624,35.05359],[128.16146,35.05196],[128.16047,35.05035],[128.15945,35.04876],[128.15838,35.04719],[128.15727,35.04564],[128.15612,35.0441],[128.15493,35.04259],[128.1537,35.0411],[128.15244,35.03963],[128.15113,35.03818],[128.14979,35.03676],[128.14841,35.03536],[128.14699,35.03399],[128.14554,35.03264],[128.14405,35.03131],[128.14253,35.03002],[128.14097,35.02875],[128.13938,35.02751],[128.13776,35.0263],[128.13611,35.02511],[128.13443,35.02396],[128.13272,35.02284],[128.13098,35.02175],[128.12921,35.02068],[128.12741,35.01965],[128.12559,35.01866],[128.12374,35.01769],[128.12186,35.01676],[128.11997,35.01586],[128.11805,35.015],[128.1161,35.01416],[128.11414,35.01337],[128.11215,35.01261],[128.11015,35.01188],[128.10813,35.01119],[128.10608,35.01054],[128.10403,35.00992],[128.10195,35.00934],[128.09987,35.0088],[128.09777,35.00829],[128.09565,35.00782],[128.09353,35.00739],[128.09139,35.007],[128.08924,35.00664],[128.08709,35.00632],[128.08492,35.00605],[128.08275,35.0058],[128.08058,35.0056],[128.0784,35.00544],[128.07621,35.00531],[128.07403,35.00523],[128.07184,35.00518],[128.06965,35.00517],[128.06746,35.0052],[128.06527,35.00527],[128.06309,35.00538],[128.0609,35.00553],[128.05873,35.00571],[128.05655,35.00594],[128.05439,35.0062],[128.05223,35.0065],[128.05008,35.00684],[128.04794,35.00722],[128.04581,35.00763],[128.04369,35.00809],[128.04158,35.00858],[128.03949,35.00911],[128.03741,35.00967],[128.03534,35.01027],[128.0333,35.01091],[128.03126,35.01159],[128.02925,35.0123],[128.02726,35.01304],[128.02529,35.01382],[128.02333,35.01464],[128.0214,35.01549],[128.01949,35.01637],[128.01761,35.01729],[128.01575,35.01824],[128.01392,35.01923],[128.01211,35.02024],[128.01033,35.02129],[128.00857,35.02237],[128.00685,35.02348],[128.00515,35.02462],[128.00349,35.02579],[128.00186,35.02699],[128.00025,35.02822],[127.99868,35.02948],[127.99715,35.03076],[127.99565,35.03207],[127.99418,35.03341],[127.99275,35.03477],[127.99135,35.03616],[127.98999,35.03757],[127.98867,35.03901],[127.98739,35.04047],[127.98614,35.04195],[127.98493,35.04346],[127.98377,35.04498],[127.98264,35.04653],[127.98156,35.04809],[127.98051,35.04968],[127.97951,35.05128],[127.97855,35.0529],[127.97763,35.05453],[127.97676,35.05618],[127.97593,35.05785],[127.97514,35.05953],[127.9744,35.06123],[127.9737,35.06294],[127.97305,35.06466],[127.97244,35.06639],[127.97188,35.06813],[127.97136,35.06988],[127.97089,35.07164],[127.97047,35.07341],[127.97009,35.07518],[127.96976,35.07696],[127.96948,35.07875],[127.96924,35.08054],[127.96905,35.08234],[127.96891,35.08413],[127.96881,35.08593],[127.96877,35.08773],[127.96877,35.08954],[127.96881,35.09134],[127.96891,35.09314],[127.96905,35.09493],[127.96924,35.09673],[127.96947,35.09852],[127.96975,35.10031],[127.97008,35.10209],[127.97046,35.10386],[127.97088,35.10563],[127.97135,35.10739],[127.97187,35.10914],[127.97243,35.11088],[127.97304,35.11262],[127.97369,35.11434],[127.97438,35.11604],[127.97513,35.11774],[127.97591,35.11942],[127.97674,35.12109],[127.97762,35.12274],[127.97854,35.12438],[127.9795,35.126],[127.9805,35.1276],[127.98154,35.12918],[127.98263,35.13075],[127.98376,35.13229],[127.98492,35.13382],[127.98613,35.13532],[127.98738,35.13681],[127.98866,35.13827],[127.98999,35.1397],[127.99135,35.14112],[127.99274,35.1425],[127.99418,35.14387],[127.99565,35.14521],[127.99715,35.14652],[127.99869,35.1478],[128.00026,35.14906],[128.00187,35.15029],[128.0035,35.15149],[128.00517,35.15266],[128.00687,35.1538],[128.0086,35.15491],[128.01036,35.15599],[128.01214,35.15703],[128.01395,35.15805],[128.01579,35.15903],[128.01765,35.15998],[128.01954,35.1609],[128.02145,35.16178],[128.02339,35.16263],[128.02535,35.16345],[128.02732,35.16423],[128.02932,35.16497],[128.03134,35.16568],[128.03337,35.16635],[128.03543,35.16699],[128.0375,35.16759],[128.03958,35.16816],[128.04168,35.16868],[128.04379,35.16917],[128.04591,35.16962],[128.04805,35.17004],[128.0502,35.17041],[128.05235,35.17075],[128.05452,35.17105],[128.05669,35.17131],[128.05886,35.17153],[128.06105,35.17171],[128.06323,35.17186],[128.06542,35.17196],[128.06762,35.17203],[128.06981,35.17206],[128.07201,35.17205]]]]},"properties":{"ctr_lbl_1":"SACHEON"},"id":"LT_C_AISCTRC.31"},{"type":"Feature","geometry":{"type":"MultiPolygon","coordinates":[[[[129.35533,35.67675],[129.35753,35.67668],[129.35974,35.67656],[129.36194,35.67641],[129.36413,35.67622],[129.36632,35.67599],[129.36851,35.67572],[129.37068,35.67542],[129.37285,35.67507],[129.37501,35.67469],[129.37716,35.67427],[129.37929,35.67381],[129.38142,35.67331],[129.38353,35.67278],[129.38562,35.67221],[129.3877,35.6716],[129.38976,35.67096],[129.39181,35.67028],[129.39383,35.66956],[129.39584,35.66881],[129.39783,35.66802],[129.39979,35.6672],[129.40173,35.66635],[129.40365,35.66546],[129.40555,35.66453],[129.40742,35.66357],[129.40927,35.66259],[129.41108,35.66156],[129.41288,35.66051],[129.41464,35.65942],[129.41637,35.65831],[129.41807,35.65716],[129.41975,35.65598],[129.42139,35.65478],[129.423,35.65355],[129.42457,35.65228],[129.42611,35.65099],[129.42762,35.64968],[129.42909,35.64833],[129.43053,35.64697],[129.43193,35.64557],[129.43329,35.64415],[129.43462,35.64271],[129.4359,35.64125],[129.43715,35.63976],[129.43836,35.63825],[129.43952,35.63672],[129.44065,35.63517],[129.44174,35.6336],[129.44278,35.63202],[129.44378,35.63041],[129.44474,35.62879],[129.44565,35.62715],[129.44652,35.62549],[129.44735,35.62382],[129.44813,35.62214],[129.44887,35.62044],[129.44957,35.61873],[129.45021,35.61701],[129.45081,35.61527],[129.45137,35.61353],[129.45188,35.61178],[129.45234,35.61001],[129.45276,35.60824],[129.45313,35.60647],[129.45345,35.60469],[129.45373,35.6029],[129.45396,35.60111],[129.45414,35.59931],[129.45427,35.59751],[129.45435,35.59571],[129.45439,35.59391],[129.45438,35.59211],[129.45432,35.59031],[129.45422,35.58851],[129.45407,35.58671],[129.45387,35.58491],[129.45362,35.58312],[129.45332,35.58134],[129.45298,35.57956],[129.45259,35.57778],[129.45216,35.57602],[129.45168,35.57426],[129.45115,35.57251],[129.45057,35.57077],[129.44995,35.56904],[129.44929,35.56732],[129.44858,35.56562],[129.44782,35.56393],[129.44702,35.56225],[129.44618,35.56058],[129.44529,35.55893],[129.44436,35.5573],[129.44338,35.55568],[129.44236,35.55408],[129.44131,35.5525],[129.44021,35.55094],[129.43906,35.5494],[129.43788,35.54788],[129.43666,35.54638],[129.4354,35.5449],[129.4341,35.54345],[129.43276,35.54201],[129.43139,35.54061],[129.42998,35.53922],[129.42853,35.53786],[129.42704,35.53653],[129.42553,35.53522],[129.42397,35.53395],[129.42239,35.53269],[129.42077,35.53147],[129.41912,35.53028],[129.41744,35.52911],[129.41572,35.52798],[129.41398,35.52687],[129.41221,35.5258],[129.41042,35.52476],[129.40859,35.52375],[129.40674,35.52277],[129.40486,35.52182],[129.40296,35.52091],[129.40104,35.52003],[129.39909,35.51919],[129.39712,35.51838],[129.39513,35.51761],[129.39312,35.51687],[129.39109,35.51616],[129.38904,35.5155],[129.38698,35.51487],[129.3849,35.51427],[129.3828,35.51371],[129.38069,35.51319],[129.37857,35.51271],[129.37644,35.51226],[129.37429,35.51185],[129.37213,35.51148],[129.36997,35.51115],[129.36779,35.51086],[129.36561,35.5106],[129.36342,35.51039],[129.36123,35.51021],[129.35903,35.51007],[129.35683,35.50997],[129.35463,35.50991],[129.35243,35.50988],[129.35023,35.5099],[129.34802,35.50995],[129.34582,35.51005],[129.34362,35.51018],[129.34143,35.51035],[129.33924,35.51056],[129.33706,35.51081],[129.33488,35.51109],[129.33272,35.51142],[129.33056,35.51178],[129.32841,35.51218],[129.32627,35.51262],[129.32415,35.5131],[129.32203,35.51361],[129.31994,35.51416],[129.31785,35.51475],[129.31579,35.51538],[129.31374,35.51604],[129.3117,35.51673],[129.30969,35.51747],[129.3077,35.51823],[129.30572,35.51904],[129.30377,35.51987],[129.30184,35.52074],[129.29994,35.52165],[129.29805,35.52259],[129.2962,35.52356],[129.29437,35.52456],[129.29257,35.5256],[129.29079,35.52667],[129.28904,35.52777],[129.28733,35.5289],[129.28564,35.53006],[129.28398,35.53124],[129.28236,35.53246],[129.28077,35.53371],[129.27921,35.53498],[129.27768,35.53628],[129.27619,35.53761],[129.27474,35.53897],[129.27332,35.54034],[129.27194,35.54175],[129.27059,35.54318],[129.26928,35.54463],[129.26802,35.5461],[129.26679,35.5476],[129.2656,35.54911],[129.26445,35.55065],[129.26334,35.55221],[129.26227,35.55379],[129.26125,35.55538],[129.26027,35.557],[129.25933,35.55863],[129.25843,35.56027],[129.25758,35.56193],[129.25677,35.56361],[129.25601,35.5653],[129.25529,35.567],[129.25461,35.56872],[129.25398,35.57045],[129.2534,35.57218],[129.25286,35.57393],[129.25237,35.57569],[129.25193,35.57745],[129.25153,35.57922],[129.25118,35.581],[129.25088,35.58279],[129.25062,35.58458],[129.25041,35.58637],[129.25025,35.58817],[129.25014,35.58997],[129.25007,35.59177],[129.25005,35.59357],[129.25008,35.59537],[129.25016,35.59717],[129.25028,35.59897],[129.25045,35.60077],[129.25067,35.60256],[129.25094,35.60435],[129.25125,35.60613],[129.25161,35.60791],[129.25202,35.60968],[129.25247,35.61145],[129.25297,35.6132],[129.25352,35.61495],[129.25412,35.61668],[129.25475,35.61841],[129.25544,35.62012],[129.25617,35.62182],[129.25694,35.62351],[129.25776,35.62518],[129.25863,35.62684],[129.25953,35.62848],[129.26048,35.63011],[129.26148,35.63172],[129.26251,35.63331],[129.26359,35.63488],[129.26471,35.63643],[129.26587,35.63797],[129.26707,35.63948],[129.2683,35.64097],[129.26958,35.64244],[129.2709,35.64389],[129.27226,35.64531],[129.27365,35.64671],[129.27508,35.64808],[129.27654,35.64943],[129.27804,35.65075],[129.27958,35.65204],[129.28115,35.65331],[129.28275,35.65455],[129.28439,35.65576],[129.28605,35.65694],[129.28775,35.65809],[129.28948,35.65922],[129.29124,35.66031],[129.29302,35.66137],[129.29483,35.6624],[129.29668,35.66339],[129.29854,35.66436],[129.30043,35.66529],[129.30235,35.66618],[129.30429,35.66704],[129.30625,35.66787],[129.30823,35.66867],[129.31023,35.66942],[129.31226,35.67015],[129.3143,35.67083],[129.31636,35.67148],[129.31843,35.6721],[129.32052,35.67268],[129.32263,35.67322],[129.32475,35.67372],[129.32689,35.67419],[129.32903,35.67461],[129.33119,35.675],[129.33335,35.67536],[129.33553,35.67567],[129.33771,35.67594],[129.3399,35.67618],[129.34209,35.67638],[129.34429,35.67654],[129.3465,35.67666],[129.3487,35.67674],[129.35091,35.67678],[129.35312,35.67679],[129.35533,35.67675]]]]},"properties":{"ctr_lbl_1":"ULSAN"},"id":"LT_C_AISCTRC.32"},{"type":"Feature","geometry":{"type":"MultiPolygon","coordinates":[[[[127.11491,37.52927],[127.11717,37.52923],[127.11943,37.52916],[127.12169,37.52905],[127.12394,37.5289],[127.12619,37.52872],[127.12843,37.52849],[127.13067,37.52823],[127.1329,37.52792],[127.13512,37.52758],[127.13733,37.5272],[127.13953,37.52678],[127.14172,37.52633],[127.1439,37.52583],[127.14606,37.5253],[127.1482,37.52474],[127.15034,37.52413],[127.15245,37.52349],[127.15454,37.52281],[127.15662,37.5221],[127.15868,37.52135],[127.16072,37.52057],[127.16273,37.51975],[127.16472,37.5189],[127.16669,37.51801],[127.16863,37.51709],[127.17055,37.51614],[127.17244,37.51515],[127.17431,37.51413],[127.17615,37.51308],[127.17795,37.512],[127.17973,37.51088],[127.18148,37.50974],[127.18319,37.50856],[127.18488,37.50736],[127.18653,37.50613],[127.18814,37.50487],[127.18973,37.50358],[127.19127,37.50227],[127.19278,37.50093],[127.19426,37.49956],[127.19569,37.49817],[127.19709,37.49676],[127.19845,37.49532],[127.19977,37.49385],[127.20105,37.49237],[127.20229,37.49086],[127.20349,37.48934],[127.20465,37.48779],[127.20576,37.48622],[127.20683,37.48463],[127.20786,37.48303],[127.20885,37.48141],[127.20979,37.47977],[127.21068,37.47812],[127.21154,37.47645],[127.21234,37.47477],[127.2131,37.47307],[127.21381,37.47136],[127.21448,37.46964],[127.2151,37.46791],[127.21567,37.46616],[127.2162,37.46441],[127.21668,37.46265],[127.21711,37.46088],[127.21749,37.45911],[127.21783,37.45732],[127.21811,37.45554],[127.21835,37.45375],[127.21854,37.45195],[127.21868,37.45015],[127.21877,37.44835],[127.21881,37.44655],[127.2188,37.44475],[127.21875,37.44295],[127.21865,37.44115],[127.21849,37.43935],[127.21829,37.43756],[127.21804,37.43577],[127.21774,37.43398],[127.2174,37.4322],[127.217,37.43043],[127.21656,37.42866],[127.21607,37.4269],[127.21553,37.42515],[127.21495,37.42341],[127.21432,37.42168],[127.21364,37.41997],[127.21292,37.41826],[127.21214,37.41657],[127.21133,37.41489],[127.21047,37.41322],[127.20956,37.41157],[127.20861,37.40994],[127.20762,37.40832],[127.20658,37.40672],[127.2055,37.40514],[127.20437,37.40358],[127.20321,37.40203],[127.202,37.40051],[127.20075,37.39901],[127.19946,37.39753],[127.19814,37.39607],[127.19677,37.39464],[127.19536,37.39323],[127.19392,37.39184],[127.19244,37.39048],[127.19092,37.38915],[127.18937,37.38784],[127.18778,37.38656],[127.18616,37.38531],[127.18451,37.38408],[127.18282,37.38288],[127.1811,37.38172],[127.17935,37.38058],[127.17757,37.37947],[127.17576,37.3784],[127.17392,37.37735],[127.17205,37.37634],[127.17016,37.37536],[127.16824,37.37441],[127.16629,37.3735],[127.16432,37.37262],[127.16233,37.37177],[127.16032,37.37096],[127.15828,37.37018],[127.15622,37.36944],[127.15415,37.36873],[127.15205,37.36806],[127.14994,37.36743],[127.14781,37.36683],[127.14566,37.36627],[127.1435,37.36575],[127.14133,37.36526],[127.13914,37.36481],[127.13695,37.3644],[127.13474,37.36403],[127.13252,37.36369],[127.1303,37.3634],[127.12806,37.36314],[127.12582,37.36292],[127.12358,37.36274],[127.12133,37.3626],[127.11907,37.36249],[127.11682,37.36243],[127.11456,37.3624],[127.1123,37.36241],[127.11005,37.36246],[127.10779,37.36255],[127.10554,37.36268],[127.1033,37.36285],[127.10105,37.36306],[127.09882,37.3633],[127.09659,37.36359],[127.09437,37.36391],[127.09216,37.36427],[127.08996,37.36467],[127.08777,37.3651],[127.08559,37.36558],[127.08342,37.36609],[127.08127,37.36663],[127.07914,37.36722],[127.07702,37.36784],[127.07492,37.3685],[127.07284,37.36919],[127.07077,37.36992],[127.06873,37.37069],[127.06671,37.37148],[127.0647,37.37232],[127.06273,37.37319],[127.06077,37.37409],[127.05884,37.37503],[127.05694,37.376],[127.05506,37.377],[127.05322,37.37803],[127.0514,37.37909],[127.0496,37.38019],[127.04784,37.38132],[127.04611,37.38247],[127.04441,37.38366],[127.04275,37.38488],[127.04111,37.38612],[127.03951,37.38739],[127.03795,37.38869],[127.03642,37.39002],[127.03493,37.39137],[127.03347,37.39274],[127.03205,37.39414],[127.03067,37.39557],[127.02933,37.39702],[127.02803,37.39849],[127.02677,37.39999],[127.02554,37.4015],[127.02436,37.40304],[127.02323,37.40459],[127.02213,37.40617],[127.02108,37.40776],[127.02007,37.40937],[127.0191,37.411],[127.01818,37.41264],[127.0173,37.4143],[127.01647,37.41598],[127.01568,37.41767],[127.01494,37.41937],[127.01425,37.42108],[127.0136,37.42281],[127.013,37.42455],[127.01245,37.42629],[127.01194,37.42805],[127.01148,37.42981],[127.01107,37.43158],[127.01071,37.43336],[127.01039,37.43515],[127.01013,37.43693],[127.00991,37.43873],[127.00974,37.44052],[127.00962,37.44232],[127.00955,37.44412],[127.00952,37.44593],[127.00955,37.44773],[127.00962,37.44953],[127.00975,37.45133],[127.00992,37.45312],[127.01014,37.45491],[127.01041,37.4567],[127.01072,37.45849],[127.01109,37.46026],[127.0115,37.46204],[127.01196,37.4638],[127.01247,37.46555],[127.01303,37.4673],[127.01363,37.46904],[127.01429,37.47076],[127.01498,37.47248],[127.01573,37.47418],[127.01652,37.47586],[127.01735,37.47754],[127.01823,37.4792],[127.01916,37.48084],[127.02013,37.48247],[127.02114,37.48408],[127.0222,37.48567],[127.0233,37.48724],[127.02444,37.4888],[127.02562,37.49033],[127.02685,37.49185],[127.02811,37.49334],[127.02942,37.49481],[127.03077,37.49626],[127.03215,37.49768],[127.03358,37.49908],[127.03504,37.50046],[127.03653,37.50181],[127.03807,37.50313],[127.03964,37.50443],[127.04124,37.50569],[127.04288,37.50694],[127.04455,37.50815],[127.04626,37.50933],[127.04799,37.51049],[127.04976,37.51161],[127.05156,37.5127],[127.05339,37.51377],[127.05524,37.5148],[127.05712,37.5158],[127.05903,37.51676],[127.06097,37.51769],[127.06293,37.51859],[127.06491,37.51946],[127.06692,37.52029],[127.06895,37.52108],[127.071,37.52185],[127.07307,37.52257],[127.07516,37.52326],[127.07726,37.52391],[127.07939,37.52453],[127.08153,37.52511],[127.08369,37.52565],[127.08586,37.52616],[127.08804,37.52663],[127.09024,37.52706],[127.09245,37.52745],[127.09466,37.52781],[127.09689,37.52812],[127.09912,37.5284],[127.10137,37.52864],[127.10361,37.52884],[127.10587,37.52901],[127.10812,37.52913],[127.11038,37.52921],[127.11264,37.52926],[127.11491,37.52927]]]]},"properties":{"ctr_lbl_1":"SEOUL"},"id":"LT_C_AISCTRC.33"},{"type":"Feature","geometry":{"type":"MultiPolygon","coordinates":[[[[129.4218,36.0712],[129.42402,36.07112],[129.42624,36.07101],[129.42845,36.07085],[129.43065,36.07066],[129.43286,36.07043],[129.43505,36.07016],[129.43724,36.06985],[129.43942,36.06951],[129.44158,36.06912],[129.44374,36.0687],[129.44589,36.06824],[129.44802,36.06774],[129.45014,36.06721],[129.45225,36.06664],[129.45433,36.06603],[129.45641,36.06538],[129.45846,36.0647],[129.4605,36.06399],[129.46251,36.06323],[129.46451,36.06244],[129.46648,36.06162],[129.46844,36.06076],[129.47037,36.05987],[129.47227,36.05895],[129.47415,36.05799],[129.476,36.057],[129.47783,36.05598],[129.47963,36.05492],[129.4814,36.05384],[129.48314,36.05272],[129.48485,36.05157],[129.48653,36.05039],[129.48818,36.04919],[129.4898,36.04795],[129.49138,36.04669],[129.49293,36.0454],[129.49444,36.04408],[129.49592,36.04274],[129.49736,36.04137],[129.49877,36.03997],[129.50013,36.03855],[129.50146,36.03711],[129.50276,36.03565],[129.50401,36.03416],[129.50522,36.03265],[129.50639,36.03112],[129.50752,36.02957],[129.50861,36.028],[129.50966,36.02641],[129.51066,36.0248],[129.51162,36.02318],[129.51254,36.02154],[129.51342,36.01988],[129.51425,36.01821],[129.51503,36.01653],[129.51577,36.01483],[129.51647,36.01312],[129.51712,36.0114],[129.51772,36.00966],[129.51828,36.00792],[129.51879,36.00616],[129.51925,36.0044],[129.51967,36.00263],[129.52004,36.00086],[129.52036,35.99907],[129.52064,35.99728],[129.52087,35.99549],[129.52105,35.9937],[129.52118,35.9919],[129.52126,35.9901],[129.5213,35.9883],[129.52129,35.98649],[129.52123,35.98469],[129.52112,35.98289],[129.52097,35.98109],[129.52076,35.9793],[129.52051,35.97751],[129.52021,35.97572],[129.51987,35.97394],[129.51948,35.97217],[129.51904,35.9704],[129.51855,35.96865],[129.51802,35.9669],[129.51744,35.96516],[129.51682,35.96343],[129.51615,35.96171],[129.51543,35.96001],[129.51467,35.95831],[129.51386,35.95664],[129.51301,35.95497],[129.51212,35.95332],[129.51118,35.95169],[129.5102,35.95007],[129.50918,35.94848],[129.50811,35.9469],[129.507,35.94534],[129.50585,35.94379],[129.50467,35.94227],[129.50344,35.94077],[129.50217,35.9393],[129.50086,35.93784],[129.49952,35.93641],[129.49813,35.935],[129.49671,35.93362],[129.49526,35.93226],[129.49376,35.93093],[129.49224,35.92963],[129.49067,35.92835],[129.48908,35.9271],[129.48745,35.92587],[129.48579,35.92468],[129.4841,35.92352],[129.48238,35.92238],[129.48063,35.92128],[129.47885,35.92021],[129.47704,35.91916],[129.4752,35.91816],[129.47334,35.91718],[129.47146,35.91623],[129.46955,35.91532],[129.46761,35.91445],[129.46565,35.9136],[129.46367,35.9128],[129.46167,35.91202],[129.45965,35.91129],[129.45761,35.91058],[129.45555,35.90992],[129.45348,35.90929],[129.45139,35.90869],[129.44928,35.90814],[129.44716,35.90762],[129.44503,35.90713],[129.44288,35.90669],[129.44072,35.90628],[129.43855,35.90591],[129.43638,35.90558],[129.43419,35.90529],[129.432,35.90504],[129.4298,35.90482],[129.4276,35.90464],[129.42539,35.90451],[129.42318,35.90441],[129.42096,35.90435],[129.41875,35.90432],[129.41653,35.90434],[129.41432,35.9044],[129.41211,35.90449],[129.4099,35.90462],[129.40769,35.9048],[129.40549,35.90501],[129.4033,35.90526],[129.40111,35.90555],[129.39894,35.90587],[129.39677,35.90624],[129.39461,35.90664],[129.39246,35.90708],[129.39033,35.90756],[129.3882,35.90807],[129.38609,35.90862],[129.384,35.90921],[129.38192,35.90984],[129.37986,35.9105],[129.37782,35.9112],[129.3758,35.91193],[129.3738,35.9127],[129.37181,35.9135],[129.36985,35.91434],[129.36791,35.91521],[129.366,35.91612],[129.36411,35.91706],[129.36225,35.91803],[129.36041,35.91904],[129.3586,35.92008],[129.35681,35.92114],[129.35506,35.92224],[129.35333,35.92337],[129.35164,35.92454],[129.34997,35.92573],[129.34834,35.92694],[129.34674,35.92819],[129.34518,35.92947],[129.34365,35.93077],[129.34215,35.9321],[129.34069,35.93345],[129.33926,35.93483],[129.33788,35.93624],[129.33652,35.93766],[129.33521,35.93912],[129.33394,35.94059],[129.33271,35.94209],[129.33151,35.94361],[129.33036,35.94514],[129.32925,35.9467],[129.32818,35.94828],[129.32715,35.94988],[129.32616,35.95149],[129.32522,35.95312],[129.32432,35.95477],[129.32346,35.95643],[129.32265,35.95811],[129.32188,35.9598],[129.32116,35.9615],[129.32049,35.96322],[129.31986,35.96494],[129.31927,35.96668],[129.31873,35.96843],[129.31824,35.97019],[129.3178,35.97195],[129.3174,35.97373],[129.31705,35.9755],[129.31674,35.97729],[129.31649,35.97908],[129.31628,35.98087],[129.31612,35.98267],[129.31601,35.98447],[129.31594,35.98627],[129.31592,35.98807],[129.31595,35.98987],[129.31603,35.99168],[129.31616,35.99347],[129.31633,35.99527],[129.31655,35.99706],[129.31682,35.99885],[129.31714,36.00064],[129.3175,36.00241],[129.31791,36.00418],[129.31837,36.00595],[129.31888,36.0077],[129.31943,36.00945],[129.32003,36.01118],[129.32067,36.01291],[129.32136,36.01462],[129.3221,36.01632],[129.32288,36.01801],[129.3237,36.01968],[129.32457,36.02134],[129.32548,36.02298],[129.32644,36.02461],[129.32744,36.02621],[129.32848,36.02781],[129.32956,36.02938],[129.33069,36.03093],[129.33186,36.03246],[129.33306,36.03397],[129.33431,36.03546],[129.3356,36.03693],[129.33692,36.03838],[129.33828,36.0398],[129.33969,36.0412],[129.34112,36.04257],[129.3426,36.04392],[129.34411,36.04524],[129.34565,36.04653],[129.34723,36.0478],[129.34884,36.04904],[129.35049,36.05025],[129.35216,36.05143],[129.35387,36.05258],[129.35561,36.0537],[129.35737,36.05479],[129.35917,36.05585],[129.36099,36.05688],[129.36284,36.05787],[129.36472,36.05883],[129.36662,36.05976],[129.36855,36.06066],[129.3705,36.06152],[129.37247,36.06235],[129.37446,36.06314],[129.37647,36.06389],[129.37851,36.06462],[129.38056,36.0653],[129.38263,36.06595],[129.38472,36.06656],[129.38682,36.06714],[129.38894,36.06768],[129.39107,36.06818],[129.39321,36.06865],[129.39537,36.06907],[129.39754,36.06946],[129.39972,36.06981],[129.4019,36.07013],[129.4041,36.0704],[129.4063,36.07064],[129.4085,36.07083],[129.41071,36.07099],[129.41293,36.07111],[129.41515,36.07119],[129.41736,36.07123],[129.41958,36.07123],[129.4218,36.0712]]]]},"properties":{"ctr_lbl_1":"POHANG"},"id":"LT_C_AISCTRC.34"},{"type":"Feature","geometry":{"type":"MultiPolygon","coordinates":[[[[126.71334,33.4817],[126.71549,33.48168],[126.71763,33.48161],[126.71978,33.48151],[126.72192,33.48137],[126.72406,33.48119],[126.72619,33.48097],[126.72832,33.48072],[126.73044,33.48042],[126.73255,33.48009],[126.73465,33.47971],[126.73674,33.4793],[126.73882,33.47886],[126.74089,33.47837],[126.74294,33.47785],[126.74499,33.47729],[126.74701,33.47669],[126.74902,33.47606],[126.75102,33.47539],[126.75299,33.47468],[126.75495,33.47394],[126.75689,33.47317],[126.75881,33.47235],[126.7607,33.47151],[126.76258,33.47063],[126.76443,33.46971],[126.76625,33.46877],[126.76805,33.46779],[126.76983,33.46678],[126.77158,33.46573],[126.7733,33.46466],[126.775,33.46355],[126.77666,33.46241],[126.7783,33.46124],[126.7799,33.46005],[126.78147,33.45882],[126.78302,33.45757],[126.78452,33.45629],[126.786,33.45498],[126.78744,33.45365],[126.78885,33.45229],[126.79022,33.4509],[126.79155,33.44949],[126.79285,33.44806],[126.79411,33.4466],[126.79534,33.44512],[126.79652,33.44362],[126.79767,33.4421],[126.79878,33.44056],[126.79984,33.43899],[126.80087,33.43741],[126.80185,33.43581],[126.8028,33.4342],[126.8037,33.43256],[126.80456,33.43091],[126.80537,33.42925],[126.80615,33.42757],[126.80688,33.42588],[126.80756,33.42417],[126.80821,33.42245],[126.8088,33.42073],[126.80936,33.41899],[126.80987,33.41724],[126.81033,33.41548],[126.81075,33.41371],[126.81112,33.41194],[126.81144,33.41016],[126.81172,33.40838],[126.81196,33.40659],[126.81215,33.4048],[126.81229,33.403],[126.81239,33.4012],[126.81243,33.3994],[126.81244,33.3976],[126.81239,33.3958],[126.81231,33.394],[126.81217,33.39221],[126.81199,33.39042],[126.81176,33.38863],[126.81149,33.38684],[126.81117,33.38506],[126.8108,33.38329],[126.81039,33.38152],[126.80993,33.37976],[126.80943,33.37801],[126.80888,33.37627],[126.80829,33.37454],[126.80766,33.37282],[126.80698,33.37111],[126.80626,33.36942],[126.80549,33.36774],[126.80468,33.36607],[126.80383,33.36442],[126.80293,33.36278],[126.802,33.36117],[126.80102,33.35956],[126.8,33.35798],[126.79894,33.35641],[126.79784,33.35487],[126.7967,33.35334],[126.79552,33.35184],[126.79431,33.35036],[126.79305,33.3489],[126.79176,33.34746],[126.79043,33.34605],[126.78907,33.34466],[126.78767,33.34329],[126.78624,33.34196],[126.78477,33.34064],[126.78327,33.33936],[126.78174,33.3381],[126.78017,33.33687],[126.77857,33.33567],[126.77694,33.3345],[126.77529,33.33336],[126.7736,33.33224],[126.77189,33.33116],[126.77015,33.33011],[126.76838,33.3291],[126.76658,33.32811],[126.76476,33.32716],[126.76292,33.32624],[126.76106,33.32535],[126.75917,33.3245],[126.75726,33.32368],[126.75533,33.3229],[126.75338,33.32215],[126.75141,33.32144],[126.74942,33.32076],[126.74742,33.32012],[126.7454,33.31952],[126.74337,33.31895],[126.74132,33.31842],[126.73925,33.31793],[126.73718,33.31747],[126.7351,33.31705],[126.733,33.31667],[126.7309,33.31633],[126.72878,33.31603],[126.72666,33.31576],[126.72454,33.31553],[126.7224,33.31534],[126.72027,33.31519],[126.71813,33.31508],[126.71599,33.31501],[126.71384,33.31498],[126.7117,33.31498],[126.70956,33.31503],[126.70742,33.31511],[126.70528,33.31523],[126.70314,33.31539],[126.70101,33.31559],[126.69889,33.31583],[126.69677,33.3161],[126.69466,33.31642],[126.69256,33.31677],[126.69046,33.31716],[126.68838,33.31759],[126.68631,33.31805],[126.68425,33.31856],[126.68221,33.3191],[126.68018,33.31967],[126.67816,33.32029],[126.67616,33.32094],[126.67418,33.32162],[126.67222,33.32234],[126.67027,33.3231],[126.66835,33.32389],[126.66644,33.32472],[126.66456,33.32558],[126.6627,33.32648],[126.66086,33.32741],[126.65905,33.32837],[126.65726,33.32936],[126.6555,33.33039],[126.65377,33.33145],[126.65206,33.33254],[126.65038,33.33365],[126.64873,33.3348],[126.64711,33.33598],[126.64552,33.33719],[126.64397,33.33843],[126.64244,33.3397],[126.64095,33.34099],[126.63949,33.34231],[126.63807,33.34365],[126.63668,33.34502],[126.63532,33.34642],[126.634,33.34784],[126.63272,33.34928],[126.63148,33.35075],[126.63027,33.35224],[126.6291,33.35375],[126.62798,33.35528],[126.62689,33.35683],[126.62584,33.3584],[126.62483,33.35999],[126.62386,33.36159],[126.62294,33.36322],[126.62205,33.36486],[126.62121,33.36651],[126.62042,33.36818],[126.61966,33.36987],[126.61895,33.37156],[126.61828,33.37328],[126.61766,33.375],[126.61708,33.37673],[126.61654,33.37847],[126.61605,33.38023],[126.61561,33.38199],[126.61521,33.38376],[126.61486,33.38553],[126.61455,33.38731],[126.61429,33.3891],[126.61407,33.39089],[126.6139,33.39268],[126.61378,33.39448],[126.6137,33.39628],[126.61367,33.39808],[126.61368,33.39988],[126.61375,33.40168],[126.61385,33.40348],[126.61401,33.40527],[126.61421,33.40706],[126.61446,33.40885],[126.61475,33.41063],[126.61509,33.41241],[126.61547,33.41418],[126.6159,33.41595],[126.61638,33.4177],[126.6169,33.41945],[126.61746,33.42118],[126.61807,33.42291],[126.61872,33.42462],[126.61942,33.42633],[126.62016,33.42802],[126.62095,33.42969],[126.62178,33.43135],[126.62265,33.433],[126.62356,33.43463],[126.62451,33.43624],[126.62551,33.43783],[126.62655,33.43941],[126.62762,33.44097],[126.62874,33.4425],[126.6299,33.44402],[126.63109,33.44552],[126.63233,33.44699],[126.6336,33.44844],[126.63491,33.44987],[126.63625,33.45127],[126.63763,33.45265],[126.63905,33.454],[126.6405,33.45533],[126.64198,33.45663],[126.6435,33.4579],[126.64505,33.45915],[126.64663,33.46037],[126.64824,33.46156],[126.64989,33.46272],[126.65156,33.46384],[126.65326,33.46494],[126.65499,33.46601],[126.65675,33.46705],[126.65853,33.46805],[126.66034,33.46902],[126.66217,33.46996],[126.66403,33.47086],[126.66591,33.47173],[126.66781,33.47257],[126.66973,33.47337],[126.67168,33.47414],[126.67364,33.47487],[126.67562,33.47557],[126.67762,33.47623],[126.67963,33.47685],[126.68166,33.47744],[126.68371,33.47799],[126.68577,33.4785],[126.68784,33.47898],[126.68992,33.47942],[126.69202,33.47982],[126.69412,33.48018],[126.69624,33.4805],[126.69836,33.48079],[126.70048,33.48103],[126.70262,33.48124],[126.70476,33.48141],[126.7069,33.48154],[126.70904,33.48163],[126.71119,33.48169],[126.71334,33.4817]]]]},"properties":{"ctr_lbl_1":"JEONGSEOK"},"id":"LT_C_AISCTRC.35"},{"type":"Feature","geometry":{"type":"MultiPolygon","coordinates":[[[[126.42,34.88194],[126.34722,34.88167],[126.34696,34.91331],[126.34539,34.9138],[126.34337,34.91448],[126.34136,34.9152],[126.33937,34.91596],[126.33741,34.91674],[126.33546,34.91757],[126.33354,34.91843],[126.33164,34.91932],[126.32976,34.92024],[126.32791,34.9212],[126.32608,34.92219],[126.32428,34.92322],[126.3225,34.92427],[126.32076,34.92536],[126.31904,34.92648],[126.31735,34.92762],[126.3157,34.9288],[126.31407,34.93001],[126.31248,34.93124],[126.31092,34.93251],[126.30939,34.9338],[126.3079,34.93511],[126.30644,34.93646],[126.30501,34.93783],[126.30363,34.93922],[126.30228,34.94064],[126.30096,34.94208],[126.29969,34.94355],[126.29845,34.94503],[126.29726,34.94654],[126.2961,34.94807],[126.29498,34.94962],[126.29391,34.95119],[126.29287,34.95278],[126.29188,34.95439],[126.29093,34.95601],[126.29003,34.95765],[126.28916,34.95931],[126.28834,34.96098],[126.28756,34.96266],[126.28683,34.96436],[126.28614,34.96607],[126.2855,34.96779],[126.2849,34.96953],[126.28435,34.97127],[126.28385,34.97303],[126.28339,34.97479],[126.28297,34.97656],[126.28261,34.97833],[126.28229,34.98012],[126.28201,34.98191],[126.28179,34.9837],[126.28161,34.98549],[126.28148,34.98729],[126.28139,34.98909],[126.28135,34.9909],[126.28136,34.9927],[126.28142,34.9945],[126.28152,34.9963],[126.28168,34.9981],[126.28187,34.99989],[126.28212,35.00168],[126.28241,35.00347],[126.28275,35.00525],[126.28314,35.00702],[126.28357,35.00879],[126.28405,35.01055],[126.28457,35.0123],[126.28514,35.01404],[126.28576,35.01577],[126.28642,35.01749],[126.28713,35.01919],[126.28788,35.02089],[126.28867,35.02256],[126.28951,35.02423],[126.2904,35.02588],[126.29132,35.02751],[126.29229,35.02913],[126.2933,35.03073],[126.29435,35.03231],[126.29545,35.03387],[126.29658,35.03541],[126.29776,35.03693],[126.29897,35.03843],[126.30023,35.03991],[126.30152,35.04137],[126.30285,35.0428],[126.30422,35.04421],[126.30562,35.04559],[126.30706,35.04695],[126.30854,35.04828],[126.31005,35.04959],[126.31159,35.05086],[126.31317,35.05212],[126.31478,35.05334],[126.31642,35.05453],[126.31809,35.0557],[126.3198,35.05683],[126.32153,35.05793],[126.32329,35.05901],[126.32508,35.06005],[126.32689,35.06106],[126.32874,35.06203],[126.3306,35.06298],[126.3325,35.06389],[126.33441,35.06476],[126.33635,35.06561],[126.33831,35.06641],[126.34029,35.06719],[126.34229,35.06792],[126.34431,35.06863],[126.34585,35.06913],[126.34556,35.10028],[126.41861,35.10056],[126.41887,35.07117],[126.41899,35.06936],[126.42125,35.06863],[126.42327,35.06792],[126.42527,35.06719],[126.42725,35.06641],[126.42921,35.06561],[126.43115,35.06476],[126.43306,35.06389],[126.43495,35.06298],[126.43682,35.06203],[126.43866,35.06106],[126.44048,35.06005],[126.44227,35.05901],[126.44403,35.05793],[126.44576,35.05683],[126.44746,35.0557],[126.44914,35.05453],[126.45078,35.05334],[126.45239,35.05212],[126.45397,35.05086],[126.45551,35.04959],[126.45702,35.04828],[126.4585,35.04695],[126.45994,35.04559],[126.46134,35.04421],[126.46271,35.0428],[126.46404,35.04137],[126.46533,35.03991],[126.46658,35.03843],[126.4678,35.03693],[126.46897,35.03541],[126.47011,35.03387],[126.4712,35.03231],[126.47225,35.03073],[126.47327,35.02913],[126.47423,35.02751],[126.47516,35.02588],[126.47604,35.02423],[126.47688,35.02256],[126.47768,35.02089],[126.47843,35.01919],[126.47913,35.01749],[126.4798,35.01577],[126.48041,35.01404],[126.48098,35.0123],[126.48151,35.01055],[126.48199,35.00879],[126.48242,35.00702],[126.4828,35.00525],[126.48314,35.00347],[126.48344,35.00168],[126.48368,34.99989],[126.48388,34.9981],[126.48403,34.9963],[126.48414,34.9945],[126.48419,34.9927],[126.4842,34.9909],[126.48416,34.98909],[126.48408,34.98729],[126.48395,34.98549],[126.48377,34.9837],[126.48354,34.98191],[126.48327,34.98012],[126.48295,34.97833],[126.48258,34.97656],[126.48217,34.97479],[126.48171,34.97303],[126.4812,34.97127],[126.48065,34.96953],[126.48005,34.96779],[126.47941,34.96607],[126.47872,34.96436],[126.47799,34.96266],[126.47722,34.96098],[126.47639,34.95931],[126.47553,34.95765],[126.47462,34.95601],[126.47367,34.95439],[126.47268,34.95278],[126.47165,34.95119],[126.47057,34.94962],[126.46945,34.94807],[126.4683,34.94654],[126.4671,34.94503],[126.46587,34.94355],[126.46459,34.94208],[126.46328,34.94064],[126.46193,34.93922],[126.46054,34.93783],[126.45912,34.93646],[126.45766,34.93511],[126.45617,34.9338],[126.45464,34.93251],[126.45308,34.93124],[126.45148,34.93001],[126.44986,34.9288],[126.4482,34.92762],[126.44651,34.92648],[126.4448,34.92536],[126.44305,34.92427],[126.44128,34.92322],[126.43948,34.92219],[126.43765,34.9212],[126.4358,34.92024],[126.43392,34.91932],[126.43202,34.91843],[126.43009,34.91757],[126.42815,34.91674],[126.42618,34.91596],[126.42419,34.9152],[126.42219,34.91448],[126.41982,34.9137],[126.41974,34.91185],[126.42,34.88194]]]]},"properties":{"ctr_lbl_1":"MUAN"},"id":"LT_C_AISCTRC.36"},{"type":"Feature","geometry":{"type":"MultiPolygon","coordinates":[[[[129.45833,36.89861],[129.47285,36.8599],[129.47508,36.85969],[129.4773,36.85944],[129.47951,36.85915],[129.48172,36.85882],[129.48391,36.85845],[129.4861,36.85805],[129.48827,36.8576],[129.49043,36.85712],[129.49258,36.8566],[129.49471,36.85605],[129.49683,36.85546],[129.49893,36.85483],[129.50101,36.85416],[129.50308,36.85346],[129.50512,36.85272],[129.50715,36.85195],[129.50915,36.85114],[129.51113,36.8503],[129.51309,36.84943],[129.51503,36.84851],[129.51694,36.84757],[129.51882,36.8466],[129.52068,36.84559],[129.52251,36.84455],[129.52431,36.84347],[129.52608,36.84237],[129.52782,36.84124],[129.52953,36.84007],[129.53121,36.83888],[129.53286,36.83766],[129.53447,36.8364],[129.53605,36.83513],[129.5376,36.83382],[129.53911,36.83249],[129.54058,36.83113],[129.54202,36.82975],[129.54341,36.82834],[129.54477,36.82691],[129.5461,36.82545],[129.54738,36.82398],[129.54862,36.82248],[129.54982,36.82096],[129.55098,36.81941],[129.5521,36.81785],[129.55318,36.81627],[129.55421,36.81467],[129.5552,36.81306],[129.55615,36.81143],[129.55705,36.80978],[129.55791,36.80811],[129.55872,36.80643],[129.55949,36.80474],[129.56021,36.80304],[129.56089,36.80132],[129.56152,36.79959],[129.5621,36.79785],[129.56264,36.7961],[129.56313,36.79434],[129.56357,36.79258],[129.56396,36.7908],[129.56431,36.78902],[129.56461,36.78724],[129.56486,36.78545],[129.56506,36.78365],[129.56522,36.78186],[129.56533,36.78006],[129.56538,36.77825],[129.56539,36.77645],[129.56535,36.77465],[129.56527,36.77285],[129.56513,36.77105],[129.56495,36.76926],[129.56472,36.76747],[129.56444,36.76568],[129.56411,36.7639],[129.56373,36.76212],[129.56331,36.76035],[129.56284,36.75859],[129.56232,36.75684],[129.56176,36.75509],[129.56115,36.75336],[129.56049,36.75164],[129.55979,36.74993],[129.55904,36.74823],[129.55825,36.74654],[129.55741,36.74487],[129.55652,36.74322],[129.55559,36.74158],[129.55462,36.73996],[129.55361,36.73835],[129.55255,36.73676],[129.55145,36.73519],[129.55031,36.73364],[129.54912,36.73211],[129.5479,36.73061],[129.54664,36.72912],[129.54533,36.72765],[129.54399,36.72621],[129.54261,36.72479],[129.54119,36.7234],[129.53974,36.72203],[129.53824,36.72069],[129.53672,36.71937],[129.53516,36.71808],[129.53356,36.71682],[129.53193,36.71558],[129.53027,36.71438],[129.52947,36.71382],[129.54444,36.67528],[129.46528,36.65528],[129.4505,36.69399],[129.44939,36.69409],[129.44717,36.69432],[129.44496,36.69459],[129.44276,36.6949],[129.44056,36.69525],[129.43837,36.69564],[129.4362,36.69606],[129.43404,36.69652],[129.43189,36.69702],[129.42975,36.69756],[129.42763,36.69813],[129.42552,36.69874],[129.42344,36.69938],[129.42137,36.70007],[129.41931,36.70078],[129.41728,36.70154],[129.41527,36.70233],[129.41328,36.70315],[129.41131,36.70401],[129.40937,36.7049],[129.40745,36.70582],[129.40555,36.70678],[129.40368,36.70777],[129.40184,36.7088],[129.40003,36.70985],[129.39824,36.71094],[129.39649,36.71205],[129.39476,36.7132],[129.39307,36.71438],[129.3914,36.71558],[129.38977,36.71682],[129.38818,36.71808],[129.38661,36.71937],[129.38509,36.72069],[129.3836,36.72203],[129.38214,36.7234],[129.38072,36.72479],[129.37934,36.72621],[129.378,36.72765],[129.3767,36.72912],[129.37543,36.73061],[129.37421,36.73211],[129.37302,36.73364],[129.37188,36.73519],[129.37078,36.73676],[129.36972,36.73835],[129.36871,36.73996],[129.36774,36.74158],[129.36681,36.74322],[129.36593,36.74487],[129.36509,36.74654],[129.36429,36.74823],[129.36354,36.74993],[129.36284,36.75164],[129.36218,36.75336],[129.36157,36.75509],[129.36101,36.75684],[129.36049,36.75859],[129.36002,36.76035],[129.3596,36.76212],[129.35922,36.7639],[129.3589,36.76568],[129.35862,36.76747],[129.35838,36.76926],[129.3582,36.77105],[129.35806,36.77285],[129.35798,36.77465],[129.35794,36.77645],[129.35795,36.77825],[129.35801,36.78006],[129.35811,36.78186],[129.35827,36.78365],[129.35847,36.78545],[129.35872,36.78724],[129.35902,36.78902],[129.35937,36.7908],[129.35976,36.79258],[129.3602,36.79434],[129.36069,36.7961],[129.36123,36.79785],[129.36181,36.79959],[129.36244,36.80132],[129.36312,36.80304],[129.36384,36.80474],[129.36461,36.80643],[129.36542,36.80811],[129.36628,36.80978],[129.36718,36.81143],[129.36813,36.81306],[129.36912,36.81467],[129.37016,36.81627],[129.37123,36.81785],[129.37235,36.81941],[129.37351,36.82096],[129.37471,36.82248],[129.37595,36.82398],[129.37724,36.82545],[129.37856,36.82691],[129.37992,36.82834],[129.38132,36.82975],[129.38275,36.83113],[129.38423,36.83249],[129.38573,36.83382],[129.38728,36.83513],[129.38886,36.8364],[129.39047,36.83766],[129.39212,36.83888],[129.3938,36.84007],[129.37889,36.87861],[129.45833,36.89861]]]]},"properties":{"ctr_lbl_1":"ULJIN"},"id":"LT_C_AISCTRC.37"},{"type":"Feature","geometry":{"type":"MultiPolygon","coordinates":[[[[128.7084,38.14547],[128.70841,38.14367],[128.70837,38.14187],[128.70828,38.14007],[128.70819,38.13888],[128.70723,38.13919],[128.70509,38.13982],[128.70294,38.14041],[128.70077,38.14097],[128.69859,38.14149],[128.69639,38.14198],[128.69418,38.14242],[128.69196,38.14283],[128.68973,38.1432],[128.68749,38.14353],[128.68524,38.14382],[128.68298,38.14408],[128.68072,38.1443],[128.67845,38.14447],[128.67618,38.14461],[128.6739,38.14471],[128.67162,38.14478],[128.66934,38.1448],[128.66706,38.14478],[128.66478,38.14473],[128.6625,38.14463],[128.66023,38.1445],[128.65796,38.14433],[128.6557,38.14412],[128.65344,38.14387],[128.65119,38.14358],[128.64894,38.14325],[128.64671,38.14289],[128.64449,38.14249],[128.64228,38.14205],[128.64008,38.14157],[128.63789,38.14105],[128.63572,38.1405],[128.63357,38.13991],[128.63143,38.13929],[128.62931,38.13862],[128.62721,38.13792],[128.62513,38.13719],[128.62307,38.13642],[128.62103,38.13562],[128.61901,38.13478],[128.61701,38.1339],[128.61504,38.133],[128.6131,38.13206],[128.61118,38.13108],[128.60929,38.13008],[128.60743,38.12904],[128.60559,38.12797],[128.60379,38.12687],[128.60202,38.12574],[128.60027,38.12458],[128.59856,38.12339],[128.59689,38.12217],[128.59524,38.12092],[128.59363,38.11964],[128.59206,38.11834],[128.59052,38.11701],[128.58902,38.11565],[128.58756,38.11427],[128.58613,38.11287],[128.58475,38.11144],[128.5834,38.10999],[128.58209,38.10851],[128.58083,38.10701],[128.5796,38.10549],[128.57842,38.10396],[128.57728,38.1024],[128.57618,38.10082],[128.57512,38.09922],[128.57411,38.09761],[128.57315,38.09598],[128.57223,38.09433],[128.57135,38.09267],[128.57052,38.09099],[128.56973,38.0893],[128.569,38.0876],[128.5683,38.08588],[128.56766,38.08415],[128.56706,38.08241],[128.56651,38.08067],[128.56601,38.07891],[128.56556,38.07715],[128.56515,38.07537],[128.5648,38.07359],[128.56449,38.07181],[128.56423,38.07002],[128.56402,38.06823],[128.56388,38.06661],[128.56385,38.06662],[128.56174,38.0673],[128.55965,38.06802],[128.55758,38.06877],[128.55553,38.06956],[128.5535,38.07038],[128.5515,38.07124],[128.54952,38.07213],[128.54756,38.07306],[128.54563,38.07402],[128.54373,38.07501],[128.54186,38.07603],[128.54001,38.07708],[128.53819,38.07817],[128.5364,38.07929],[128.53465,38.08043],[128.53292,38.08161],[128.53123,38.08282],[128.52957,38.08405],[128.52794,38.08531],[128.52635,38.0866],[128.52479,38.08792],[128.52328,38.08926],[128.52179,38.09063],[128.52035,38.09202],[128.51894,38.09344],[128.51758,38.09488],[128.51625,38.09635],[128.51496,38.09783],[128.51371,38.09934],[128.51251,38.10087],[128.51135,38.10242],[128.51023,38.10399],[128.50915,38.10558],[128.50812,38.10718],[128.50713,38.1088],[128.50618,38.11044],[128.50528,38.1121],[128.50443,38.11377],[128.50362,38.11545],[128.50285,38.11715],[128.50214,38.11886],[128.50147,38.12058],[128.50085,38.12231],[128.50027,38.12406],[128.49974,38.12581],[128.49927,38.12757],[128.49884,38.12934],[128.49845,38.13111],[128.49812,38.1329],[128.49783,38.13468],[128.4976,38.13647],[128.49741,38.13827],[128.49727,38.14007],[128.49718,38.14187],[128.49714,38.14367],[128.49715,38.14547],[128.49721,38.14727],[128.49732,38.14907],[128.49748,38.15087],[128.49769,38.15266],[128.49794,38.15445],[128.49825,38.15624],[128.4986,38.15802],[128.499,38.15979],[128.49945,38.16155],[128.49995,38.16331],[128.50049,38.16506],[128.50109,38.1668],[128.50173,38.16853],[128.50242,38.17025],[128.50315,38.17195],[128.50394,38.17364],[128.50476,38.17532],[128.50564,38.17699],[128.50656,38.17863],[128.50752,38.18027],[128.50853,38.18188],[128.50958,38.18348],[128.51068,38.18506],[128.51182,38.18662],[128.513,38.18816],[128.51422,38.18968],[128.51549,38.19118],[128.51679,38.19266],[128.51814,38.19411],[128.51952,38.19555],[128.52095,38.19695],[128.52241,38.19834],[128.52391,38.19969],[128.52545,38.20103],[128.52702,38.20233],[128.52863,38.20361],[128.53027,38.20486],[128.53195,38.20608],[128.53366,38.20727],[128.5354,38.20844],[128.53718,38.20957],[128.53898,38.21067],[128.54081,38.21175],[128.54268,38.21279],[128.54457,38.2138],[128.54649,38.21477],[128.54843,38.21572],[128.5504,38.21663],[128.5524,38.2175],[128.55442,38.21834],[128.55646,38.21915],[128.55852,38.21992],[128.5606,38.22066],[128.56271,38.22136],[128.56483,38.22203],[128.56697,38.22266],[128.56912,38.22325],[128.5713,38.2238],[128.57348,38.22432],[128.57568,38.2248],[128.5779,38.22525],[128.58012,38.22565],[128.58236,38.22602],[128.5846,38.22635],[128.58685,38.22664],[128.58912,38.22689],[128.59138,38.2271],[128.59366,38.22728],[128.59593,38.22741],[128.59821,38.22751],[128.60049,38.22757],[128.60278,38.22759],[128.60506,38.22757],[128.60734,38.22751],[128.60962,38.22741],[128.6119,38.22728],[128.61417,38.2271],[128.61644,38.22689],[128.6187,38.22664],[128.62095,38.22635],[128.6232,38.22602],[128.62543,38.22565],[128.62766,38.22525],[128.62987,38.2248],[128.63207,38.22432],[128.63426,38.2238],[128.63643,38.22325],[128.63859,38.22266],[128.64073,38.22203],[128.64285,38.22136],[128.64495,38.22066],[128.64704,38.21992],[128.6491,38.21915],[128.65114,38.21834],[128.65316,38.2175],[128.65515,38.21663],[128.65712,38.21572],[128.65907,38.21477],[128.66099,38.2138],[128.66288,38.21279],[128.66474,38.21175],[128.66658,38.21067],[128.66838,38.20957],[128.67015,38.20844],[128.6719,38.20727],[128.67361,38.20608],[128.67528,38.20486],[128.67693,38.20361],[128.67853,38.20233],[128.68011,38.20103],[128.68164,38.19969],[128.68314,38.19834],[128.68461,38.19695],[128.68603,38.19555],[128.68742,38.19411],[128.68876,38.19266],[128.69007,38.19118],[128.69133,38.18968],[128.69256,38.18816],[128.69374,38.18662],[128.69488,38.18506],[128.69597,38.18348],[128.69703,38.18188],[128.69803,38.18027],[128.699,38.17863],[128.69992,38.17699],[128.70079,38.17532],[128.70162,38.17364],[128.7024,38.17195],[128.70314,38.17025],[128.70383,38.16853],[128.70447,38.1668],[128.70506,38.16506],[128.70561,38.16331],[128.70611,38.16155],[128.70656,38.15979],[128.70696,38.15802],[128.70731,38.15624],[128.70761,38.15445],[128.70787,38.15266],[128.70808,38.15087],[128.70823,38.14907],[128.70834,38.14727],[128.7084,38.14547]]]]},"properties":{"ctr_lbl_1":"SOCKCHO CTLZ"},"id":"LT_C_AISCTRC.38"},{"type":"Feature","geometry":{"type":"MultiPolygon","coordinates":[[[[129.45833,36.89861],[129.47285,36.8599],[129.47508,36.85969],[129.4773,36.85944],[129.47951,36.85915],[129.48172,36.85882],[129.48391,36.85845],[129.4861,36.85805],[129.48827,36.8576],[129.49043,36.85712],[129.49258,36.8566],[129.49471,36.85605],[129.49683,36.85546],[129.49893,36.85483],[129.50101,36.85416],[129.50308,36.85346],[129.50512,36.85272],[129.50715,36.85195],[129.50915,36.85114],[129.51113,36.8503],[129.51309,36.84943],[129.51503,36.84851],[129.51694,36.84757],[129.51882,36.8466],[129.52068,36.84559],[129.52251,36.84455],[129.52431,36.84347],[129.52608,36.84237],[129.52782,36.84124],[129.52953,36.84007],[129.53121,36.83888],[129.53286,36.83766],[129.53447,36.8364],[129.53605,36.83513],[129.5376,36.83382],[129.53911,36.83249],[129.54058,36.83113],[129.54202,36.82975],[129.54341,36.82834],[129.54477,36.82691],[129.5461,36.82545],[129.54738,36.82398],[129.54862,36.82248],[129.54982,36.82096],[129.55098,36.81941],[129.5521,36.81785],[129.55318,36.81627],[129.55421,36.81467],[129.5552,36.81306],[129.55615,36.81143],[129.55705,36.80978],[129.55791,36.80811],[129.55872,36.80643],[129.55949,36.80474],[129.56021,36.80304],[129.56089,36.80132],[129.56152,36.79959],[129.5621,36.79785],[129.56264,36.7961],[129.56313,36.79434],[129.56357,36.79258],[129.56396,36.7908],[129.56431,36.78902],[129.56461,36.78724],[129.56486,36.78545],[129.56506,36.78365],[129.56522,36.78186],[129.56533,36.78006],[129.56538,36.77825],[129.56539,36.77645],[129.56535,36.77465],[129.56527,36.77285],[129.56513,36.77105],[129.56495,36.76926],[129.56472,36.76747],[129.56444,36.76568],[129.56411,36.7639],[129.56373,36.76212],[129.56331,36.76035],[129.56284,36.75859],[129.56232,36.75684],[129.56176,36.75509],[129.56115,36.75336],[129.56049,36.75164],[129.55979,36.74993],[129.55904,36.74823],[129.55825,36.74654],[129.55741,36.74487],[129.55652,36.74322],[129.55559,36.74158],[129.55462,36.73996],[129.55361,36.73835],[129.55255,36.73676],[129.55145,36.73519],[129.55031,36.73364],[129.54912,36.73211],[129.5479,36.73061],[129.54664,36.72912],[129.54533,36.72765],[129.54399,36.72621],[129.54261,36.72479],[129.54119,36.7234],[129.53974,36.72203],[129.53824,36.72069],[129.53672,36.71937],[129.53516,36.71808],[129.53356,36.71682],[129.53193,36.71558],[129.53027,36.71438],[129.52947,36.71382],[129.54444,36.67528],[129.46528,36.65528],[129.45028,36.69389],[129.44939,36.69409],[129.44717,36.69432],[129.44496,36.69459],[129.44276,36.6949],[129.44056,36.69525],[129.43837,36.69564],[129.4362,36.69606],[129.43404,36.69652],[129.43189,36.69702],[129.42975,36.69756],[129.42763,36.69813],[129.42552,36.69874],[129.42344,36.69938],[129.42137,36.70007],[129.41931,36.70078],[129.41728,36.70154],[129.41527,36.70233],[129.41328,36.70315],[129.41131,36.70401],[129.40937,36.7049],[129.40745,36.70582],[129.40555,36.70678],[129.40368,36.70777],[129.40184,36.7088],[129.40003,36.70985],[129.39824,36.71094],[129.39649,36.71205],[129.39476,36.7132],[129.39307,36.71438],[129.3914,36.71558],[129.38977,36.71682],[129.38818,36.71808],[129.38661,36.71937],[129.38509,36.72069],[129.3836,36.72203],[129.38214,36.7234],[129.38072,36.72479],[129.37934,36.72621],[129.378,36.72765],[129.3767,36.72912],[129.37543,36.73061],[129.37421,36.73211],[129.37302,36.73364],[129.37188,36.73519],[129.37078,36.73676],[129.36972,36.73835],[129.36871,36.73996],[129.36774,36.74158],[129.36681,36.74322],[129.36593,36.74487],[129.36509,36.74654],[129.36429,36.74823],[129.36354,36.74993],[129.36284,36.75164],[129.36218,36.75336],[129.36157,36.75509],[129.36101,36.75684],[129.36049,36.75859],[129.36002,36.76035],[129.3596,36.76212],[129.35922,36.7639],[129.3589,36.76568],[129.35862,36.76747],[129.35838,36.76926],[129.3582,36.77105],[129.35806,36.77285],[129.35798,36.77465],[129.35794,36.77645],[129.35795,36.77825],[129.35801,36.78006],[129.35811,36.78186],[129.35827,36.78365],[129.35847,36.78545],[129.35872,36.78724],[129.35902,36.78902],[129.35937,36.7908],[129.35976,36.79258],[129.3602,36.79434],[129.36069,36.7961],[129.36123,36.79785],[129.36181,36.79959],[129.36244,36.80132],[129.36312,36.80304],[129.36384,36.80474],[129.36461,36.80643],[129.36542,36.80811],[129.36628,36.80978],[129.36718,36.81143],[129.36813,36.81306],[129.36912,36.81467],[129.37016,36.81627],[129.37123,36.81785],[129.37235,36.81941],[129.37351,36.82096],[129.37471,36.82248],[129.37595,36.82398],[129.37724,36.82545],[129.37856,36.82691],[129.37992,36.82834],[129.38132,36.82975],[129.38275,36.83113],[129.38423,36.83249],[129.38573,36.83382],[129.38728,36.83513],[129.38886,36.8364],[129.39047,36.83766],[129.39212,36.83888],[129.3938,36.84007],[129.37889,36.87861],[129.45833,36.89861]]]]},"properties":{"ctr_lbl_1":"ULJIN CTLZ"},"id":"LT_C_AISCTRC.39"},{"type":"Feature","geometry":{"type":"MultiPolygon","coordinates":[[[[126.71739,35.91528],[126.71838,35.90367],[126.71736,35.89205],[126.71437,35.88067],[126.70947,35.86973],[126.70274,35.85945],[126.69432,35.85004],[126.68438,35.84167],[126.67311,35.83451],[126.66072,35.82869],[126.64746,35.82433],[126.63359,35.82152],[126.61937,35.82031],[126.60509,35.82071],[126.59101,35.82273],[126.57741,35.82633],[126.56456,35.83142],[126.5527,35.83793],[126.54206,35.84571],[126.53286,35.85463],[126.52527,35.8645],[126.51944,35.87513],[126.51548,35.88632],[126.51348,35.89785],[126.51346,35.90949],[126.51544,35.92102],[126.51937,35.93222],[126.52518,35.94286],[126.53276,35.95274],[126.54196,35.96166],[126.55259,35.96946],[126.56446,35.97597],[126.57733,35.98108],[126.59096,35.98468],[126.60506,35.98671],[126.61938,35.98712],[126.63363,35.9859],[126.64753,35.98308],[126.66081,35.97871],[126.67321,35.97288],[126.68449,35.96571],[126.69443,35.95733],[126.70284,35.9479],[126.70955,35.93762],[126.71443,35.92667],[126.71739,35.91528]]]]},"properties":{"ctr_lbl_1":"GUNSAN TCA AREA A"},"id":"LT_C_AISCTRC.4"},{"type":"Feature","geometry":{"type":"MultiPolygon","coordinates":[[[[127.98882,37.04188],[127.98982,37.03027],[127.98879,37.01865],[127.98576,37.00727],[127.98078,36.99634],[127.97396,36.98606],[127.96542,36.97665],[127.95533,36.96828],[127.94389,36.96112],[127.93133,36.95531],[127.91788,36.95095],[127.9038,36.94814],[127.88938,36.94692],[127.87488,36.94733],[127.8606,36.94935],[127.8468,36.95294],[127.83376,36.95804],[127.82173,36.96454],[127.81094,36.97233],[127.80161,36.98124],[127.79391,36.9911],[127.78799,37.00173],[127.78397,37.01292],[127.78194,37.02445],[127.78192,37.03609],[127.78393,37.04762],[127.78792,37.05881],[127.79381,37.06945],[127.8015,37.07933],[127.81083,37.08825],[127.82162,37.09605],[127.83366,37.10256],[127.84672,37.10767],[127.86054,37.11127],[127.87486,37.11329],[127.88938,37.1137],[127.90384,37.11248],[127.91794,37.10966],[127.93142,37.1053],[127.944,37.09947],[127.95544,37.0923],[127.96553,37.08392],[127.97406,37.0745],[127.98087,37.06421],[127.98582,37.05327],[127.98882,37.04188]]]]},"properties":{"ctr_lbl_1":"JUNGWON"},"id":"LT_C_AISCTRC.40"},{"type":"Feature","geometry":{"type":"MultiPolygon","coordinates":[[[[128.45573,36.65169],[128.4583,36.63911],[128.45839,36.62592],[128.45698,36.61611],[128.45456,36.60751],[128.45056,36.59917],[128.44943,36.59764],[128.44264,36.58737],[128.43415,36.57796],[128.42411,36.56959],[128.41273,36.56243],[128.40023,36.55661],[128.38685,36.55225],[128.37285,36.54944],[128.3585,36.54823],[128.34408,36.54863],[128.32987,36.55065],[128.31614,36.55424],[128.30317,36.55934],[128.2912,36.56585],[128.28047,36.57363],[128.27118,36.58254],[128.26352,36.59241],[128.25763,36.60304],[128.25364,36.61423],[128.25161,36.62576],[128.2516,36.6374],[128.25359,36.64893],[128.25756,36.66012],[128.26343,36.67076],[128.27107,36.68064],[128.28036,36.68956],[128.29109,36.69736],[128.30307,36.70388],[128.31606,36.70898],[128.32981,36.71258],[128.34405,36.71461],[128.35851,36.71502],[128.37289,36.7138],[128.38691,36.71098],[128.40032,36.70661],[128.41284,36.70079],[128.42422,36.69361],[128.43426,36.68523],[128.44274,36.67581],[128.44944,36.66611],[128.45573,36.65169]]]]},"properties":{"ctr_lbl_1":"YECHEON"},"id":"LT_C_AISCTRC.41"},{"type":"Feature","geometry":{"type":"MultiPolygon","coordinates":[[[[126.34696,34.91331],[126.34539,34.9138],[126.34337,34.91448],[126.34136,34.9152],[126.33937,34.91596],[126.33741,34.91674],[126.33546,34.91757],[126.33354,34.91843],[126.33164,34.91932],[126.32976,34.92024],[126.32791,34.9212],[126.32608,34.92219],[126.32428,34.92322],[126.3225,34.92427],[126.32076,34.92536],[126.31904,34.92648],[126.31735,34.92762],[126.3157,34.9288],[126.31407,34.93001],[126.31248,34.93124],[126.31092,34.93251],[126.30939,34.9338],[126.3079,34.93511],[126.30644,34.93646],[126.30501,34.93783],[126.30363,34.93922],[126.30228,34.94064],[126.30096,34.94208],[126.29969,34.94355],[126.29845,34.94503],[126.29726,34.94654],[126.2961,34.94807],[126.29498,34.94962],[126.29391,34.95119],[126.29287,34.95278],[126.29188,34.95439],[126.29093,34.95601],[126.29003,34.95765],[126.28916,34.95931],[126.28834,34.96098],[126.28756,34.96266],[126.28683,34.96436],[126.28614,34.96607],[126.2855,34.96779],[126.2849,34.96953],[126.28435,34.97127],[126.28385,34.97303],[126.28339,34.97479],[126.28297,34.97656],[126.28261,34.97833],[126.28229,34.98012],[126.28201,34.98191],[126.28179,34.9837],[126.28161,34.98549],[126.28148,34.98729],[126.28139,34.98909],[126.28135,34.9909],[126.28136,34.9927],[126.28142,34.9945],[126.28152,34.9963],[126.28168,34.9981],[126.28187,34.99989],[126.28212,35.00168],[126.28241,35.00347],[126.28275,35.00525],[126.28314,35.00702],[126.28357,35.00879],[126.28405,35.01055],[126.28457,35.0123],[126.28514,35.01404],[126.28576,35.01577],[126.28642,35.01749],[126.28713,35.01919],[126.28788,35.02089],[126.28867,35.02256],[126.28951,35.02423],[126.2904,35.02588],[126.29132,35.02751],[126.29229,35.02913],[126.2933,35.03073],[126.29435,35.03231],[126.29545,35.03387],[126.29658,35.03541],[126.29776,35.03693],[126.29897,35.03843],[126.30023,35.03991],[126.30152,35.04137],[126.30285,35.0428],[126.30422,35.04421],[126.30562,35.04559],[126.30706,35.04695],[126.30854,35.04828],[126.31005,35.04959],[126.31159,35.05086],[126.31317,35.05212],[126.31478,35.05334],[126.31642,35.05453],[126.31809,35.0557],[126.3198,35.05683],[126.32153,35.05793],[126.32329,35.05901],[126.32508,35.06005],[126.32689,35.06106],[126.32874,35.06203],[126.3306,35.06298],[126.3325,35.06389],[126.33441,35.06476],[126.33635,35.06561],[126.33831,35.06641],[126.34029,35.06719],[126.34229,35.06792],[126.34431,35.06863],[126.34585,35.06913],[126.34556,35.10028],[126.41861,35.10056],[126.41899,35.06936],[126.42125,35.06863],[126.42327,35.06792],[126.42527,35.06719],[126.42725,35.06641],[126.42921,35.06561],[126.43115,35.06476],[126.43306,35.06389],[126.43495,35.06298],[126.43682,35.06203],[126.43866,35.06106],[126.44048,35.06005],[126.44227,35.05901],[126.44403,35.05793],[126.44576,35.05683],[126.44746,35.0557],[126.44914,35.05453],[126.45078,35.05334],[126.45239,35.05212],[126.45397,35.05086],[126.45551,35.04959],[126.45702,35.04828],[126.4585,35.04695],[126.45994,35.04559],[126.46134,35.04421],[126.46271,35.0428],[126.46404,35.04137],[126.46533,35.03991],[126.46658,35.03843],[126.4678,35.03693],[126.46897,35.03541],[126.47011,35.03387],[126.4712,35.03231],[126.47225,35.03073],[126.47327,35.02913],[126.47423,35.02751],[126.47516,35.02588],[126.47604,35.02423],[126.47688,35.02256],[126.47768,35.02089],[126.47843,35.01919],[126.47913,35.01749],[126.4798,35.01577],[126.48041,35.01404],[126.48098,35.0123],[126.48151,35.01055],[126.48199,35.00879],[126.48242,35.00702],[126.4828,35.00525],[126.48314,35.00347],[126.48344,35.00168],[126.48368,34.99989],[126.48388,34.9981],[126.48403,34.9963],[126.48414,34.9945],[126.48419,34.9927],[126.4842,34.9909],[126.48416,34.98909],[126.48408,34.98729],[126.48395,34.98549],[126.48377,34.9837],[126.48354,34.98191],[126.48327,34.98012],[126.48295,34.97833],[126.48258,34.97656],[126.48217,34.97479],[126.48171,34.97303],[126.4812,34.97127],[126.48065,34.96953],[126.48005,34.96779],[126.47941,34.96607],[126.47872,34.96436],[126.47799,34.96266],[126.47722,34.96098],[126.47639,34.95931],[126.47553,34.95765],[126.47462,34.95601],[126.47367,34.95439],[126.47268,34.95278],[126.47165,34.95119],[126.47057,34.94962],[126.46945,34.94807],[126.4683,34.94654],[126.4671,34.94503],[126.46587,34.94355],[126.46459,34.94208],[126.46328,34.94064],[126.46193,34.93922],[126.46054,34.93783],[126.45912,34.93646],[126.45766,34.93511],[126.45617,34.9338],[126.45464,34.93251],[126.45308,34.93124],[126.45148,34.93001],[126.44986,34.9288],[126.4482,34.92762],[126.44651,34.92648],[126.4448,34.92536],[126.44305,34.92427],[126.44128,34.92322],[126.43948,34.92219],[126.43765,34.9212],[126.4358,34.92024],[126.43392,34.91932],[126.43202,34.91843],[126.43009,34.91757],[126.42815,34.91674],[126.42618,34.91596],[126.42419,34.9152],[126.42219,34.91448],[126.41982,34.9137],[126.42,34.88194],[126.34722,34.88167],[126.34696,34.91331]]]]},"properties":{"ctr_lbl_1":"MUAN CTLZ"},"id":"LT_C_AISCTRC.42"},{"type":"Feature","geometry":{"type":"MultiPolygon","coordinates":[[[[128.56378,38.06664],[128.56166,38.06735],[128.5575,38.06882],[128.55143,38.0713],[128.54366,38.07507],[128.53733,38.07877],[128.53634,38.07935],[128.53117,38.08288],[128.52789,38.08538],[128.52475,38.08799],[128.52251,38.09006],[128.53232,38.12928],[128.53333,38.13333],[128.5404,38.14041],[128.54137,38.14138],[128.56679,38.16681],[128.58359,38.18361],[128.6,38.2],[128.60256,38.20525],[128.60312,38.20717],[128.60291,38.20806],[128.60281,38.20848],[128.60231,38.21227],[128.60212,38.21476],[128.60163,38.21476],[128.60101,38.21457],[128.59951,38.21513],[128.59918,38.21503],[128.59889,38.2148],[128.5985,38.21475],[128.59759,38.21538],[128.59672,38.21619],[128.59565,38.21736],[128.59676,38.21808],[128.59692,38.21858],[128.59613,38.21942],[128.59529,38.21954],[128.59405,38.21869],[128.59245,38.2204],[128.59404,38.22147],[128.59411,38.22183],[128.59315,38.22229],[128.59264,38.22365],[128.59208,38.22354],[128.59061,38.22248],[128.58995,38.22346],[128.59,38.22432],[128.59185,38.22453],[128.59188,38.22481],[128.59035,38.22697],[128.59604,38.2274],[128.60516,38.22755],[128.60972,38.22739],[128.61654,38.22686],[128.62553,38.22562],[128.62997,38.22476],[128.63652,38.22321],[128.64294,38.22132],[128.64712,38.21987],[128.65122,38.21829],[128.6572,38.21566],[128.66481,38.21169],[128.67196,38.20721],[128.67534,38.20479],[128.68016,38.20096],[128.68608,38.19547],[128.6888,38.19258],[128.69259,38.18809],[128.696,38.1834],[128.69806,38.18019],[128.70164,38.17356],[128.70315,38.17017],[128.70507,38.16498],[128.70695,38.15794],[128.70806,38.15079],[128.70833,38.14719],[128.70835,38.14179],[128.70809,38.13892],[128.70723,38.13919],[128.70509,38.13982],[128.70294,38.14041],[128.70077,38.14097],[128.69859,38.14149],[128.69639,38.14198],[128.69418,38.14242],[128.69196,38.14283],[128.68973,38.1432],[128.68756,38.14346],[128.68707,38.14352],[128.68072,38.1443],[128.67845,38.14447],[128.67618,38.14461],[128.6739,38.14471],[128.67162,38.14478],[128.66957,38.1448],[128.66934,38.1448],[128.66706,38.14478],[128.66478,38.14473],[128.6625,38.14463],[128.66023,38.1445],[128.6585,38.14432],[128.65704,38.14417],[128.64349,38.14228],[128.65119,38.14358],[128.64894,38.14325],[128.64671,38.14289],[128.64449,38.14249],[128.64228,38.14205],[128.64008,38.14157],[128.63789,38.14105],[128.63572,38.1405],[128.62981,38.13877],[128.62965,38.13873],[128.62935,38.13864],[128.61665,38.13374],[128.61495,38.13289],[128.60541,38.1278],[128.60345,38.12665],[128.59384,38.11981],[128.59105,38.11734],[128.58534,38.11197],[128.58287,38.10939],[128.5796,38.10549],[128.57671,38.10158],[128.57491,38.09882],[128.57061,38.09118],[128.56903,38.08754],[128.5683,38.08588],[128.56766,38.08415],[128.56706,38.08241],[128.56651,38.08067],[128.5664,38.08028],[128.56526,38.07554],[128.5648,38.07359],[128.56419,38.06945],[128.56406,38.06855],[128.56402,38.06823],[128.56388,38.06661],[128.56378,38.06664]]]]},"properties":{"ctr_lbl_1":"SOKCHO"},"id":"LT_C_AISCTRC.43"},{"type":"Feature","geometry":{"type":"MultiPolygon","coordinates":[[[[127.60046,36.58888],[127.60317,36.57632],[127.60341,36.56313],[127.60211,36.55332],[127.59979,36.5447],[127.59588,36.53633],[127.58811,36.52447],[127.57973,36.515],[127.56979,36.50655],[127.55851,36.49931],[127.54608,36.4934],[127.53276,36.48895],[127.5188,36.48603],[127.50448,36.48471],[127.49007,36.48501],[127.47585,36.48693],[127.46209,36.49042],[127.44908,36.49542],[127.43704,36.50184],[127.42623,36.50954],[127.41685,36.51839],[127.40909,36.5282],[127.40309,36.53878],[127.39897,36.54994],[127.39682,36.56145],[127.39667,36.57309],[127.39853,36.58464],[127.40237,36.59586],[127.40811,36.60654],[127.41564,36.61648],[127.42481,36.62547],[127.43545,36.63334],[127.44735,36.63995],[127.45293,36.64171],[127.46472,36.63769],[127.47876,36.63458],[127.49364,36.63306],[127.50878,36.63333],[127.52205,36.63504],[127.5357,36.63838],[127.54681,36.64229],[127.55705,36.63766],[127.5685,36.63057],[127.57862,36.62227],[127.58721,36.61291],[127.59402,36.60326],[127.60046,36.58888]]]]},"properties":{"ctr_lbl_1":"SEONGMU"},"id":"LT_C_AISCTRC.44"},{"type":"Feature","geometry":{"type":"MultiPolygon","coordinates":[[[[126.48586,36.7879],[126.4881,36.78788],[126.49034,36.78782],[126.49258,36.78772],[126.49481,36.78758],[126.49704,36.78741],[126.49927,36.78719],[126.50148,36.78694],[126.50369,36.78665],[126.5059,36.78632],[126.50809,36.78595],[126.51027,36.78555],[126.51244,36.7851],[126.5146,36.78462],[126.51675,36.7841],[126.51888,36.78355],[126.52099,36.78295],[126.52309,36.78232],[126.52517,36.78166],[126.52724,36.78096],[126.52928,36.78022],[126.5313,36.77945],[126.53331,36.77864],[126.53529,36.7778],[126.53724,36.77692],[126.53918,36.77601],[126.54108,36.77506],[126.54297,36.77409],[126.54482,36.77308],[126.54665,36.77204],[126.54845,36.77096],[126.55022,36.76986],[126.55196,36.76873],[126.55367,36.76756],[126.55534,36.76637],[126.55699,36.76514],[126.5586,36.76389],[126.56018,36.76261],[126.56172,36.76131],[126.56323,36.75998],[126.5647,36.75862],[126.56614,36.75723],[126.56753,36.75583],[126.56889,36.75439],[126.57021,36.75294],[126.57149,36.75146],[126.57273,36.74996],[126.57393,36.74844],[126.57509,36.7469],[126.57621,36.74533],[126.57728,36.74375],[126.57832,36.74216],[126.5793,36.74054],[126.58025,36.73891],[126.58115,36.73726],[126.58201,36.73559],[126.58282,36.73391],[126.58359,36.73222],[126.58431,36.73051],[126.58498,36.7288],[126.58561,36.72707],[126.58619,36.72533],[126.58673,36.72358],[126.58722,36.72182],[126.58766,36.72005],[126.58805,36.71828],[126.5884,36.7165],[126.5887,36.71471],[126.58895,36.71292],[126.58915,36.71113],[126.5893,36.70933],[126.58941,36.70753],[126.58947,36.70573],[126.58948,36.70393],[126.58944,36.70213],[126.58935,36.70033],[126.58921,36.69853],[126.58903,36.69673],[126.5888,36.69494],[126.58852,36.69315],[126.58819,36.69137],[126.58781,36.68959],[126.58739,36.68782],[126.58692,36.68606],[126.5864,36.68431],[126.58584,36.68257],[126.58523,36.68083],[126.58457,36.67911],[126.58387,36.6774],[126.58312,36.6757],[126.58232,36.67402],[126.58148,36.67235],[126.5806,36.67069],[126.57967,36.66905],[126.5787,36.66743],[126.57769,36.66582],[126.57663,36.66424],[126.57553,36.66267],[126.57439,36.66112],[126.57321,36.65959],[126.57198,36.65808],[126.57072,36.65659],[126.56942,36.65513],[126.56807,36.65369],[126.56669,36.65227],[126.56528,36.65087],[126.56382,36.64951],[126.56233,36.64816],[126.56081,36.64685],[126.55924,36.64556],[126.55765,36.64429],[126.55602,36.64306],[126.55436,36.64185],[126.55266,36.64068],[126.55094,36.63953],[126.54919,36.63841],[126.5474,36.63733],[126.54559,36.63627],[126.54375,36.63525],[126.54188,36.63426],[126.53999,36.6333],[126.53807,36.63238],[126.53613,36.63149],[126.53416,36.63063],[126.53217,36.62981],[126.53016,36.62902],[126.52813,36.62826],[126.52608,36.62755],[126.52401,36.62687],[126.52192,36.62622],[126.51982,36.62561],[126.5177,36.62504],[126.51556,36.6245],[126.51342,36.62401],[126.51125,36.62354],[126.50908,36.62312],[126.5069,36.62274],[126.5047,36.62239],[126.5025,36.62208],[126.50029,36.62181],[126.49808,36.62158],[126.49585,36.62138],[126.49363,36.62123],[126.4914,36.62111],[126.48916,36.62104],[126.48693,36.621],[126.48469,36.621],[126.48246,36.62104],[126.48022,36.62112],[126.47799,36.62123],[126.47577,36.62139],[126.47354,36.62158],[126.47133,36.62182],[126.46912,36.62209],[126.46692,36.6224],[126.46472,36.62274],[126.46254,36.62313],[126.46037,36.62355],[126.45821,36.62402],[126.45606,36.62452],[126.45392,36.62505],[126.45181,36.62562],[126.4497,36.62623],[126.44762,36.62688],[126.44555,36.62756],[126.4435,36.62828],[126.44147,36.62904],[126.43946,36.62982],[126.43747,36.63065],[126.4355,36.63151],[126.43356,36.6324],[126.43164,36.63332],[126.42975,36.63428],[126.42788,36.63527],[126.42604,36.6363],[126.42423,36.63735],[126.42245,36.63844],[126.42069,36.63956],[126.41897,36.6407],[126.41728,36.64188],[126.41561,36.64309],[126.41399,36.64432],[126.41239,36.64559],[126.41083,36.64688],[126.40931,36.64819],[126.40782,36.64954],[126.40636,36.65091],[126.40495,36.6523],[126.40357,36.65372],[126.40223,36.65516],[126.40092,36.65663],[126.39966,36.65811],[126.39844,36.65962],[126.39726,36.66115],[126.39612,36.6627],[126.39502,36.66427],[126.39396,36.66586],[126.39295,36.66747],[126.39198,36.66909],[126.39105,36.67073],[126.39017,36.67239],[126.38933,36.67406],[126.38854,36.67574],[126.38779,36.67744],[126.38709,36.67915],[126.38643,36.68087],[126.38582,36.68261],[126.38526,36.68435],[126.38474,36.6861],[126.38427,36.68786],[126.38385,36.68963],[126.38348,36.69141],[126.38315,36.69319],[126.38287,36.69498],[126.38264,36.69677],[126.38246,36.69857],[126.38232,36.70037],[126.38224,36.70217],[126.3822,36.70397],[126.38221,36.70577],[126.38227,36.70757],[126.38237,36.70937],[126.38253,36.71117],[126.38273,36.71296],[126.38298,36.71475],[126.38328,36.71654],[126.38363,36.71832],[126.38402,36.72009],[126.38447,36.72186],[126.38496,36.72362],[126.38549,36.72537],[126.38608,36.72711],[126.38671,36.72884],[126.38738,36.73055],[126.3881,36.73226],[126.38887,36.73395],[126.38968,36.73563],[126.39054,36.73729],[126.39144,36.73894],[126.39239,36.74058],[126.39338,36.74219],[126.39441,36.74379],[126.39549,36.74537],[126.39661,36.74693],[126.39777,36.74847],[126.39897,36.74999],[126.40021,36.75149],[126.40149,36.75297],[126.40281,36.75443],[126.40417,36.75586],[126.40557,36.75727],[126.40701,36.75865],[126.40848,36.76001],[126.40999,36.76134],[126.41153,36.76264],[126.41311,36.76392],[126.41472,36.76517],[126.41637,36.76639],[126.41804,36.76759],[126.41975,36.76875],[126.42149,36.76989],[126.42327,36.77099],[126.42507,36.77206],[126.42689,36.7731],[126.42875,36.77411],[126.43063,36.77509],[126.43254,36.77603],[126.43447,36.77694],[126.43643,36.77782],[126.43841,36.77866],[126.44041,36.77946],[126.44244,36.78024],[126.44448,36.78097],[126.44655,36.78167],[126.44863,36.78234],[126.45073,36.78297],[126.45284,36.78356],[126.45497,36.78412],[126.45712,36.78463],[126.45928,36.78511],[126.46145,36.78556],[126.46363,36.78596],[126.46583,36.78633],[126.46803,36.78666],[126.47024,36.78695],[126.47246,36.7872],[126.47468,36.78741],[126.47691,36.78759],[126.47915,36.78772],[126.48138,36.78782],[126.48362,36.78788],[126.48586,36.7879]]]]},"properties":{"ctr_lbl_1":"HAEMI"},"id":"LT_C_AISCTRC.45"},{"type":"Feature","geometry":{"type":"MultiPolygon","coordinates":[[[[128.94776,37.83727],[128.95003,37.83721],[128.95229,37.8371],[128.95456,37.83696],[128.95682,37.83677],[128.95907,37.83655],[128.96132,37.83629],[128.96356,37.83599],[128.96579,37.83566],[128.96801,37.83528],[128.97022,37.83487],[128.97242,37.83442],[128.9746,37.83393],[128.97677,37.8334],[128.97893,37.83284],[128.98107,37.83224],[128.9832,37.8316],[128.9853,37.83093],[128.98739,37.83022],[128.98946,37.82948],[128.9915,37.8287],[128.99353,37.82788],[128.99553,37.82703],[128.99751,37.82615],[128.99946,37.82523],[129.00139,37.82428],[129.0033,37.8233],[129.00517,37.82228],[129.00702,37.82124],[129.00884,37.82016],[129.01062,37.81905],[129.01238,37.81791],[129.01411,37.81674],[129.0158,37.81554],[129.01746,37.81431],[129.01909,37.81306],[129.02068,37.81177],[129.02224,37.81046],[129.02376,37.80912],[129.02524,37.80776],[129.02669,37.80637],[129.0281,37.80496],[129.02947,37.80352],[129.0308,37.80206],[129.03209,37.80058],[129.03334,37.79908],[129.03454,37.79755],[129.03571,37.79601],[129.03683,37.79444],[129.03792,37.79286],[129.03895,37.79126],[129.03995,37.78964],[129.0409,37.788],[129.0418,37.78635],[129.04266,37.78469],[129.04347,37.783],[129.04424,37.78131],[129.04496,37.7796],[129.04564,37.77788],[129.04627,37.77615],[129.04685,37.77441],[129.04738,37.77266],[129.04787,37.7709],[129.0483,37.76913],[129.04869,37.76736],[129.04903,37.76558],[129.04933,37.76379],[129.04957,37.762],[129.04977,37.76021],[129.04991,37.75841],[129.05001,37.75661],[129.05006,37.75481],[129.05006,37.75301],[129.05001,37.75121],[129.04991,37.74941],[129.04976,37.74761],[129.04956,37.74582],[129.04932,37.74403],[129.04903,37.74224],[129.04868,37.74046],[129.04829,37.73869],[129.04785,37.73692],[129.04737,37.73516],[129.04683,37.73341],[129.04625,37.73167],[129.04562,37.72994],[129.04495,37.72822],[129.04423,37.72651],[129.04346,37.72482],[129.04264,37.72314],[129.04178,37.72147],[129.04088,37.71982],[129.03993,37.71818],[129.03894,37.71656],[129.0379,37.71496],[129.03682,37.71338],[129.03569,37.71182],[129.03453,37.71027],[129.03332,37.70875],[129.03207,37.70724],[129.03078,37.70576],[129.02946,37.7043],[129.02809,37.70287],[129.02668,37.70145],[129.02524,37.70007],[129.02375,37.6987],[129.02224,37.69737],[129.02068,37.69605],[129.01909,37.69477],[129.01747,37.69351],[129.01581,37.69229],[129.01412,37.69109],[129.0124,37.68992],[129.01064,37.68878],[129.00886,37.68767],[129.00704,37.68659],[129.0052,37.68554],[129.00333,37.68452],[129.00143,37.68354],[128.99951,37.68259],[128.99756,37.68167],[128.99558,37.68079],[128.99358,37.67994],[128.99156,37.67912],[128.98952,37.67834],[128.98746,37.67759],[128.98538,37.67688],[128.98327,37.67621],[128.98115,37.67557],[128.97902,37.67497],[128.97687,37.67441],[128.9747,37.67388],[128.97252,37.67339],[128.97033,37.67294],[128.96812,37.67252],[128.96591,37.67214],[128.96368,37.6718],[128.96145,37.6715],[128.95921,37.67124],[128.95696,37.67102],[128.9547,37.67083],[128.95245,37.67068],[128.95018,37.67057],[128.94792,37.67051],[128.94565,37.67047],[128.94339,37.67048],[128.94112,37.67053],[128.93886,37.67062],[128.9366,37.67074],[128.93434,37.6709],[128.93209,37.67111],[128.92985,37.67135],[128.92761,37.67163],[128.92538,37.67194],[128.92316,37.6723],[128.92094,37.67269],[128.91874,37.67312],[128.91656,37.67359],[128.91438,37.6741],[128.91222,37.67464],[128.91008,37.67522],[128.90795,37.67584],[128.90584,37.67649],[128.90374,37.67718],[128.90167,37.67791],[128.89961,37.67867],[128.89758,37.67946],[128.89557,37.68029],[128.89358,37.68116],[128.89162,37.68206],[128.88968,37.68299],[128.88777,37.68395],[128.88588,37.68495],[128.88402,37.68598],[128.88219,37.68704],[128.88039,37.68813],[128.87861,37.68926],[128.87687,37.69041],[128.87516,37.69159],[128.87349,37.6928],[128.87184,37.69405],[128.87023,37.69531],[128.86866,37.69661],[128.86712,37.69793],[128.86562,37.69928],[128.86415,37.70065],[128.86272,37.70205],[128.86133,37.70347],[128.85998,37.70492],[128.85867,37.70639],[128.8574,37.70788],[128.85617,37.70939],[128.85498,37.71093],[128.85383,37.71248],[128.85272,37.71405],[128.85166,37.71564],[128.85064,37.71725],[128.84967,37.71888],[128.84874,37.72052],[128.84785,37.72218],[128.84701,37.72385],[128.84622,37.72554],[128.84547,37.72724],[128.84477,37.72895],[128.84411,37.73067],[128.8435,37.73241],[128.84294,37.73415],[128.84243,37.73591],[128.84196,37.73767],[128.84154,37.73944],[128.84117,37.74122],[128.84085,37.743],[128.84058,37.74479],[128.84035,37.74658],[128.84018,37.74838],[128.84005,37.75017],[128.83997,37.75197],[128.83994,37.75378],[128.83996,37.75558],[128.84003,37.75738],[128.84015,37.75917],[128.84032,37.76097],[128.84053,37.76276],[128.8408,37.76455],[128.84111,37.76634],[128.84147,37.76811],[128.84188,37.76989],[128.84234,37.77165],[128.84285,37.77341],[128.8434,37.77515],[128.844,37.77689],[128.84465,37.77862],[128.84534,37.78033],[128.84608,37.78203],[128.84687,37.78372],[128.84771,37.7854],[128.84858,37.78706],[128.84951,37.7887],[128.85048,37.79033],[128.85149,37.79194],[128.85254,37.79354],[128.85364,37.79511],[128.85479,37.79667],[128.85597,37.79821],[128.8572,37.79972],[128.85846,37.80122],[128.85977,37.80269],[128.86112,37.80414],[128.8625,37.80556],[128.86393,37.80697],[128.86539,37.80834],[128.86689,37.8097],[128.86843,37.81102],[128.87,37.81232],[128.8716,37.81359],[128.87325,37.81484],[128.87492,37.81605],[128.87663,37.81724],[128.87837,37.8184],[128.88014,37.81952],[128.88194,37.82062],[128.88377,37.82169],[128.88563,37.82272],[128.88752,37.82372],[128.88943,37.82469],[128.89137,37.82563],[128.89333,37.82653],[128.89532,37.8274],[128.89734,37.82823],[128.89937,37.82903],[128.90143,37.8298],[128.9035,37.83053],[128.9056,37.83122],[128.90771,37.83188],[128.90984,37.8325],[128.91199,37.83308],[128.91415,37.83363],[128.91633,37.83414],[128.91852,37.83461],[128.92073,37.83505],[128.92294,37.83545],[128.92517,37.8358],[128.9274,37.83613],[128.92964,37.83641],[128.93189,37.83665],[128.93415,37.83686],[128.93641,37.83702],[128.93868,37.83715],[128.94094,37.83724],[128.94321,37.83729],[128.94549,37.8373],[128.94776,37.83727]]]]},"properties":{"ctr_lbl_1":"GANGNEUNG"},"id":"LT_C_AISCTRC.46"},{"type":"Feature","geometry":{"type":"MultiPolygon","coordinates":[[[[127.00756,37.32288],[127.00982,37.32285],[127.01207,37.32278],[127.01432,37.32267],[127.01657,37.32252],[127.01882,37.32234],[127.02105,37.32212],[127.02329,37.32185],[127.02551,37.32155],[127.02773,37.32121],[127.02993,37.32083],[127.03213,37.32042],[127.03431,37.31996],[127.03648,37.31947],[127.03864,37.31894],[127.04078,37.31838],[127.0429,37.31778],[127.04501,37.31714],[127.0471,37.31646],[127.04917,37.31575],[127.05123,37.31501],[127.05326,37.31422],[127.05527,37.31341],[127.05726,37.31255],[127.05922,37.31167],[127.06116,37.31075],[127.06308,37.3098],[127.06496,37.30881],[127.06682,37.3078],[127.06866,37.30675],[127.07046,37.30566],[127.07224,37.30455],[127.07398,37.30341],[127.07569,37.30224],[127.07737,37.30104],[127.07902,37.29981],[127.08063,37.29855],[127.08221,37.29726],[127.08376,37.29595],[127.08527,37.29461],[127.08674,37.29325],[127.08817,37.29186],[127.08957,37.29044],[127.09093,37.289],[127.09225,37.28754],[127.09353,37.28606],[127.09476,37.28455],[127.09596,37.28303],[127.09712,37.28148],[127.09823,37.27992],[127.0993,37.27833],[127.10033,37.27673],[127.10132,37.27511],[127.10226,37.27347],[127.10315,37.27182],[127.104,37.27015],[127.10481,37.26847],[127.10557,37.26677],[127.10628,37.26506],[127.10695,37.26334],[127.10757,37.26161],[127.10815,37.25987],[127.10867,37.25811],[127.10915,37.25635],[127.10958,37.25459],[127.10997,37.25281],[127.1103,37.25103],[127.11059,37.24924],[127.11083,37.24745],[127.11102,37.24566],[127.11116,37.24386],[127.11126,37.24206],[127.1113,37.24026],[127.1113,37.23846],[127.11125,37.23666],[127.11114,37.23486],[127.11099,37.23306],[127.1108,37.23126],[127.11055,37.22947],[127.11026,37.22769],[127.10991,37.22591],[127.10952,37.22413],[127.10908,37.22237],[127.1086,37.22061],[127.10806,37.21886],[127.10748,37.21712],[127.10686,37.21538],[127.10618,37.21367],[127.10546,37.21196],[127.1047,37.21026],[127.10388,37.20858],[127.10303,37.20692],[127.10213,37.20527],[127.10118,37.20363],[127.10019,37.20201],[127.09916,37.20041],[127.09808,37.19883],[127.09696,37.19727],[127.0958,37.19572],[127.0946,37.1942],[127.09336,37.1927],[127.09208,37.19122],[127.09076,37.18976],[127.08939,37.18832],[127.088,37.18691],[127.08656,37.18552],[127.08508,37.18416],[127.08357,37.18283],[127.08203,37.18152],[127.08045,37.18024],[127.07883,37.17898],[127.07718,37.17775],[127.0755,37.17656],[127.07379,37.17539],[127.07204,37.17425],[127.07027,37.17314],[127.06846,37.17206],[127.06663,37.17102],[127.06477,37.17],[127.06288,37.16902],[127.06097,37.16807],[127.05903,37.16715],[127.05707,37.16627],[127.05508,37.16542],[127.05307,37.16461],[127.05104,37.16383],[127.04899,37.16309],[127.04692,37.16238],[127.04484,37.16171],[127.04273,37.16107],[127.04061,37.16047],[127.03847,37.15991],[127.03632,37.15938],[127.03415,37.1589],[127.03197,37.15845],[127.02978,37.15803],[127.02758,37.15766],[127.02537,37.15732],[127.02315,37.15702],[127.02092,37.15676],[127.01869,37.15654],[127.01645,37.15636],[127.0142,37.15621],[127.01196,37.15611],[127.00971,37.15604],[127.00746,37.15601],[127.00521,37.15602],[127.00296,37.15607],[127.00071,37.15616],[126.99846,37.15629],[126.99622,37.15645],[126.99399,37.15666],[126.99176,37.1569],[126.98953,37.15718],[126.98732,37.1575],[126.98511,37.15786],[126.98292,37.15825],[126.98073,37.15869],[126.97856,37.15916],[126.9764,37.15967],[126.97426,37.16021],[126.97213,37.1608],[126.97001,37.16142],[126.96792,37.16207],[126.96584,37.16276],[126.96378,37.16349],[126.96174,37.16425],[126.95972,37.16505],[126.95772,37.16588],[126.95575,37.16675],[126.9538,37.16765],[126.95188,37.16858],[126.94998,37.16955],[126.9481,37.17055],[126.94626,37.17158],[126.94444,37.17265],[126.94265,37.17374],[126.9409,37.17487],[126.93917,37.17602],[126.93747,37.17721],[126.93581,37.17842],[126.93418,37.17966],[126.93258,37.18093],[126.93102,37.18223],[126.92949,37.18355],[126.928,37.1849],[126.92655,37.18628],[126.92513,37.18768],[126.92375,37.1891],[126.92241,37.19055],[126.92111,37.19202],[126.91985,37.19351],[126.91863,37.19503],[126.91745,37.19656],[126.91631,37.19812],[126.91522,37.19969],[126.91417,37.20129],[126.91316,37.2029],[126.91219,37.20452],[126.91127,37.20617],[126.91039,37.20783],[126.90956,37.2095],[126.90877,37.21119],[126.90803,37.21289],[126.90734,37.2146],[126.90669,37.21633],[126.90609,37.21806],[126.90553,37.21981],[126.90503,37.22157],[126.90457,37.22333],[126.90415,37.2251],[126.90379,37.22688],[126.90347,37.22866],[126.9032,37.23045],[126.90298,37.23224],[126.90281,37.23404],[126.90269,37.23584],[126.90262,37.23764],[126.90259,37.23944],[126.90261,37.24124],[126.90268,37.24304],[126.9028,37.24484],[126.90297,37.24664],[126.90319,37.24843],[126.90346,37.25022],[126.90377,37.252],[126.90413,37.25378],[126.90454,37.25555],[126.905,37.25732],[126.9055,37.25907],[126.90606,37.26082],[126.90666,37.26256],[126.9073,37.26428],[126.908,37.266],[126.90874,37.2677],[126.90952,37.26939],[126.91035,37.27106],[126.91123,37.27272],[126.91215,37.27437],[126.91311,37.27599],[126.91412,37.2776],[126.91517,37.2792],[126.91627,37.28077],[126.9174,37.28233],[126.91858,37.28386],[126.9198,37.28538],[126.92106,37.28687],[126.92236,37.28834],[126.9237,37.28979],[126.92508,37.29122],[126.9265,37.29262],[126.92796,37.294],[126.92945,37.29535],[126.93098,37.29667],[126.93254,37.29797],[126.93414,37.29924],[126.93577,37.30048],[126.93744,37.3017],[126.93913,37.30288],[126.94086,37.30404],[126.94262,37.30516],[126.94441,37.30626],[126.94623,37.30732],[126.94808,37.30835],[126.94996,37.30935],[126.95186,37.31032],[126.95379,37.31126],[126.95574,37.31216],[126.95772,37.31302],[126.95972,37.31386],[126.96174,37.31465],[126.96379,37.31542],[126.96585,37.31614],[126.96793,37.31684],[126.97003,37.31749],[126.97215,37.31811],[126.97429,37.31869],[126.97644,37.31924],[126.9786,37.31975],[126.98078,37.32022],[126.98297,37.32065],[126.98517,37.32104],[126.98738,37.3214],[126.9896,37.32172],[126.99183,37.322],[126.99406,37.32224],[126.9963,37.32245],[126.99855,37.32261],[127.0008,37.32274],[127.00305,37.32282],[127.00531,37.32287],[127.00756,37.32288]]]]},"properties":{"ctr_lbl_1":"SUWON"},"id":"LT_C_AISCTRC.47"},{"type":"Feature","geometry":{"type":"MultiPolygon","coordinates":[[[[127.47308,37.28454],[127.47533,37.2845],[127.47759,37.28443],[127.47984,37.28431],[127.48208,37.28415],[127.48432,37.28396],[127.48656,37.28372],[127.48879,37.28345],[127.49101,37.28314],[127.49322,37.28279],[127.49542,37.28241],[127.49761,37.28198],[127.49979,37.28152],[127.50196,37.28102],[127.50411,37.28049],[127.50625,37.27991],[127.50837,37.2793],[127.51047,37.27865],[127.51256,37.27797],[127.51463,37.27725],[127.51667,37.2765],[127.5187,37.27571],[127.5207,37.27488],[127.52268,37.27402],[127.52464,37.27313],[127.52657,37.2722],[127.52848,37.27124],[127.53036,37.27025],[127.53222,37.26922],[127.53404,37.26817],[127.53584,37.26708],[127.53761,37.26596],[127.53934,37.26481],[127.54105,37.26363],[127.54272,37.26242],[127.54436,37.26119],[127.54596,37.25992],[127.54753,37.25863],[127.54907,37.25731],[127.55057,37.25597],[127.55203,37.2546],[127.55346,37.2532],[127.55484,37.25178],[127.55619,37.25034],[127.5575,37.24887],[127.55877,37.24738],[127.56,37.24587],[127.56119,37.24434],[127.56233,37.24279],[127.56343,37.24122],[127.5645,37.23963],[127.56551,37.23802],[127.56649,37.2364],[127.56742,37.23476],[127.5683,37.2331],[127.56914,37.23143],[127.56994,37.22974],[127.57069,37.22805],[127.57139,37.22633],[127.57205,37.22461],[127.57266,37.22288],[127.57322,37.22113],[127.57373,37.21938],[127.5742,37.21762],[127.57462,37.21585],[127.575,37.21407],[127.57532,37.21229],[127.5756,37.2105],[127.57582,37.20871],[127.576,37.20691],[127.57613,37.20511],[127.57622,37.20331],[127.57625,37.20151],[127.57624,37.19971],[127.57617,37.19791],[127.57606,37.19611],[127.5759,37.19431],[127.57569,37.19252],[127.57543,37.19073],[127.57513,37.18894],[127.57478,37.18717],[127.57437,37.18539],[127.57392,37.18363],[127.57343,37.18187],[127.57288,37.18012],[127.57229,37.17838],[127.57165,37.17666],[127.57097,37.17494],[127.57024,37.17324],[127.56946,37.17154],[127.56864,37.16987],[127.56778,37.1682],[127.56687,37.16656],[127.56591,37.16493],[127.56491,37.16331],[127.56387,37.16172],[127.56278,37.16014],[127.56166,37.15858],[127.56049,37.15704],[127.55928,37.15552],[127.55803,37.15402],[127.55673,37.15255],[127.5554,37.15109],[127.55403,37.14966],[127.55263,37.14826],[127.55118,37.14688],[127.5497,37.14552],[127.54818,37.14419],[127.54663,37.14289],[127.54504,37.14161],[127.54342,37.14036],[127.54176,37.13914],[127.54007,37.13795],[127.53836,37.13679],[127.5366,37.13566],[127.53482,37.13456],[127.53301,37.13349],[127.53118,37.13245],[127.52931,37.13144],[127.52742,37.13047],[127.5255,37.12952],[127.52356,37.12862],[127.52159,37.12774],[127.5196,37.1269],[127.51759,37.1261],[127.51555,37.12532],[127.5135,37.12459],[127.51143,37.12389],[127.50934,37.12323],[127.50723,37.1226],[127.5051,37.12201],[127.50296,37.12145],[127.50081,37.12094],[127.49864,37.12046],[127.49646,37.12001],[127.49426,37.11961],[127.49206,37.11924],[127.48985,37.11891],[127.48763,37.11862],[127.4854,37.11837],[127.48317,37.11816],[127.48093,37.11799],[127.47869,37.11785],[127.47644,37.11775],[127.47419,37.11769],[127.47194,37.11768],[127.46969,37.11769],[127.46744,37.11775],[127.4652,37.11785],[127.46295,37.11799],[127.46072,37.11816],[127.45848,37.11837],[127.45625,37.11863],[127.45403,37.11892],[127.45182,37.11924],[127.44962,37.11961],[127.44743,37.12002],[127.44525,37.12046],[127.44308,37.12094],[127.44092,37.12146],[127.43878,37.12201],[127.43666,37.1226],[127.43455,37.12323],[127.43246,37.12389],[127.43038,37.12459],[127.42833,37.12533],[127.4263,37.1261],[127.42428,37.12691],[127.42229,37.12775],[127.42033,37.12862],[127.41839,37.12953],[127.41647,37.13047],[127.41457,37.13145],[127.41271,37.13245],[127.41087,37.13349],[127.40906,37.13456],[127.40728,37.13566],[127.40553,37.1368],[127.40381,37.13796],[127.40212,37.13915],[127.40047,37.14037],[127.39885,37.14162],[127.39726,37.14289],[127.3957,37.1442],[127.39419,37.14553],[127.39271,37.14688],[127.39126,37.14826],[127.38985,37.14967],[127.38848,37.1511],[127.38715,37.15255],[127.38586,37.15403],[127.38461,37.15553],[127.3834,37.15705],[127.38223,37.15859],[127.38111,37.16014],[127.38002,37.16172],[127.37898,37.16332],[127.37798,37.16493],[127.37702,37.16657],[127.37611,37.16821],[127.37525,37.16988],[127.37443,37.17155],[127.37365,37.17324],[127.37292,37.17495],[127.37224,37.17666],[127.3716,37.17839],[127.37101,37.18013],[127.37046,37.18188],[127.36997,37.18364],[127.36952,37.1854],[127.36912,37.18717],[127.36876,37.18895],[127.36846,37.19074],[127.3682,37.19253],[127.36799,37.19432],[127.36783,37.19612],[127.36772,37.19792],[127.36766,37.19972],[127.36764,37.20152],[127.36768,37.20332],[127.36776,37.20512],[127.36789,37.20692],[127.36807,37.20872],[127.3683,37.21051],[127.36858,37.2123],[127.3689,37.21408],[127.36927,37.21586],[127.36969,37.21763],[127.37016,37.21939],[127.37068,37.22114],[127.37124,37.22288],[127.37185,37.22462],[127.37251,37.22634],[127.37321,37.22805],[127.37396,37.22975],[127.37476,37.23144],[127.3756,37.23311],[127.37648,37.23477],[127.37741,37.23641],[127.37839,37.23803],[127.3794,37.23964],[127.38047,37.24123],[127.38157,37.2428],[127.38272,37.24435],[127.3839,37.24588],[127.38513,37.24739],[127.3864,37.24888],[127.38771,37.25035],[127.38906,37.25179],[127.39045,37.25321],[127.39187,37.2546],[127.39333,37.25597],[127.39483,37.25732],[127.39637,37.25864],[127.39794,37.25993],[127.39955,37.26119],[127.40118,37.26243],[127.40286,37.26364],[127.40456,37.26482],[127.4063,37.26597],[127.40806,37.26708],[127.40986,37.26817],[127.41169,37.26923],[127.41354,37.27025],[127.41542,37.27125],[127.41733,37.27221],[127.41926,37.27313],[127.42122,37.27403],[127.4232,37.27489],[127.42521,37.27571],[127.42723,37.2765],[127.42928,37.27725],[127.43135,37.27797],[127.43343,37.27866],[127.43554,37.2793],[127.43766,37.27991],[127.43979,37.28049],[127.44195,37.28102],[127.44411,37.28152],[127.44629,37.28199],[127.44848,37.28241],[127.45068,37.2828],[127.4529,37.28314],[127.45512,37.28345],[127.45735,37.28373],[127.45958,37.28396],[127.46182,37.28415],[127.46407,37.28431],[127.46632,37.28443],[127.46857,37.2845],[127.47083,37.28454],[127.47308,37.28454]]]]},"properties":{"ctr_lbl_1":"ICHEON"},"id":"LT_C_AISCTRC.48"},{"type":"Feature","geometry":{"type":"MultiPolygon","coordinates":[[[[127.21573,36.28172],[127.21683,36.27012],[127.21593,36.2585],[127.21305,36.2471],[127.20823,36.23613],[127.20158,36.22582],[127.19322,36.21635],[127.18332,36.20792],[127.17207,36.20068],[127.15969,36.19478],[127.14641,36.19034],[127.13251,36.18743],[127.11824,36.18612],[127.10389,36.18643],[127.08973,36.18836],[127.07603,36.19186],[127.06307,36.19687],[127.0511,36.2033],[127.04034,36.21101],[127.03101,36.21986],[127.02328,36.22967],[127.01732,36.24026],[127.01323,36.25142],[127.0111,36.26293],[127.01096,36.27457],[127.01283,36.28611],[127.01667,36.29733],[127.02239,36.308],[127.0299,36.31793],[127.03905,36.32692],[127.04965,36.33478],[127.06151,36.34138],[127.07438,36.34657],[127.08803,36.35026],[127.10218,36.35238],[127.11656,36.35288],[127.13088,36.35176],[127.14487,36.34903],[127.15825,36.34476],[127.17077,36.33901],[127.18217,36.33192],[127.19224,36.32361],[127.20078,36.31424],[127.20762,36.304],[127.21264,36.29309],[127.21573,36.28172]]]]},"properties":{"ctr_lbl_1":"NONSAN"},"id":"LT_C_AISCTRC.49"},{"type":"Feature","geometry":{"type":"MultiPolygon","coordinates":[[[[128.7947,35.15625],[128.79568,35.14464],[128.79468,35.13302],[128.79172,35.12163],[128.78686,35.11069],[128.78019,35.10042],[128.77185,35.091],[128.76201,35.08263],[128.75084,35.07547],[128.73857,35.06965],[128.72543,35.06529],[128.71169,35.06248],[128.69761,35.06126],[128.68345,35.06167],[128.6695,35.06369],[128.65603,35.06728],[128.6433,35.07238],[128.63155,35.07889],[128.62102,35.08668],[128.6119,35.09559],[128.60438,35.10546],[128.59861,35.11609],[128.59469,35.12728],[128.5927,35.13881],[128.59269,35.15046],[128.59465,35.16199],[128.59854,35.17319],[128.6043,35.18383],[128.6118,35.19371],[128.62091,35.20264],[128.63145,35.21043],[128.64321,35.21695],[128.65596,35.22206],[128.66945,35.22566],[128.68343,35.22769],[128.69761,35.22809],[128.71173,35.22688],[128.72549,35.22406],[128.73865,35.21969],[128.75093,35.21386],[128.76211,35.20669],[128.77196,35.1983],[128.78029,35.18888],[128.78693,35.17859],[128.79177,35.16765],[128.7947,35.15625]]]]},"properties":{"ctr_lbl_1":"JINHAE CTLZ"},"id":"LT_C_AISCTRC.5"},{"type":"Feature","geometry":{"type":"MultiPolygon","coordinates":[[[[127.03398,37.04343],[127.03623,37.0434],[127.03847,37.04333],[127.04072,37.04323],[127.04295,37.04308],[127.04519,37.04289],[127.04742,37.04267],[127.04964,37.0424],[127.05186,37.0421],[127.05407,37.04176],[127.05626,37.04138],[127.05845,37.04097],[127.06062,37.04051],[127.06279,37.04002],[127.06493,37.03949],[127.06707,37.03893],[127.06919,37.03833],[127.07129,37.03769],[127.07337,37.03701],[127.07543,37.0363],[127.07748,37.03555],[127.0795,37.03477],[127.08151,37.03395],[127.08349,37.0331],[127.08544,37.03221],[127.08737,37.03129],[127.08928,37.03034],[127.09116,37.02936],[127.09302,37.02834],[127.09484,37.02729],[127.09664,37.02621],[127.09841,37.02509],[127.10014,37.02395],[127.10185,37.02278],[127.10352,37.02158],[127.10516,37.02035],[127.10677,37.01909],[127.10834,37.0178],[127.10988,37.01649],[127.11138,37.01515],[127.11285,37.01378],[127.11428,37.01239],[127.11567,37.01098],[127.11702,37.00954],[127.11834,37.00808],[127.11961,37.0066],[127.12084,37.00509],[127.12204,37.00356],[127.12319,37.00202],[127.1243,37.00045],[127.12536,36.99887],[127.12639,36.99726],[127.12737,36.99564],[127.1283,36.994],[127.12919,36.99235],[127.13004,36.99068],[127.13084,36.989],[127.1316,36.9873],[127.13231,36.98559],[127.13298,36.98387],[127.13359,36.98214],[127.13417,36.9804],[127.13469,36.97865],[127.13517,36.97689],[127.1356,36.97512],[127.13598,36.97334],[127.13631,36.97156],[127.1366,36.96978],[127.13684,36.96798],[127.13702,36.96619],[127.13717,36.96439],[127.13726,36.96259],[127.1373,36.96079],[127.1373,36.95899],[127.13725,36.95719],[127.13714,36.95539],[127.137,36.95359],[127.1368,36.9518],[127.13655,36.95001],[127.13626,36.94822],[127.13592,36.94644],[127.13553,36.94466],[127.13509,36.9429],[127.1346,36.94114],[127.13407,36.93939],[127.13349,36.93765],[127.13287,36.93592],[127.13219,36.9342],[127.13148,36.93249],[127.13071,36.9308],[127.1299,36.92912],[127.12905,36.92745],[127.12815,36.9258],[127.12721,36.92417],[127.12622,36.92255],[127.12519,36.92095],[127.12412,36.91937],[127.123,36.9178],[127.12185,36.91626],[127.12065,36.91474],[127.11941,36.91323],[127.11813,36.91175],[127.11682,36.91029],[127.11546,36.90886],[127.11406,36.90745],[127.11263,36.90606],[127.11116,36.9047],[127.10966,36.90337],[127.10812,36.90206],[127.10654,36.90077],[127.10493,36.89952],[127.10329,36.89829],[127.10161,36.8971],[127.09991,36.89593],[127.09817,36.89479],[127.0964,36.89368],[127.0946,36.8926],[127.09277,36.89156],[127.09092,36.89054],[127.08904,36.88956],[127.08713,36.88861],[127.0852,36.8877],[127.08325,36.88682],[127.08127,36.88597],[127.07927,36.88516],[127.07724,36.88438],[127.0752,36.88363],[127.07314,36.88293],[127.07106,36.88226],[127.06896,36.88162],[127.06684,36.88102],[127.06471,36.88046],[127.06257,36.87993],[127.06041,36.87945],[127.05824,36.879],[127.05606,36.87858],[127.05386,36.87821],[127.05166,36.87787],[127.04945,36.87757],[127.04723,36.87731],[127.045,36.87709],[127.04277,36.87691],[127.04054,36.87676],[127.0383,36.87666],[127.03606,36.87659],[127.03382,36.87657],[127.03157,36.87658],[127.02933,36.87663],[127.02709,36.87672],[127.02486,36.87684],[127.02262,36.87701],[127.02039,36.87721],[127.01817,36.87746],[127.01596,36.87774],[127.01375,36.87806],[127.01155,36.87842],[127.00937,36.87881],[127.00719,36.87925],[127.00503,36.87972],[127.00287,36.88023],[127.00074,36.88078],[126.99862,36.88136],[126.99651,36.88198],[126.99442,36.88264],[126.99235,36.88333],[126.9903,36.88406],[126.98827,36.88482],[126.98626,36.88562],[126.98427,36.88645],[126.9823,36.88732],[126.98036,36.88822],[126.97845,36.88915],[126.97655,36.89012],[126.97469,36.89112],[126.97285,36.89215],[126.97104,36.89322],[126.96926,36.89431],[126.96751,36.89544],[126.96579,36.89659],[126.9641,36.89778],[126.96244,36.89899],[126.96082,36.90023],[126.95923,36.9015],[126.95767,36.9028],[126.95615,36.90413],[126.95466,36.90548],[126.95322,36.90685],[126.9518,36.90825],[126.95043,36.90968],[126.9491,36.91113],[126.9478,36.9126],[126.94655,36.91409],[126.94533,36.9156],[126.94416,36.91714],[126.94302,36.91869],[126.94193,36.92027],[126.94089,36.92186],[126.93988,36.92347],[126.93892,36.9251],[126.938,36.92674],[126.93713,36.9284],[126.9363,36.93008],[126.93552,36.93177],[126.93478,36.93347],[126.93409,36.93518],[126.93344,36.93691],[126.93284,36.93864],[126.93229,36.94039],[126.93179,36.94214],[126.93133,36.94391],[126.93092,36.94568],[126.93056,36.94746],[126.93024,36.94924],[126.92997,36.95103],[126.92976,36.95282],[126.92959,36.95462],[126.92946,36.95642],[126.92939,36.95822],[126.92937,36.96002],[126.92939,36.96182],[126.92946,36.96362],[126.92958,36.96542],[126.92975,36.96722],[126.92997,36.96901],[126.93023,36.9708],[126.93055,36.97258],[126.93091,36.97436],[126.93132,36.97613],[126.93177,36.9779],[126.93228,36.97965],[126.93283,36.9814],[126.93343,36.98313],[126.93407,36.98486],[126.93476,36.98657],[126.9355,36.98828],[126.93628,36.98996],[126.93711,36.99164],[126.93798,36.9933],[126.9389,36.99494],[126.93986,36.99657],[126.94087,36.99818],[126.94192,36.99977],[126.94301,37.00135],[126.94414,37.0029],[126.94531,37.00444],[126.94653,37.00595],[126.94779,37.00745],[126.94908,37.00892],[126.95042,37.01037],[126.95179,37.01179],[126.95321,37.01319],[126.95466,37.01457],[126.95614,37.01592],[126.95767,37.01724],[126.95922,37.01854],[126.96082,37.01981],[126.96244,37.02105],[126.9641,37.02227],[126.9658,37.02345],[126.96752,37.02461],[126.96927,37.02573],[126.97106,37.02683],[126.97287,37.02789],[126.97471,37.02892],[126.97658,37.02992],[126.97848,37.03089],[126.9804,37.03182],[126.98235,37.03272],[126.98432,37.03359],[126.98631,37.03442],[126.98833,37.03522],[126.99036,37.03598],[126.99242,37.03671],[126.99449,37.0374],[126.99659,37.03806],[126.9987,37.03867],[127.00082,37.03926],[127.00297,37.0398],[127.00512,37.04031],[127.00729,37.04078],[127.00947,37.04121],[127.01167,37.04161],[127.01387,37.04196],[127.01608,37.04228],[127.0183,37.04256],[127.02053,37.0428],[127.02276,37.043],[127.025,37.04317],[127.02724,37.04329],[127.02949,37.04338],[127.03173,37.04343],[127.03398,37.04343]]]]},"properties":{"ctr_lbl_1":"PYEONGTAEK"},"id":"LT_C_AISCTRC.50"},{"type":"Feature","geometry":{"type":"MultiPolygon","coordinates":[[[[128.69655,35.22815],[128.69875,35.22808],[128.70094,35.22798],[128.70313,35.22784],[128.70531,35.22766],[128.70749,35.22745],[128.70967,35.22719],[128.71183,35.2269],[128.71399,35.22657],[128.71614,35.2262],[128.71828,35.22579],[128.72041,35.22534],[128.72252,35.22486],[128.72462,35.22433],[128.72671,35.22378],[128.72878,35.22318],[128.73084,35.22255],[128.73288,35.22188],[128.7349,35.22117],[128.7369,35.22043],[128.73888,35.21966],[128.74084,35.21885],[128.74278,35.218],[128.7447,35.21712],[128.74659,35.21621],[128.74846,35.21527],[128.7503,35.21429],[128.75212,35.21327],[128.75391,35.21223],[128.75567,35.21116],[128.7574,35.21005],[128.75911,35.20891],[128.76078,35.20775],[128.76242,35.20655],[128.76403,35.20532],[128.76561,35.20407],[128.76715,35.20279],[128.76866,35.20148],[128.77014,35.20015],[128.77158,35.19879],[128.77298,35.1974],[128.77435,35.19599],[128.77568,35.19456],[128.77697,35.1931],[128.77822,35.19162],[128.77943,35.19012],[128.78061,35.1886],[128.78174,35.18706],[128.78283,35.18549],[128.78388,35.18391],[128.78489,35.18231],[128.78586,35.18069],[128.78678,35.17906],[128.78766,35.17741],[128.7885,35.17574],[128.78929,35.17406],[128.79004,35.17237],[128.79074,35.17066],[128.7914,35.16894],[128.79201,35.16721],[128.79258,35.16547],[128.7931,35.16372],[128.79358,35.16196],[128.79401,35.1602],[128.79439,35.15842],[128.79472,35.15664],[128.79501,35.15486],[128.79525,35.15307],[128.79545,35.15127],[128.7956,35.14947],[128.7957,35.14767],[128.79575,35.14587],[128.79576,35.14407],[128.79571,35.14227],[128.79562,35.14047],[128.79549,35.13867],[128.7953,35.13688],[128.79507,35.13509],[128.79479,35.1333],[128.79447,35.13152],[128.7941,35.12974],[128.79368,35.12797],[128.79322,35.12621],[128.79271,35.12446],[128.79215,35.12272],[128.79155,35.12098],[128.7909,35.11926],[128.79021,35.11755],[128.78947,35.11586],[128.78869,35.11417],[128.78786,35.1125],[128.78699,35.11085],[128.78608,35.10921],[128.78512,35.10759],[128.78413,35.10599],[128.78309,35.1044],[128.78201,35.10283],[128.78088,35.10129],[128.77972,35.09976],[128.77852,35.09825],[128.77728,35.09677],[128.776,35.0953],[128.77468,35.09386],[128.77333,35.09245],[128.77193,35.09106],[128.77051,35.08969],[128.76904,35.08835],[128.76754,35.08703],[128.76601,35.08575],[128.76444,35.08449],[128.76284,35.08325],[128.76121,35.08205],[128.75955,35.08088],[128.75786,35.07973],[128.75614,35.07862],[128.75439,35.07753],[128.75261,35.07648],[128.7508,35.07546],[128.74897,35.07447],[128.74711,35.07352],[128.74523,35.0726],[128.74332,35.07171],[128.74139,35.07085],[128.73944,35.07003],[128.73747,35.06925],[128.73548,35.0685],[128.73347,35.06778],[128.73144,35.0671],[128.72939,35.06646],[128.72733,35.06585],[128.72525,35.06528],[128.72315,35.06475],[128.72105,35.06426],[128.71893,35.0638],[128.7168,35.06338],[128.71466,35.063],[128.7125,35.06265],[128.71035,35.06235],[128.70818,35.06208],[128.70601,35.06185],[128.70383,35.06166],[128.70164,35.06151],[128.69946,35.06139],[128.69727,35.06132],[128.69508,35.06128],[128.69289,35.06129],[128.6907,35.06133],[128.68851,35.06141],[128.68632,35.06153],[128.68414,35.06169],[128.68196,35.06189],[128.67979,35.06212],[128.67762,35.0624],[128.67546,35.06271],[128.67331,35.06306],[128.67118,35.06345],[128.66905,35.06387],[128.66693,35.06434],[128.66482,35.06484],[128.66273,35.06538],[128.66066,35.06596],[128.6586,35.06657],[128.65655,35.06722],[128.65453,35.0679],[128.65252,35.06862],[128.65053,35.06938],[128.64856,35.07017],[128.64661,35.071],[128.64469,35.07186],[128.64279,35.07275],[128.64091,35.07368],[128.63905,35.07464],[128.63723,35.07563],[128.63542,35.07666],[128.63365,35.07772],[128.6319,35.07881],[128.63019,35.07993],[128.6285,35.08108],[128.62684,35.08226],[128.62522,35.08346],[128.62362,35.0847],[128.62206,35.08597],[128.62054,35.08726],[128.61904,35.08858],[128.61759,35.08992],[128.61616,35.09129],[128.61478,35.09269],[128.61343,35.09411],[128.61212,35.09555],[128.61084,35.09702],[128.60961,35.09851],[128.60841,35.10002],[128.60726,35.10155],[128.60614,35.1031],[128.60507,35.10467],[128.60404,35.10626],[128.60305,35.10787],[128.6021,35.10949],[128.60119,35.11113],[128.60033,35.11279],[128.59951,35.11446],[128.59874,35.11615],[128.59801,35.11785],[128.59733,35.11956],[128.59669,35.12128],[128.59609,35.12302],[128.59554,35.12476],[128.59504,35.12651],[128.59458,35.12828],[128.59417,35.13005],[128.59381,35.13182],[128.59349,35.13361],[128.59322,35.13539],[128.593,35.13719],[128.59282,35.13898],[128.5927,35.14078],[128.59262,35.14258],[128.59258,35.14438],[128.59259,35.14618],[128.59266,35.14798],[128.59276,35.14978],[128.59292,35.15158],[128.59312,35.15337],[128.59337,35.15516],[128.59367,35.15695],[128.59401,35.15873],[128.5944,35.1605],[128.59484,35.16227],[128.59532,35.16403],[128.59585,35.16577],[128.59643,35.16751],[128.59705,35.16924],[128.59772,35.17096],[128.59843,35.17266],[128.59918,35.17435],[128.59998,35.17603],[128.60083,35.17769],[128.60171,35.17934],[128.60265,35.18097],[128.60362,35.18259],[128.60464,35.18418],[128.60569,35.18576],[128.60679,35.18732],[128.60793,35.18886],[128.60911,35.19038],[128.61033,35.19188],[128.61159,35.19335],[128.61289,35.19481],[128.61422,35.19624],[128.6156,35.19764],[128.61701,35.19902],[128.61845,35.20038],[128.61993,35.20171],[128.62145,35.20301],[128.623,35.20429],[128.62458,35.20554],[128.6262,35.20676],[128.62784,35.20795],[128.62952,35.20911],[128.63123,35.21024],[128.63297,35.21134],[128.63474,35.21241],[128.63653,35.21345],[128.63835,35.21446],[128.6402,35.21543],[128.64207,35.21637],[128.64397,35.21728],[128.64589,35.21815],[128.64783,35.21899],[128.64979,35.21979],[128.65178,35.22056],[128.65379,35.2213],[128.65581,35.222],[128.65785,35.22266],[128.65991,35.22328],[128.66199,35.22387],[128.66408,35.22443],[128.66618,35.22494],[128.6683,35.22542],[128.67043,35.22586],[128.67257,35.22626],[128.67472,35.22663],[128.67688,35.22695],[128.67904,35.22724],[128.68122,35.22749],[128.6834,35.2277],[128.68559,35.22787],[128.68777,35.228],[128.68997,35.2281],[128.69216,35.22815],[128.69436,35.22817],[128.69655,35.22815]]]]},"properties":{"ctr_lbl_1":"JINHAE"},"id":"LT_C_AISCTRC.51"},{"type":"Feature","geometry":{"type":"MultiPolygon","coordinates":[[[[126.38104,34.84232],[126.38323,34.8423],[126.38541,34.84224],[126.38759,34.84214],[126.38977,34.84201],[126.39195,34.84184],[126.39412,34.84162],[126.39628,34.84137],[126.39844,34.84108],[126.40058,34.84076],[126.40272,34.84039],[126.40485,34.83999],[126.40697,34.83954],[126.40908,34.83906],[126.41117,34.83855],[126.41325,34.83799],[126.41531,34.8374],[126.41736,34.83677],[126.41939,34.83611],[126.4214,34.83541],[126.4234,34.83467],[126.42537,34.8339],[126.42733,34.8331],[126.42926,34.83226],[126.43117,34.83138],[126.43305,34.83047],[126.43492,34.82953],[126.43675,34.82855],[126.43856,34.82755],[126.44035,34.82651],[126.4421,34.82544],[126.44383,34.82433],[126.44553,34.8232],[126.4472,34.82204],[126.44884,34.82085],[126.45044,34.81962],[126.45201,34.81838],[126.45355,34.8171],[126.45506,34.81579],[126.45653,34.81446],[126.45797,34.81311],[126.45937,34.81172],[126.46073,34.81032],[126.46206,34.80889],[126.46335,34.80743],[126.4646,34.80596],[126.46581,34.80446],[126.46698,34.80294],[126.46812,34.8014],[126.46921,34.79984],[126.47026,34.79826],[126.47127,34.79666],[126.47223,34.79504],[126.47316,34.79341],[126.47404,34.79176],[126.47488,34.7901],[126.47567,34.78842],[126.47642,34.78673],[126.47713,34.78503],[126.47779,34.78331],[126.4784,34.78158],[126.47897,34.77984],[126.4795,34.77809],[126.47997,34.77634],[126.48041,34.77457],[126.48079,34.7728],[126.48113,34.77102],[126.48143,34.76923],[126.48167,34.76744],[126.48187,34.76565],[126.48202,34.76385],[126.48213,34.76205],[126.48219,34.76025],[126.4822,34.75845],[126.48216,34.75665],[126.48208,34.75485],[126.48195,34.75305],[126.48177,34.75126],[126.48155,34.74947],[126.48127,34.74768],[126.48096,34.7459],[126.48059,34.74412],[126.48018,34.74235],[126.47973,34.74059],[126.47922,34.73884],[126.47867,34.7371],[126.47808,34.73536],[126.47744,34.73364],[126.47676,34.73193],[126.47603,34.73023],[126.47526,34.72855],[126.47444,34.72688],[126.47358,34.72522],[126.47268,34.72358],[126.47173,34.72196],[126.47074,34.72035],[126.46972,34.71876],[126.46864,34.71719],[126.46753,34.71564],[126.46638,34.71412],[126.46519,34.71261],[126.46396,34.71112],[126.46269,34.70965],[126.46138,34.70821],[126.46004,34.70679],[126.45866,34.7054],[126.45724,34.70403],[126.45579,34.70269],[126.4543,34.70137],[126.45278,34.70008],[126.45123,34.69882],[126.44964,34.69758],[126.44802,34.69637],[126.44637,34.6952],[126.44469,34.69405],[126.44298,34.69293],[126.44124,34.69184],[126.43947,34.69079],[126.43768,34.68976],[126.43586,34.68877],[126.43401,34.68781],[126.43214,34.68689],[126.43025,34.68599],[126.42833,34.68514],[126.42639,34.68431],[126.42443,34.68352],[126.42245,34.68277],[126.42045,34.68205],[126.41844,34.68137],[126.4164,34.68072],[126.41435,34.68011],[126.41228,34.67954],[126.4102,34.679],[126.40811,34.6785],[126.406,34.67804],[126.40388,34.67761],[126.40175,34.67723],[126.39961,34.67688],[126.39746,34.67657],[126.39531,34.67629],[126.39315,34.67606],[126.39098,34.67587],[126.38881,34.67571],[126.38663,34.67559],[126.38445,34.67551],[126.38228,34.67547],[126.38009,34.67547],[126.37792,34.67551],[126.37574,34.67558],[126.37356,34.6757],[126.37139,34.67585],[126.36922,34.67605],[126.36706,34.67628],[126.3649,34.67655],[126.36276,34.67686],[126.36062,34.6772],[126.35849,34.67759],[126.35637,34.67801],[126.35426,34.67847],[126.35216,34.67896],[126.35008,34.6795],[126.34801,34.68007],[126.34596,34.68068],[126.34392,34.68132],[126.34191,34.682],[126.33991,34.68272],[126.33792,34.68347],[126.33596,34.68426],[126.33402,34.68508],[126.3321,34.68594],[126.33021,34.68683],[126.32834,34.68775],[126.32649,34.68871],[126.32467,34.6897],[126.32287,34.69072],[126.3211,34.69177],[126.31936,34.69286],[126.31765,34.69397],[126.31597,34.69512],[126.31432,34.6963],[126.31269,34.6975],[126.3111,34.69873],[126.30955,34.7],[126.30802,34.70128],[126.30654,34.7026],[126.30508,34.70394],[126.30366,34.70531],[126.30228,34.7067],[126.30093,34.70812],[126.29962,34.70956],[126.29835,34.71102],[126.29712,34.71251],[126.29592,34.71402],[126.29477,34.71554],[126.29365,34.71709],[126.29258,34.71866],[126.29155,34.72025],[126.29056,34.72185],[126.28961,34.72347],[126.2887,34.72511],[126.28784,34.72677],[126.28702,34.72844],[126.28625,34.73012],[126.28552,34.73182],[126.28483,34.73353],[126.28419,34.73525],[126.28359,34.73698],[126.28304,34.73872],[126.28253,34.74048],[126.28207,34.74224],[126.28166,34.74401],[126.28129,34.74578],[126.28097,34.74756],[126.2807,34.74935],[126.28047,34.75114],[126.28029,34.75294],[126.28016,34.75473],[126.28007,34.75653],[126.28003,34.75834],[126.28004,34.76014],[126.28009,34.76194],[126.2802,34.76374],[126.28035,34.76553],[126.28054,34.76733],[126.28079,34.76912],[126.28108,34.7709],[126.28141,34.77268],[126.28179,34.77446],[126.28222,34.77622],[126.2827,34.77798],[126.28322,34.77973],[126.28379,34.78147],[126.2844,34.7832],[126.28506,34.78492],[126.28576,34.78662],[126.28651,34.78831],[126.2873,34.78999],[126.28813,34.79166],[126.28901,34.79331],[126.28993,34.79494],[126.2909,34.79656],[126.2919,34.79815],[126.29295,34.79973],[126.29404,34.8013],[126.29517,34.80284],[126.29634,34.80436],[126.29755,34.80586],[126.2988,34.80734],[126.30008,34.80879],[126.30141,34.81022],[126.30277,34.81163],[126.30417,34.81302],[126.3056,34.81438],[126.30707,34.81571],[126.30857,34.81701],[126.31011,34.81829],[126.31168,34.81954],[126.31329,34.82077],[126.31492,34.82196],[126.31659,34.82313],[126.31829,34.82426],[126.32001,34.82537],[126.32177,34.82644],[126.32355,34.82748],[126.32536,34.82849],[126.32719,34.82947],[126.32905,34.83041],[126.33094,34.83132],[126.33284,34.8322],[126.33477,34.83304],[126.33673,34.83385],[126.3387,34.83462],[126.34069,34.83536],[126.3427,34.83607],[126.34473,34.83673],[126.34678,34.83736],[126.34884,34.83796],[126.35092,34.83851],[126.35301,34.83903],[126.35512,34.83951],[126.35724,34.83996],[126.35936,34.84036],[126.3615,34.84073],[126.36365,34.84106],[126.36581,34.84136],[126.36797,34.84161],[126.37014,34.84182],[126.37231,34.842],[126.37449,34.84214],[126.37667,34.84224],[126.37886,34.8423],[126.38104,34.84232]]]]},"properties":{"ctr_lbl_1":"MOKPO"},"id":"LT_C_AISCTRC.52"},{"type":"Feature","geometry":{"type":"MultiPolygon","coordinates":[[[[127.03197,37.15845],[127.03745,37.15966],[127.04273,37.16107],[127.04899,37.16309],[127.05403,37.165],[127.06363,37.16943],[127.06563,37.16888],[127.07189,37.16686],[127.07597,37.16533],[127.08192,37.16277],[127.0895,37.15889],[127.09664,37.15451],[127.10167,37.1509],[127.10486,37.14836],[127.10791,37.14571],[127.1122,37.14154],[127.11738,37.13565],[127.12191,37.12942],[127.12485,37.12456],[127.1266,37.12124],[127.12816,37.11786],[127.13016,37.1127],[127.13216,37.10568],[127.1334,37.09854],[127.13374,37.09495],[127.13387,37.08955],[127.13356,37.08415],[127.13312,37.08056],[127.13165,37.07346],[127.12943,37.06648],[127.12727,37.06136],[127.12561,37.05801],[127.12277,37.05311],[127.12067,37.04992],[127.11595,37.04379],[127.1106,37.03801],[127.10769,37.03526],[127.10306,37.03133],[127.09641,37.02649],[127.0929,37.02424],[127.08741,37.0211],[127.08362,37.01917],[127.07774,37.01653],[127.0696,37.01348],[127.06541,37.01218],[127.05901,37.01049],[127.05029,37.00876],[127.04587,37.00813],[127.03918,37.00746],[127.03021,37.00712],[127.02123,37.0074],[127.01454,37.00801],[127.01011,37.00861],[127.00137,37.01027],[126.99495,37.01191],[126.99075,37.01319],[126.98257,37.01617],[126.97666,37.01877],[126.97285,37.02067],[126.96554,37.02486],[126.96037,37.02833],[126.95708,37.03079],[126.95092,37.03603],[126.94668,37.04023],[126.94404,37.04315],[126.94157,37.04616],[126.93817,37.05082],[126.93423,37.0573],[126.93252,37.06063],[126.93031,37.06573],[126.928,37.0727],[126.92713,37.07623],[126.92618,37.08158],[126.92579,37.08517],[126.92557,37.09057],[126.92596,37.09777],[126.92676,37.10313],[126.92753,37.10668],[126.92964,37.11369],[126.93098,37.11713],[126.93333,37.12219],[126.93709,37.12873],[126.94037,37.13346],[126.94277,37.13651],[126.94666,37.14092],[126.94945,37.14375],[126.95548,37.14909],[126.96037,37.15282],[126.96379,37.15516],[126.96915,37.15845],[126.97287,37.16048],[126.97994,37.15886],[126.98511,37.15786],[126.98953,37.15718],[126.99622,37.15645],[127.00296,37.15607],[127.00868,37.15603],[127.0142,37.15621],[127.02329,37.15704],[127.03197,37.15845]]]]},"properties":{"ctr_lbl_1":"OSAN"},"id":"LT_C_AISCTRC.53"},{"type":"Feature","geometry":{"type":"MultiPolygon","coordinates":[[[[127.21585,36.28097],[127.21683,36.26935],[127.21581,36.25774],[127.21281,36.24636],[127.20788,36.23542],[127.20112,36.22514],[127.19267,36.21573],[127.18268,36.20736],[127.17136,36.2002],[127.15891,36.19439],[127.14559,36.19003],[127.13166,36.18721],[127.11737,36.186],[127.10302,36.1864],[127.08887,36.18842],[127.07521,36.19202],[127.0623,36.19712],[127.05039,36.20362],[127.0397,36.21141],[127.03046,36.22032],[127.02283,36.23019],[127.01698,36.24082],[127.013,36.25201],[127.01098,36.26353],[127.01097,36.27518],[127.01295,36.28671],[127.0169,36.2979],[127.02274,36.30854],[127.03035,36.31842],[127.03959,36.32735],[127.05028,36.33514],[127.0622,36.34166],[127.07514,36.34677],[127.08882,36.35037],[127.103,36.35239],[127.11738,36.3528],[127.13169,36.35158],[127.14566,36.34876],[127.159,36.3444],[127.17146,36.33857],[127.18279,36.3314],[127.19278,36.32301],[127.20122,36.31359],[127.20796,36.3033],[127.21287,36.29236],[127.21585,36.28097]]]]},"properties":{"ctr_lbl_1":"NONSAN CTLZ"},"id":"LT_C_AISCTRC.6"},{"type":"Feature","geometry":{"type":"MultiPolygon","coordinates":[[[[127.13642,36.97214],[127.13741,36.96053],[127.13638,36.94892],[127.13335,36.93753],[127.12838,36.9266],[127.12156,36.91633],[127.11303,36.90691],[127.10295,36.89855],[127.09152,36.89139],[127.07897,36.88557],[127.06553,36.88121],[127.05147,36.8784],[127.03706,36.87718],[127.02258,36.87759],[127.00831,36.87961],[126.99452,36.8832],[126.98149,36.8883],[126.96947,36.89481],[126.95869,36.90259],[126.94937,36.9115],[126.94167,36.92137],[126.93576,36.932],[126.93175,36.94318],[126.92972,36.95471],[126.9297,36.96635],[126.9317,36.97788],[126.93569,36.98907],[126.94158,36.99971],[126.94926,37.00959],[126.95858,37.01852],[126.96936,37.02631],[126.9814,37.03283],[126.99444,37.03793],[127.00825,37.04154],[127.02255,37.04356],[127.03707,37.04397],[127.05151,37.04275],[127.0656,37.03993],[127.07906,37.03556],[127.09163,37.02974],[127.10306,37.02256],[127.11314,37.01418],[127.12166,37.00476],[127.12846,36.99448],[127.13341,36.98353],[127.13642,36.97214]]]]},"properties":{"ctr_lbl_1":"PYEONGTAEK CTLZ"},"id":"LT_C_AISCTRC.7"},{"type":"Feature","geometry":{"type":"MultiPolygon","coordinates":[[[[128.17073,35.10019],[128.17171,35.08857],[128.17071,35.07695],[128.16775,35.06557],[128.16289,35.05463],[128.15623,35.04435],[128.1479,35.03494],[128.13806,35.02656],[128.1269,35.0194],[128.11463,35.01358],[128.10151,35.00923],[128.08777,35.00641],[128.0737,35.00519],[128.05955,35.0056],[128.04561,35.00762],[128.03215,35.01122],[128.01943,35.01632],[128.00769,35.02282],[127.99716,35.03061],[127.98805,35.03952],[127.98054,35.04939],[127.97477,35.06003],[127.97085,35.07122],[127.96886,35.08275],[127.96885,35.09439],[127.97081,35.10593],[127.9747,35.11712],[127.98045,35.12776],[127.98795,35.13764],[127.99706,35.14657],[128.00759,35.15437],[128.01934,35.16089],[128.03208,35.166],[128.04557,35.1696],[128.05953,35.17162],[128.07371,35.17203],[128.08781,35.17081],[128.10157,35.16799],[128.11472,35.16362],[128.12699,35.1578],[128.13816,35.15062],[128.148,35.14224],[128.15632,35.13281],[128.16297,35.12253],[128.1678,35.11158],[128.17073,35.10019]]]]},"properties":{"ctr_lbl_1":"SACHEON TCA AREA A"},"id":"LT_C_AISCTRC.8"},{"type":"Feature","geometry":{"type":"MultiPolygon","coordinates":[[[[127.60235,36.57958],[127.60334,36.56796],[127.60232,36.55635],[127.5993,36.54497],[127.59435,36.53403],[127.58757,36.52376],[127.57908,36.51434],[127.56905,36.50598],[127.55769,36.49881],[127.54519,36.493],[127.53182,36.48864],[127.51783,36.48583],[127.50349,36.48461],[127.48909,36.48502],[127.47489,36.48704],[127.46117,36.49063],[127.44821,36.49573],[127.43625,36.50224],[127.42553,36.51002],[127.41625,36.51893],[127.40859,36.5288],[127.40271,36.53943],[127.39872,36.55062],[127.3967,36.56214],[127.39668,36.57379],[127.39868,36.58532],[127.40264,36.59651],[127.4085,36.60715],[127.41614,36.61703],[127.42542,36.62595],[127.43614,36.63375],[127.44812,36.64027],[127.45231,36.64192],[127.46774,36.63687],[127.48134,36.63418],[127.49364,36.63306],[127.50807,36.63325],[127.52132,36.63487],[127.53421,36.63786],[127.54681,36.64229],[127.55779,36.63718],[127.56917,36.63],[127.57919,36.62162],[127.58767,36.6122],[127.59444,36.60191],[127.59936,36.59097],[127.60235,36.57958]]]]},"properties":{"ctr_lbl_1":"SEONGMU CTLZ"},"id":"LT_C_AISCTRC.9"}]}