{"type":"FeatureCollection","features":[{"type":"Feature","geometry":{"type":"MultiPolygon","coordinates":[[[[127.52061,37.53669],[127.52975,37.51169],[127.47033,37.51169],[127.47033,37.52056],[127.52061,37.53669]]]]},"properties":{"restricted":"<FNT name='TW Cen MT' size='6'><CLR cyan='70' magenta='10' yellow='100' black='0'>R1 <UND>6 000 AMSL</UND> GND</CLR></FNT>","res_lbl_1":"R1","res_lbl_2":"6 000 AMSL","res_lbl_3":"GND"},"id":"LT_C_AISRESC.1"},{"type":"Feature","geometry":{"type":"MultiPolygon","coordinates":[[[[127.47311,37.36725],[127.42867,37.32197],[127.41256,37.33475],[127.44478,37.37086],[127.47311,37.36725]]]]},"properties":{"restricted":"<FNT name='TW Cen MT' size='6'><CLR cyan='70' magenta='10' yellow='100' black='0'>R122 <UND>3 700 AMSL</UND> GND</CLR></FNT>","res_lbl_1":"R122","res_lbl_2":"3 700 AMSL","res_lbl_3":"GND"},"id":"LT_C_AISRESC.10"},{"type":"Feature","geometry":{"type":"MultiPolygon","coordinates":[[[[129.61667,37.46944],[129.78611,37.10833],[129.66667,37.075],[129.5125,37.41667],[129.61667,37.46944]]]]},"properties":{"restricted":"<FNT name='TW Cen MT' size='6'><CLR cyan='70' magenta='10' yellow='100' black='0'>R136 <UND>500 AMSL</UND> GND</CLR></FNT>","res_lbl_1":"R136","res_lbl_2":"500 AMSL","res_lbl_3":"GND"},"id":"LT_C_AISRESC.11"},{"type":"Feature","geometry":{"type":"MultiPolygon","coordinates":[[[[126.63806,36.10694],[126.42083,36.10194],[126.41667,36.23528],[126.64944,36.24056],[126.65222,36.15444],[126.63806,36.10694]]]]},"properties":{"restricted":"<FNT name='TW Cen MT' size='6'><CLR cyan='70' magenta='10' yellow='100' black='0'>R111 <UND>FL 250</UND> GND</CLR></FNT>","res_lbl_1":"R111","res_lbl_2":"FL 250","res_lbl_3":"GND"},"id":"LT_C_AISRESC.12"},{"type":"Feature","geometry":{"type":"MultiPolygon","coordinates":[[[[126.27942,35.91344],[126.28136,35.8902],[126.2793,35.86698],[126.2733,35.84421],[126.26346,35.82234],[126.25,35.8018],[126.23316,35.78298],[126.21328,35.76626],[126.19074,35.75194],[126.16599,35.74032],[126.1395,35.73162],[126.11178,35.72599],[126.08338,35.72356],[126.05484,35.72438],[126.02671,35.72841],[125.99954,35.73559],[125.97386,35.74578],[125.95016,35.75878],[125.9289,35.77434],[125.91049,35.79215],[125.8953,35.81188],[125.88362,35.83314],[125.87568,35.85551],[125.87164,35.87856],[125.87158,35.90185],[125.87551,35.92491],[125.88335,35.94731],[125.89494,35.9686],[125.91008,35.98837],[125.92847,36.00623],[125.94974,36.02184],[125.97349,36.03488],[125.99925,36.04511],[126.02651,36.05232],[126.05475,36.05637],[126.08341,36.05719],[126.11193,36.05475],[126.13975,36.0491],[126.16633,36.04036],[126.19114,36.0287],[126.2137,36.01434],[126.23358,35.99756],[126.25038,35.9787],[126.26378,35.95812],[126.27353,35.93622],[126.27942,35.91344]]]]},"properties":{"restricted":"<FNT name='TW Cen MT' size='6'><CLR cyan='70' magenta='10' yellow='100' black='0'>R105 <UND>FL 400</UND> GND</CLR></FNT>","res_lbl_1":"R105","res_lbl_2":"FL 400","res_lbl_3":"GND"},"id":"LT_C_AISRESC.14"},{"type":"Feature","geometry":{"type":"MultiPolygon","coordinates":[[[[126.19797,36.67675],[126.15214,36.36125],[126.00633,36.38625],[126.15464,36.67953],[126.19797,36.67675]]]]},"properties":{"restricted":"<FNT name='TW Cen MT' size='6'><CLR cyan='70' magenta='10' yellow='100' black='0'>R108D <UND>UNL</UND> GND</CLR></FNT>","res_lbl_1":"R108D","res_lbl_2":"UNL","res_lbl_3":"GND"},"id":"LT_C_AISRESC.15"},{"type":"Feature","geometry":{"type":"MultiPolygon","coordinates":[[[[130.16667,38.23333],[130.16667,37.78333],[129.85,37.8],[129.85,38.25],[130.16667,38.23333]]]]},"properties":{"restricted":"<FNT name='TW Cen MT' size='6'><CLR cyan='70' magenta='10' yellow='100' black='0'>R107 <UND>FL 400</UND> GND</CLR></FNT>","res_lbl_1":"R107","res_lbl_2":"FL 400","res_lbl_3":"GND"},"id":"LT_C_AISRESC.16"},{"type":"Feature","geometry":{"type":"MultiPolygon","coordinates":[[[[124.75,37.7],[124.93333,37.7],[125.025,37.625],[125.24583,37.56667],[125.53333,37.66667],[125.65833,37.68333],[125.69444,37.68333],[125.69444,37.62222],[125.65,37.62222],[125.4,37.5125],[125.4,37.43333],[125.06667,37.43333],[124.8,37.5375],[124.75,37.64444],[124.75,37.7]]]]},"properties":{"restricted":"<FNT name='TW Cen MT' size='6'><CLR cyan='70' magenta='10' yellow='100' black='0'>R134 <UND>5 000 AMSL</UND> GND</CLR></FNT>","res_lbl_1":"R134","res_lbl_2":"5 000 AMSL","res_lbl_3":"GND"},"id":"LT_C_AISRESC.17"},{"type":"Feature","geometry":{"type":"MultiPolygon","coordinates":[[[[129.03019,34.89257],[129.03097,34.88328],[129.03017,34.87399],[129.02781,34.86487],[129.02394,34.85612],[129.01863,34.8479],[129.01198,34.84037],[129.00412,34.83367],[128.99522,34.82794],[128.98543,34.82328],[128.97496,34.81979],[128.96399,34.81754],[128.95276,34.81657],[128.94147,34.81689],[128.93035,34.81851],[128.9196,34.82139],[128.90945,34.82547],[128.90008,34.83068],[128.89168,34.83691],[128.88441,34.84404],[128.87841,34.85194],[128.87381,34.86044],[128.87068,34.8694],[128.8691,34.87862],[128.86909,34.88794],[128.87066,34.89716],[128.87377,34.90612],[128.87836,34.91463],[128.88434,34.92254],[128.89161,34.92968],[128.90001,34.93592],[128.90939,34.94113],[128.91956,34.94522],[128.93031,34.9481],[128.94146,34.94972],[128.95276,34.95004],[128.96402,34.94907],[128.97499,34.94681],[128.98548,34.94332],[128.99528,34.93866],[129.00419,34.93292],[129.01204,34.92621],[129.01869,34.91867],[129.02399,34.91044],[129.02785,34.90169],[129.03019,34.89257]]]]},"properties":{"restricted":"<FNT name='TW Cen MT' size='6'><CLR cyan='70' magenta='10' yellow='100' black='0'>R100 <UND>500 AMSL</UND> GND</CLR></FNT>","res_lbl_1":"R100","res_lbl_2":"500 AMSL","res_lbl_3":"GND"},"id":"LT_C_AISRESC.18"},{"type":"Feature","geometry":{"type":"MultiPolygon","coordinates":[[[[127.32199,34.8923],[127.32214,34.89055],[127.32199,34.88881],[127.32155,34.8871],[127.32082,34.88546],[127.31983,34.88392],[127.31858,34.88251],[127.31711,34.88125],[127.31544,34.88017],[127.3136,34.8793],[127.31164,34.87865],[127.30958,34.87822],[127.30747,34.87804],[127.30535,34.8781],[127.30327,34.87841],[127.30125,34.87895],[127.29935,34.87971],[127.29759,34.88069],[127.29601,34.88186],[127.29465,34.88319],[127.29353,34.88468],[127.29266,34.88627],[127.29208,34.88795],[127.29178,34.88968],[127.29178,34.89143],[127.29208,34.89316],[127.29266,34.89484],[127.29352,34.89643],[127.29465,34.89791],[127.29601,34.89925],[127.29759,34.90042],[127.29934,34.9014],[127.30125,34.90216],[127.30327,34.9027],[127.30535,34.90301],[127.30747,34.90307],[127.30958,34.90288],[127.31164,34.90246],[127.3136,34.90181],[127.31544,34.90093],[127.31711,34.89986],[127.31858,34.8986],[127.31983,34.89719],[127.32082,34.89565],[127.32155,34.894],[127.32199,34.8923]]]]},"properties":{"restricted":"<FNT name='TW Cen MT' size='6'><CLR cyan='70' magenta='10' yellow='100' black='0'>R127 <UND>3 000 AMSL</UND> GND</CLR></FNT>","res_lbl_1":"R127","res_lbl_2":"3 000 AMSL","res_lbl_3":"GND"},"id":"LT_C_AISRESC.19"},{"type":"Feature","geometry":{"type":"MultiPolygon","coordinates":[[[[125.44982,34.56153],[125.45079,34.54992],[125.44979,34.5383],[125.44685,34.52691],[125.44203,34.51597],[125.43541,34.50569],[125.42713,34.49628],[125.41736,34.4879],[125.40627,34.48074],[125.39409,34.47492],[125.38105,34.47056],[125.3674,34.46775],[125.35342,34.46653],[125.33936,34.46694],[125.32552,34.46896],[125.31214,34.47255],[125.2995,34.47766],[125.28783,34.48416],[125.27738,34.49195],[125.26833,34.50086],[125.26086,34.51074],[125.25513,34.52137],[125.25124,34.53256],[125.24926,34.54409],[125.24925,34.55574],[125.2512,34.56727],[125.25506,34.57847],[125.26078,34.58911],[125.26823,34.599],[125.27728,34.60792],[125.28774,34.61572],[125.29941,34.62224],[125.31207,34.62735],[125.32547,34.63095],[125.33934,34.63297],[125.35342,34.63338],[125.36744,34.63216],[125.3811,34.62934],[125.39417,34.62498],[125.40636,34.61915],[125.41746,34.61197],[125.42723,34.60359],[125.4355,34.59416],[125.4421,34.58387],[125.44691,34.57293],[125.44982,34.56153]]]]},"properties":{"restricted":"<FNT name='TW Cen MT' size='6'><CLR cyan='70' magenta='10' yellow='100' black='0'>R125 <UND>3 500 AMSL</UND> GND</CLR></FNT>","res_lbl_1":"R125","res_lbl_2":"3 500 AMSL","res_lbl_3":"GND"},"id":"LT_C_AISRESC.2"},{"type":"Feature","geometry":{"type":"MultiPolygon","coordinates":[[[[126.0,34.0],[126.0,33.5],[125.8,33.5],[125.8,34.0],[126.0,34.0]]]]},"properties":{"restricted":"<FNT name='TW Cen MT' size='6'><CLR cyan='70' magenta='10' yellow='100' black='0'>R126 <UND>3 000 AMSL</UND> GND</CLR></FNT>","res_lbl_1":"R126","res_lbl_2":"3 000 AMSL","res_lbl_3":"GND"},"id":"LT_C_AISRESC.20"},{"type":"Feature","geometry":{"type":"MultiPolygon","coordinates":[[[[126.19992,36.68647],[126.26519,36.61594],[126.26519,36.56011],[126.22853,36.55956],[126.16769,36.67758],[126.19992,36.68647]]]]},"properties":{"restricted":"<FNT name='TW Cen MT' size='6'><CLR cyan='70' magenta='10' yellow='100' black='0'>R108E <UND>FL 400</UND> GND</CLR></FNT>","res_lbl_1":"R108E","res_lbl_2":"FL 400","res_lbl_3":"GND"},"id":"LT_C_AISRESC.21"},{"type":"Feature","geometry":{"type":"MultiPolygon","coordinates":[[[[126.23445,37.37685],[126.23485,37.37221],[126.23444,37.36756],[126.23323,37.36301],[126.23123,37.35863],[126.22849,37.35452],[126.22506,37.35076],[126.22101,37.34741],[126.21641,37.34454],[126.21136,37.34222],[126.20595,37.34047],[126.2003,37.33935],[126.1945,37.33886],[126.18867,37.33902],[126.18292,37.33983],[126.17738,37.34127],[126.17214,37.34331],[126.1673,37.34591],[126.16297,37.34903],[126.15921,37.35259],[126.15612,37.35654],[126.15375,37.36079],[126.15214,37.36527],[126.15132,37.36988],[126.15132,37.37454],[126.15213,37.37915],[126.15374,37.38362],[126.15611,37.38788],[126.1592,37.39183],[126.16295,37.39539],[126.16728,37.39851],[126.17212,37.40112],[126.17737,37.40316],[126.18292,37.4046],[126.18866,37.40541],[126.1945,37.40557],[126.2003,37.40508],[126.20596,37.40395],[126.21138,37.40221],[126.21643,37.39988],[126.22103,37.39701],[126.22508,37.39366],[126.22851,37.38989],[126.23125,37.38578],[126.23324,37.38141],[126.23445,37.37685]]]]},"properties":{"restricted":"<FNT name='TW Cen MT' size='6'><CLR cyan='70' magenta='10' yellow='100' black='0'>R133 <UND>500 AMSL</UND> GND</CLR></FNT>","res_lbl_1":"R133","res_lbl_2":"500 AMSL","res_lbl_3":"GND"},"id":"LT_C_AISRESC.22"},{"type":"Feature","geometry":{"type":"MultiPolygon","coordinates":[[[[126.6885,35.35664],[126.70906,35.35136],[126.711,35.28028],[126.68881,35.28889],[126.66853,35.34969],[126.6885,35.35664]]]]},"properties":{"restricted":"<FNT name='TW Cen MT' size='6'><CLR cyan='70' magenta='10' yellow='100' black='0'>R129 <UND>3 500 AMSL</UND> GND</CLR></FNT>","res_lbl_1":"R129","res_lbl_2":"3 500 AMSL","res_lbl_3":"GND"},"id":"LT_C_AISRESC.23"},{"type":"Feature","geometry":{"type":"MultiPolygon","coordinates":[[[[125.83334,34.71987],[125.83431,34.70825],[125.83331,34.69663],[125.83037,34.68524],[125.82553,34.6743],[125.81891,34.66403],[125.81061,34.65461],[125.80082,34.64624],[125.78971,34.63908],[125.7775,34.63326],[125.76444,34.6289],[125.75077,34.62608],[125.73676,34.62487],[125.72268,34.62527],[125.7088,34.62729],[125.6954,34.63089],[125.68274,34.63599],[125.67105,34.6425],[125.66057,34.65028],[125.6515,34.6592],[125.64403,34.66907],[125.63828,34.6797],[125.63438,34.6909],[125.63241,34.70243],[125.63239,34.71407],[125.63434,34.72561],[125.63821,34.7368],[125.64394,34.74745],[125.65141,34.75733],[125.66047,34.76625],[125.67095,34.77405],[125.68265,34.78057],[125.69533,34.78568],[125.70875,34.78928],[125.72266,34.7913],[125.73676,34.79171],[125.7508,34.79049],[125.7645,34.78767],[125.77758,34.78331],[125.7898,34.77748],[125.80092,34.7703],[125.81071,34.76192],[125.819,34.75249],[125.82561,34.74221],[125.83042,34.73126],[125.83334,34.71987]]]]},"properties":{"restricted":"<FNT name='TW Cen MT' size='6'><CLR cyan='70' magenta='10' yellow='100' black='0'>R117 <UND>3 000 AMSL</UND> GND</CLR></FNT>","res_lbl_1":"R117","res_lbl_2":"3 000 AMSL","res_lbl_3":"GND"},"id":"LT_C_AISRESC.24"},{"type":"Feature","geometry":{"type":"MultiPolygon","coordinates":[[[[129.50556,37.61667],[129.40417,37.55833],[128.9625,38.1],[129.06667,38.15833],[129.50556,37.61667]]]]},"properties":{"restricted":"<FNT name='TW Cen MT' size='6'><CLR cyan='70' magenta='10' yellow='100' black='0'>R135 <UND>500 AMSL</UND> GND</CLR></FNT>","res_lbl_1":"R135","res_lbl_2":"500 AMSL","res_lbl_3":"GND"},"id":"LT_C_AISRESC.25"},{"type":"Feature","geometry":{"type":"MultiPolygon","coordinates":[[[[129.5,38.41667],[129.5,38.16667],[129.0,38.16667],[129.0,38.28333],[128.75,38.28333],[128.75,38.41667],[129.5,38.41667]]]]},"properties":{"restricted":"<FNT name='TW Cen MT' size='6'><CLR cyan='70' magenta='10' yellow='100' black='0'>R121 <UND>2 500 AMSL</UND> GND</CLR></FNT>","res_lbl_1":"R121","res_lbl_2":"2 500 AMSL","res_lbl_3":"GND"},"id":"LT_C_AISRESC.26"},{"type":"Feature","geometry":{"type":"MultiPolygon","coordinates":[[[[130.91667,36.41667],[130.91667,36.28333],[130.48333,36.03333],[130.41667,36.03333],[130.41667,36.73333],[130.91667,36.41667]]]]},"properties":{"restricted":"<FNT name='TW Cen MT' size='6'><CLR cyan='70' magenta='10' yellow='100' black='0'>R120 <UND>FL 380</UND> GND</CLR></FNT>","res_lbl_1":"R120","res_lbl_2":"FL 380","res_lbl_3":"GND"},"id":"LT_C_AISRESC.27"},{"type":"Feature","geometry":{"type":"MultiPolygon","coordinates":[[[[126.54159,35.55903],[126.54257,35.54741],[126.54156,35.5358],[126.53859,35.52441],[126.5337,35.51347],[126.52701,35.5032],[126.51863,35.49378],[126.50873,35.48541],[126.49751,35.47825],[126.48518,35.47243],[126.47198,35.46808],[126.45816,35.46526],[126.44401,35.46405],[126.42979,35.46445],[126.41577,35.46647],[126.40223,35.47007],[126.38943,35.47517],[126.37763,35.48167],[126.36704,35.48946],[126.35788,35.49837],[126.35032,35.50824],[126.34452,35.51887],[126.34058,35.53006],[126.33858,35.54159],[126.33857,35.55323],[126.34054,35.56477],[126.34445,35.57596],[126.35024,35.5866],[126.35778,35.59648],[126.36694,35.60541],[126.37753,35.61321],[126.38934,35.61972],[126.40216,35.62483],[126.41572,35.62843],[126.42976,35.63046],[126.44402,35.63087],[126.4582,35.62965],[126.47204,35.62683],[126.48526,35.62246],[126.4976,35.61663],[126.50884,35.60946],[126.51873,35.60108],[126.5271,35.59165],[126.53378,35.58137],[126.53864,35.57042],[126.54159,35.55903]]]]},"properties":{"restricted":"<FNT name='TW Cen MT' size='6'><CLR cyan='70' magenta='10' yellow='100' black='0'>R104 <UND>FL 150</UND> GND</CLR></FNT>","res_lbl_1":"R104","res_lbl_2":"FL 150","res_lbl_3":"GND"},"id":"LT_C_AISRESC.28"},{"type":"Feature","geometry":{"type":"MultiPolygon","coordinates":[[[[125.5,36.0],[125.5,35.58333],[125.0,35.58333],[125.0,36.0],[125.5,36.0]]]]},"properties":{"restricted":"<FNT name='TW Cen MT' size='6'><CLR cyan='70' magenta='10' yellow='100' black='0'>R123 <UND>3 700 AMSL</UND> GND</CLR></FNT>","res_lbl_1":"R123","res_lbl_2":"3 700 AMSL","res_lbl_3":"GND"},"id":"LT_C_AISRESC.29"},{"type":"Feature","geometry":{"type":"MultiPolygon","coordinates":[[[[124.7424,37.80784],[124.7432,37.79855],[124.74237,37.78926],[124.73993,37.78016],[124.7359,37.77141],[124.73039,37.76319],[124.72349,37.75566],[124.71534,37.74897],[124.70609,37.74324],[124.69593,37.73859],[124.68506,37.7351],[124.67368,37.73285],[124.66202,37.73188],[124.65031,37.7322],[124.63876,37.73382],[124.62761,37.73669],[124.61707,37.74077],[124.60734,37.74597],[124.59862,37.7522],[124.59108,37.75933],[124.58485,37.76722],[124.58007,37.77573],[124.57683,37.78468],[124.57519,37.79389],[124.57518,37.80321],[124.5768,37.81243],[124.58003,37.82138],[124.58479,37.82989],[124.59101,37.83779],[124.59855,37.84493],[124.60727,37.85116],[124.617,37.85637],[124.62756,37.86046],[124.63872,37.86334],[124.65029,37.86496],[124.66203,37.86528],[124.67371,37.86431],[124.68511,37.86205],[124.69599,37.85856],[124.70616,37.8539],[124.71541,37.84817],[124.72356,37.84146],[124.73046,37.83393],[124.73596,37.8257],[124.73997,37.81695],[124.7424,37.80784]]]]},"properties":{"restricted":"<FNT name='TW Cen MT' size='6'><CLR cyan='70' magenta='10' yellow='100' black='0'>R116 <UND>2 500 AMSL</UND> GND</CLR></FNT>","res_lbl_1":"R116","res_lbl_2":"2 500 AMSL","res_lbl_3":"GND"},"id":"LT_C_AISRESC.3"},{"type":"Feature","geometry":{"type":"MultiPolygon","coordinates":[[[[126.19964,36.67675],[126.23047,36.55233],[126.15131,36.54956],[126.15464,36.67953],[126.19964,36.67675]]]]},"properties":{"restricted":"<FNT name='TW Cen MT' size='6'><CLR cyan='70' magenta='10' yellow='100' black='0'>R108A <UND>FL 270</UND> GND</CLR></FNT>","res_lbl_1":"R108A","res_lbl_2":"FL 270","res_lbl_3":"GND"},"id":"LT_C_AISRESC.30"},{"type":"Feature","geometry":{"type":"MultiPolygon","coordinates":[[[[126.19797,36.67675],[126.00911,36.28875],[125.94383,36.30292],[126.15464,36.67953],[126.19797,36.67675]]]]},"properties":{"restricted":"<FNT name='TW Cen MT' size='6'><CLR cyan='70' magenta='10' yellow='100' black='0'>R108F <UND>FL 800</UND> GND</CLR></FNT>","res_lbl_1":"R108F","res_lbl_2":"FL 800","res_lbl_3":"GND"},"id":"LT_C_AISRESC.31"},{"type":"Feature","geometry":{"type":"MultiPolygon","coordinates":[[[[126.16667,37.1],[125.95,36.91667],[125.7,36.91667],[125.7,37.1],[126.16667,37.1]]]]},"properties":{"restricted":"<FNT name='TW Cen MT' size='6'><CLR cyan='70' magenta='10' yellow='100' black='0'>R124 <UND>2 500 AMSL</UND> GND</CLR></FNT>","res_lbl_1":"R124","res_lbl_2":"2 500 AMSL","res_lbl_3":"GND"},"id":"LT_C_AISRESC.32"},{"type":"Feature","geometry":{"type":"MultiPolygon","coordinates":[[[[124.73333,37.95],[124.83333,37.75],[124.78333,37.75],[124.68333,37.95],[124.73333,37.95]]]]},"properties":{"restricted":"<FNT name='TW Cen MT' size='6'><CLR cyan='70' magenta='10' yellow='100' black='0'>R132 <UND>10 000 AMSL</UND> GND</CLR></FNT>","res_lbl_1":"R132","res_lbl_2":"10 000 AMSL","res_lbl_3":"GND"},"id":"LT_C_AISRESC.33"},{"type":"Feature","geometry":{"type":"MultiPolygon","coordinates":[[[[130.20333,35.71667],[130.20333,35.62667],[129.86333,35.46556],[129.66806,35.46667],[129.66806,35.78333],[130.20333,35.71667]]]]},"properties":{"restricted":"<FNT name='TW Cen MT' size='6'><CLR cyan='70' magenta='10' yellow='100' black='0'>R119 <UND>2 500 AMSL</UND> GND</CLR></FNT>","res_lbl_1":"R119","res_lbl_2":"2 500 AMSL","res_lbl_3":"GND"},"id":"LT_C_AISRESC.34"},{"type":"Feature","geometry":{"type":"MultiPolygon","coordinates":[[[[128.5,34.0],[127.83333,33.16667],[127.66667,33.16667],[127.66667,34.0],[128.5,34.0]]]]},"properties":{"restricted":"<FNT name='TW Cen MT' size='6'><CLR cyan='70' magenta='10' yellow='100' black='0'>R118 <UND>2 500 AMSL</UND> GND</CLR></FNT>","res_lbl_1":"R118","res_lbl_2":"2 500 AMSL","res_lbl_3":"GND"},"id":"LT_C_AISRESC.35"},{"type":"Feature","geometry":{"type":"MultiPolygon","coordinates":[[[[126.50211,36.35625],[126.63333,36.23333],[125.73333,35.68333],[125.58333,35.85],[126.38183,36.35819],[126.50211,36.35625]]]]},"properties":{"restricted":"<FNT name='TW Cen MT' size='6'><CLR cyan='70' magenta='10' yellow='100' black='0'>R97C <UND>UNL</UND> GND</CLR></FNT>","res_lbl_1":"R97C","res_lbl_2":"UNL","res_lbl_3":"GND"},"id":"LT_C_AISRESC.36"},{"type":"Feature","geometry":{"type":"MultiPolygon","coordinates":[[[[130.21667,36.83333],[130.41667,36.73333],[130.41667,36.03333],[130.0,36.03333],[130.0,36.86667],[130.21667,36.83333]]]]},"properties":{"restricted":"<FNT name='TW Cen MT' size='6'><CLR cyan='70' magenta='10' yellow='100' black='0'>R74 <UND>FL 500</UND> GND</CLR></FNT>","res_lbl_1":"R74","res_lbl_2":"FL 500","res_lbl_3":"GND"},"id":"LT_C_AISRESC.37"},{"type":"Feature","geometry":{"type":"MultiPolygon","coordinates":[[[[126.58333,36.3],[126.4,36.03333],[126.18333,36.21667],[126.51667,36.33333],[126.58333,36.3]]]]},"properties":{"restricted":"<FNT name='TW Cen MT' size='6'><CLR cyan='70' magenta='10' yellow='100' black='0'>R97A <UND>FL 300</UND> GND</CLR></FNT>","res_lbl_1":"R97A","res_lbl_2":"FL 300","res_lbl_3":"GND"},"id":"LT_C_AISRESC.38"},{"type":"Feature","geometry":{"type":"MultiPolygon","coordinates":[[[[128.58722,34.33667],[128.71972,34.15361],[128.58333,34.0],[128.0,34.0],[128.0,34.16139],[128.19083,34.30028],[128.58722,34.33667]]]]},"properties":{"restricted":"<FNT name='TW Cen MT' size='6'><CLR cyan='70' magenta='10' yellow='100' black='0'>R72 <UND>UNL</UND> GND</CLR></FNT>","res_lbl_1":"R72","res_lbl_2":"UNL","res_lbl_3":"GND"},"id":"LT_C_AISRESC.39"},{"type":"Feature","geometry":{"type":"MultiPolygon","coordinates":[[[[127.68333,37.63333],[127.73333,37.65],[127.78333,37.61667],[127.80333,37.53333],[127.68333,37.53333],[127.68333,37.63333]]]]},"properties":{"restricted":"<FNT name='TW Cen MT' size='6'><CLR cyan='70' magenta='10' yellow='100' black='0'>R10 <UND>5 000 AMSL</UND> GND</CLR></FNT>","res_lbl_1":"R10","res_lbl_2":"5 000 AMSL","res_lbl_3":"GND"},"id":"LT_C_AISRESC.4"},{"type":"Feature","geometry":{"type":"MultiPolygon","coordinates":[[[[128.5175,38.50167],[128.51667,38.5],[128.51667,38.5],[128.51667,38.5],[128.51667,38.5],[128.51442,38.50032],[128.51218,38.50064],[128.50994,38.50096],[128.50769,38.50128],[128.50545,38.5016],[128.50321,38.50192],[128.50096,38.50224],[128.49872,38.50256],[128.49648,38.50288],[128.49423,38.50321],[128.49199,38.50353],[128.48975,38.50385],[128.4875,38.50417],[128.48526,38.50449],[128.48302,38.50481],[128.48077,38.50513],[128.47853,38.50545],[128.47629,38.50577],[128.47404,38.50609],[128.4718,38.50641],[128.46955,38.50673],[128.46731,38.50705],[128.46507,38.50737],[128.46282,38.50769],[128.46058,38.50801],[128.45834,38.50833],[128.45609,38.50865],[128.45385,38.50897],[128.45161,38.50929],[128.44936,38.50962],[128.44712,38.50994],[128.44487,38.51026],[128.44263,38.51058],[128.44039,38.5109],[128.43814,38.51122],[128.4359,38.51154],[128.43366,38.51186],[128.43141,38.51218],[128.42917,38.5125],[128.42693,38.51282],[128.42468,38.51314],[128.42244,38.51346],[128.42019,38.51378],[128.41795,38.5141],[128.41571,38.51442],[128.41346,38.51474],[128.41122,38.51506],[128.40898,38.51538],[128.40673,38.51571],[128.40449,38.51603],[128.40224,38.51635],[128.4,38.51667],[128.4,38.51842],[128.4,38.52018],[128.4,38.52193],[128.4,38.52368],[128.4,38.52544],[128.4,38.52719],[128.4,38.52895],[128.4,38.5307],[128.4,38.53246],[128.4,38.53421],[128.4,38.53596],[128.4,38.53772],[128.4,38.53947],[128.4,38.54123],[128.4,38.54298],[128.4,38.54474],[128.4,38.54649],[128.4,38.54825],[128.4,38.55],[128.40224,38.55032],[128.40449,38.55064],[128.40673,38.55096],[128.40897,38.55128],[128.41122,38.5516],[128.41346,38.55192],[128.4157,38.55224],[128.41795,38.55256],[128.42019,38.55288],[128.42243,38.55321],[128.42468,38.55353],[128.42692,38.55385],[128.42916,38.55417],[128.43141,38.55449],[128.43365,38.55481],[128.43589,38.55513],[128.43814,38.55545],[128.44038,38.55577],[128.44263,38.55609],[128.44487,38.55641],[128.44711,38.55673],[128.44936,38.55705],[128.4516,38.55737],[128.45384,38.55769],[128.45609,38.55801],[128.45833,38.55833],[128.46057,38.55865],[128.46282,38.55897],[128.46506,38.55929],[128.4673,38.55962],[128.46955,38.55994],[128.47179,38.56026],[128.47404,38.56058],[128.47628,38.5609],[128.47852,38.56122],[128.48077,38.56154],[128.48301,38.56186],[128.48525,38.56218],[128.4875,38.5625],[128.48974,38.56282],[128.49198,38.56314],[128.49423,38.56346],[128.49647,38.56378],[128.49872,38.5641],[128.50096,38.56442],[128.5032,38.56474],[128.50545,38.56506],[128.50769,38.56538],[128.50994,38.56571],[128.51218,38.56603],[128.51442,38.56635],[128.51667,38.56667],[128.5175,38.565],[128.51757,38.56485],[128.53333,38.53333],[128.53302,38.5327],[128.5325,38.53167],[128.53167,38.53],[128.53083,38.52833],[128.53,38.52667],[128.52917,38.525],[128.52833,38.52333],[128.5275,38.52167],[128.52667,38.52],[128.52583,38.51833],[128.525,38.51667],[128.52417,38.515],[128.52333,38.51333],[128.5225,38.51167],[128.52167,38.51],[128.52083,38.50833],[128.52,38.50667],[128.51917,38.505],[128.51833,38.50333],[128.5175,38.50167]]]]},"properties":{"restricted":"<FNT name='TW Cen MT' size='6'><CLR cyan='70' magenta='10' yellow='100' black='0'>R77 <UND>FL 150</UND> GND</CLR></FNT>","res_lbl_1":"R77","res_lbl_2":"FL 150","res_lbl_3":"GND"},"id":"LT_C_AISRESC.40"},{"type":"Feature","geometry":{"type":"MultiPolygon","coordinates":[[[[128.38296,36.4143],[128.38395,36.40269],[128.38293,36.39107],[128.37992,36.37969],[128.37499,36.36875],[128.36822,36.35848],[128.35975,36.34907],[128.34974,36.3407],[128.3384,36.33354],[128.32593,36.32772],[128.31259,36.32336],[128.29863,36.32055],[128.28432,36.31933],[128.26994,36.31974],[128.25577,36.32176],[128.24209,36.32535],[128.22916,36.33045],[128.21722,36.33696],[128.20652,36.34474],[128.19726,36.35365],[128.18962,36.36352],[128.18375,36.37415],[128.17977,36.38534],[128.17775,36.39687],[128.17774,36.40851],[128.17973,36.42004],[128.18368,36.43123],[128.18953,36.44187],[128.19716,36.45175],[128.20641,36.46068],[128.21711,36.46847],[128.22906,36.47499],[128.24201,36.4801],[128.25572,36.4837],[128.26992,36.48572],[128.28433,36.48613],[128.29867,36.48491],[128.31266,36.48209],[128.32602,36.47773],[128.3385,36.4719],[128.34985,36.46473],[128.35986,36.45635],[128.36832,36.44692],[128.37507,36.43664],[128.37998,36.42569],[128.38296,36.4143]]]]},"properties":{"restricted":"<FNT name='TW Cen MT' size='6'><CLR cyan='70' magenta='10' yellow='100' black='0'>R81 <UND>FL 220</UND> SFC</CLR></FNT>","res_lbl_1":"R81","res_lbl_2":"FL 220","res_lbl_3":"SFC"},"id":"LT_C_AISRESC.41"},{"type":"Feature","geometry":{"type":"MultiPolygon","coordinates":[[[[125.60278,35.25028],[125.60333,34.83333],[124.53056,34.8325],[124.52889,35.24917],[125.60278,35.25028]]]]},"properties":{"restricted":"<FNT name='TW Cen MT' size='6'><CLR cyan='70' magenta='10' yellow='100' black='0'>R84 <UND>FL 500</UND> GND</CLR></FNT>","res_lbl_1":"R84","res_lbl_2":"FL 500","res_lbl_3":"GND"},"id":"LT_C_AISRESC.42"},{"type":"Feature","geometry":{"type":"MultiPolygon","coordinates":[[[[127.02778,37.7],[127.05472,37.69333],[127.08694,37.67583],[127.13333,37.64083],[127.14167,37.61556],[127.15833,37.57972],[127.11306,37.5425],[127.06056,37.44806],[126.95611,37.44806],[126.80667,37.56917],[126.80472,37.59167],[126.79833,37.61694],[126.80361,37.63111],[126.80667,37.66361],[126.88306,37.63278],[127.02778,37.7]]]]},"properties":{"restricted":"<FNT name='TW Cen MT' size='6'><CLR cyan='70' magenta='10' yellow='100' black='0'>R75 <UND>10 000 AMSL</UND> SFC</CLR></FNT>","res_lbl_1":"R75","res_lbl_2":"10 000 AMSL","res_lbl_3":"SFC"},"id":"LT_C_AISRESC.43"},{"type":"Feature","geometry":{"type":"MultiPolygon","coordinates":[[[[124.08611,37.74861],[124.61111,37.74861],[124.61111,37.50278],[124.08611,37.50389],[124.08611,37.74861]]]]},"properties":{"restricted":"<FNT name='TW Cen MT' size='6'><CLR cyan='70' magenta='10' yellow='100' black='0'>R153 <UND>3 000 AMSL</UND> SFC</CLR></FNT>","res_lbl_1":"R153","res_lbl_2":"3 000 AMSL","res_lbl_3":"SFC"},"id":"LT_C_AISRESC.44"},{"type":"Feature","geometry":{"type":"MultiPolygon","coordinates":[[[[127.82425,36.4813],[127.82465,36.47665],[127.82424,36.47201],[127.82304,36.46745],[127.82107,36.46308],[127.81836,36.45897],[127.81497,36.4552],[127.81096,36.45185],[127.80642,36.44898],[127.80143,36.44666],[127.79608,36.44491],[127.79049,36.44379],[127.78476,36.4433],[127.779,36.44346],[127.77332,36.44427],[127.76784,36.44571],[127.76266,36.44775],[127.75788,36.45035],[127.75359,36.45347],[127.74989,36.45703],[127.74683,36.46098],[127.74448,36.46524],[127.74289,36.46971],[127.74209,36.47432],[127.74208,36.47898],[127.74288,36.48359],[127.74447,36.48807],[127.74681,36.49232],[127.74987,36.49627],[127.75358,36.49984],[127.75786,36.50296],[127.76264,36.50556],[127.76783,36.50761],[127.77331,36.50905],[127.77899,36.50986],[127.78476,36.51002],[127.7905,36.50953],[127.79609,36.5084],[127.80144,36.50666],[127.80644,36.50433],[127.81098,36.50146],[127.81499,36.49811],[127.81837,36.49434],[127.82108,36.49023],[127.82305,36.48585],[127.82425,36.4813]]]]},"properties":{"restricted":"<FNT name='TW Cen MT' size='6'><CLR cyan='70' magenta='10' yellow='100' black='0'>R20 <UND>5 000 AMSL</UND> GND</CLR></FNT>","res_lbl_1":"R20","res_lbl_2":"5 000 AMSL","res_lbl_3":"GND"},"id":"LT_C_AISRESC.45"},{"type":"Feature","geometry":{"type":"MultiPolygon","coordinates":[[[[127.26543,36.61574],[127.26583,36.6111],[127.26542,36.60645],[127.26422,36.6019],[127.26224,36.59752],[127.25953,36.59341],[127.25613,36.58964],[127.25212,36.5863],[127.24757,36.58343],[127.24257,36.5811],[127.23722,36.57936],[127.23161,36.57823],[127.22587,36.57775],[127.2201,36.57791],[127.21441,36.57872],[127.20892,36.58015],[127.20373,36.5822],[127.19894,36.5848],[127.19465,36.58791],[127.19094,36.59148],[127.18788,36.59543],[127.18553,36.59968],[127.18393,36.60416],[127.18313,36.60877],[127.18312,36.61342],[127.18392,36.61804],[127.18551,36.62251],[127.18786,36.62677],[127.19092,36.63072],[127.19463,36.63429],[127.19893,36.6374],[127.20372,36.64001],[127.20891,36.64205],[127.21441,36.64349],[127.2201,36.6443],[127.22587,36.64446],[127.23162,36.64397],[127.23723,36.64285],[127.24258,36.6411],[127.24759,36.63877],[127.25214,36.63591],[127.25615,36.63255],[127.25955,36.62879],[127.26226,36.62467],[127.26423,36.6203],[127.26543,36.61574]]]]},"properties":{"restricted":"<FNT name='TW Cen MT' size='6'><CLR cyan='70' magenta='10' yellow='100' black='0'>R19 <UND>3 400 AMSL</UND> GND</CLR></FNT>","res_lbl_1":"R19","res_lbl_2":"3 400 AMSL","res_lbl_3":"GND"},"id":"LT_C_AISRESC.46"},{"type":"Feature","geometry":{"type":"MultiPolygon","coordinates":[[[[127.70115,37.34763],[127.70216,37.33602],[127.70112,37.32441],[127.69808,37.31302],[127.69308,37.30209],[127.68623,37.29182],[127.67765,37.28241],[127.66752,37.27404],[127.65604,37.26688],[127.64342,37.26106],[127.62992,37.25671],[127.61579,37.25389],[127.6013,37.25268],[127.58675,37.25308],[127.57241,37.2551],[127.55856,37.2587],[127.54547,37.26379],[127.53339,37.2703],[127.52255,37.27808],[127.51318,37.28699],[127.50545,37.29686],[127.49951,37.30749],[127.49548,37.31867],[127.49343,37.3302],[127.49342,37.34184],[127.49543,37.35337],[127.49943,37.36456],[127.50535,37.3752],[127.51307,37.38508],[127.52244,37.394],[127.53327,37.40179],[127.54537,37.40831],[127.55848,37.41342],[127.57236,37.41702],[127.58673,37.41904],[127.60131,37.41945],[127.61583,37.41823],[127.62999,37.41541],[127.64351,37.41105],[127.65615,37.40522],[127.66764,37.39805],[127.67777,37.38967],[127.68633,37.38024],[127.69316,37.36996],[127.69814,37.35902],[127.70115,37.34763]]]]},"properties":{"restricted":"<FNT name='TW Cen MT' size='6'><CLR cyan='70' magenta='10' yellow='100' black='0'>R17 <UND>FL 150</UND> GND</CLR></FNT>","res_lbl_1":"R17","res_lbl_2":"FL 150","res_lbl_3":"GND"},"id":"LT_C_AISRESC.47"},{"type":"Feature","geometry":{"type":"MultiPolygon","coordinates":[[[[129.47408,35.89469],[129.51711,35.88636],[129.496,35.84358],[129.46267,35.83692],[129.44297,35.89192],[129.47408,35.89469]]]]},"properties":{"restricted":"<FNT name='TW Cen MT' size='6'><CLR cyan='70' magenta='10' yellow='100' black='0'>R90B <UND>5 500 AMSL</UND> GND</CLR></FNT>","res_lbl_1":"R90B","res_lbl_2":"5 500 AMSL","res_lbl_3":"GND"},"id":"LT_C_AISRESC.48"},{"type":"Feature","geometry":{"type":"MultiPolygon","coordinates":[[[[129.45489,35.92275],[129.52128,35.89053],[129.51711,35.88636],[129.47408,35.89469],[129.44297,35.89192],[129.42989,35.92692],[129.45489,35.92275]]]]},"properties":{"restricted":"<FNT name='TW Cen MT' size='6'><CLR cyan='70' magenta='10' yellow='100' black='0'>R90A <UND>2 000 AMSL</UND> GND</CLR></FNT>","res_lbl_1":"R90A","res_lbl_2":"2 000 AMSL","res_lbl_3":"GND"},"id":"LT_C_AISRESC.49"},{"type":"Feature","geometry":{"type":"MultiPolygon","coordinates":[[[[126.29794,36.56956],[126.05219,34.97336],[125.71389,35.02194],[125.998,36.63619],[126.17325,36.67731],[126.29794,36.56956]]]]},"properties":{"restricted":"<FNT name='TW Cen MT' size='6'><CLR cyan='70' magenta='10' yellow='100' black='0'>R108C <UND>UNL</UND> GND</CLR></FNT>","res_lbl_1":"R108C","res_lbl_2":"UNL","res_lbl_3":"GND"},"id":"LT_C_AISRESC.5"},{"type":"Feature","geometry":{"type":"MultiPolygon","coordinates":[[[[126.16667,36.33333],[126.24547,36.36875],[126.50211,36.35625],[126.63333,36.23333],[126.36667,35.88333],[126.05,36.2],[125.95,36.23333],[125.95,36.33333],[126.16667,36.33333]]]]},"properties":{"restricted":"<FNT name='TW Cen MT' size='6'><CLR cyan='70' magenta='10' yellow='100' black='0'>R97B <UND>UNL</UND> GND</CLR></FNT>","res_lbl_1":"R97B","res_lbl_2":"UNL","res_lbl_3":"GND"},"id":"LT_C_AISRESC.50"},{"type":"Feature","geometry":{"type":"MultiPolygon","coordinates":[[[[125.72,37.69611],[125.91944,37.62972],[125.90333,37.58806],[125.70083,37.65917],[125.72,37.69611]]]]},"properties":{"restricted":"<FNT name='TW Cen MT' size='6'><CLR cyan='70' magenta='10' yellow='100' black='0'>R154 <UND>3 000 AMSL</UND> SFC</CLR></FNT>","res_lbl_1":"R154","res_lbl_2":"3 000 AMSL","res_lbl_3":"SFC"},"id":"LT_C_AISRESC.51"},{"type":"Feature","geometry":{"type":"MultiPolygon","coordinates":[[[[127.80528,36.90699],[127.80751,36.90694],[127.80973,36.9068],[127.81194,36.90656],[127.81414,36.90622],[127.8163,36.90579],[127.81844,36.90527],[127.82054,36.90466],[127.82259,36.90395],[127.82459,36.90316],[127.82654,36.90229],[127.82842,36.90133],[127.83024,36.90029],[127.83199,36.89918],[127.83366,36.89799],[127.83525,36.89673],[127.83675,36.8954],[127.83816,36.89401],[127.83948,36.89257],[127.84069,36.89106],[127.84181,36.88951],[127.84282,36.88791],[127.84372,36.88627],[127.84451,36.8846],[127.84519,36.88289],[127.84575,36.88116],[127.84619,36.8794],[127.84652,36.87763],[127.84673,36.87584],[127.84682,36.87405],[127.84679,36.87226],[127.84664,36.87047],[127.84637,36.86869],[127.84598,36.86693],[127.84547,36.86518],[127.84485,36.86346],[127.84412,36.86177],[127.84327,36.86011],[127.84231,36.85849],[127.84125,36.85692],[127.84008,36.85539],[127.83881,36.85392],[127.83745,36.8525],[127.83599,36.85114],[127.83445,36.84985],[127.83282,36.84862],[127.83111,36.84747],[127.82933,36.8464],[127.82747,36.8454],[127.82556,36.84448],[127.82358,36.84365],[127.82156,36.8429],[127.81948,36.84225],[127.81737,36.84168],[127.81522,36.8412],[127.81304,36.84082],[127.81084,36.84053],[127.80862,36.84034],[127.80639,36.84025],[127.80416,36.84025],[127.80194,36.84034],[127.79972,36.84053],[127.79752,36.84082],[127.79534,36.8412],[127.79319,36.84168],[127.79107,36.84225],[127.789,36.8429],[127.78697,36.84365],[127.785,36.84448],[127.78308,36.8454],[127.78123,36.8464],[127.77945,36.84747],[127.77774,36.84862],[127.77611,36.84985],[127.77456,36.85114],[127.77311,36.8525],[127.77174,36.85392],[127.77047,36.85539],[127.76931,36.85692],[127.76824,36.85849],[127.76729,36.86011],[127.76644,36.86177],[127.7657,36.86346],[127.76508,36.86518],[127.76458,36.86693],[127.76419,36.86869],[127.76392,36.87047],[127.76377,36.87226],[127.76374,36.87405],[127.76383,36.87584],[127.76403,36.87763],[127.76436,36.8794],[127.76481,36.88116],[127.76537,36.88289],[127.76605,36.8846],[127.76684,36.88627],[127.76774,36.88791],[127.76875,36.88951],[127.76986,36.89106],[127.77108,36.89257],[127.7724,36.89401],[127.77381,36.8954],[127.77531,36.89673],[127.7769,36.89799],[127.77856,36.89918],[127.78031,36.90029],[127.78213,36.90133],[127.78402,36.90229],[127.78596,36.90316],[127.78797,36.90395],[127.79002,36.90466],[127.79212,36.90527],[127.79425,36.90579],[127.79642,36.90622],[127.79861,36.90656],[127.80082,36.9068],[127.80305,36.90694],[127.80528,36.90699]]]]},"properties":{"restricted":"<FNT name='TW Cen MT' size='6'><CLR cyan='70' magenta='10' yellow='100' black='0'>R152 <UND>2 100 AMSL</UND> SFC</CLR></FNT>","res_lbl_1":"R152","res_lbl_2":"2 100 AMSL","res_lbl_3":"SFC"},"id":"LT_C_AISRESC.52"},{"type":"Feature","geometry":{"type":"MultiPolygon","coordinates":[[[[128.28027,36.0688],[128.25304,36.05704],[128.25289,36.05727],[128.25177,36.05881],[128.25052,36.06028],[128.24914,36.06167],[128.24764,36.06298],[128.24603,36.0642],[128.24431,36.06532],[128.2425,36.06634],[128.24061,36.06725],[128.23864,36.06805],[128.23661,36.06873],[128.23452,36.0693],[128.23239,36.06974],[128.23022,36.07006],[128.22803,36.07025],[128.22583,36.07031],[128.22363,36.07025],[128.22144,36.07006],[128.21928,36.06974],[128.21715,36.0693],[128.21506,36.06873],[128.21302,36.06805],[128.21105,36.06725],[128.20916,36.06634],[128.20735,36.06532],[128.20564,36.0642],[128.20403,36.06298],[128.20253,36.06167],[128.20115,36.06028],[128.19989,36.05881],[128.19877,36.05727],[128.19779,36.05567],[128.19695,36.05402],[128.19625,36.05233],[128.19571,36.0506],[128.19532,36.04884],[128.19508,36.04706],[128.19501,36.04527],[128.19508,36.04349],[128.19532,36.04171],[128.19571,36.03995],[128.19626,36.03822],[128.19695,36.03653],[128.19779,36.03487],[128.19863,36.03351],[128.17143,36.02173],[128.17143,36.02173],[128.17116,36.02227],[128.17089,36.02282],[128.17063,36.02337],[128.17038,36.02392],[128.17014,36.02447],[128.1699,36.02503],[128.16967,36.02559],[128.16944,36.02615],[128.16922,36.02672],[128.16901,36.02728],[128.16881,36.02785],[128.16861,36.02842],[128.16842,36.029],[128.16823,36.02958],[128.16806,36.03015],[128.16788,36.03074],[128.16772,36.03132],[128.16756,36.0319],[128.16741,36.03249],[128.16727,36.03308],[128.16713,36.03367],[128.167,36.03426],[128.16688,36.03485],[128.16677,36.03545],[128.16666,36.03604],[128.16656,36.03664],[128.16646,36.03724],[128.16637,36.03784],[128.16629,36.03844],[128.16622,36.03904],[128.16615,36.03964],[128.16609,36.04024],[128.16604,36.04085],[128.166,36.04145],[128.16596,36.04205],[128.16593,36.04266],[128.16591,36.04326],[128.16589,36.04387],[128.16588,36.04447],[128.16588,36.04508],[128.16588,36.04569],[128.1659,36.04629],[128.16592,36.0469],[128.16594,36.0475],[128.16598,36.04811],[128.16602,36.04871],[128.16607,36.04931],[128.16612,36.04992],[128.16618,36.05052],[128.16625,36.05112],[128.16633,36.05172],[128.16641,36.05232],[128.1665,36.05292],[128.1666,36.05352],[128.16671,36.05411],[128.16682,36.05471],[128.16694,36.0553],[128.16706,36.05589],[128.16719,36.05648],[128.16733,36.05707],[128.16748,36.05766],[128.16763,36.05825],[128.16779,36.05883],[128.16796,36.05941],[128.16814,36.05999],[128.16832,36.06057],[128.16851,36.06115],[128.1687,36.06172],[128.1689,36.06229],[128.16911,36.06286],[128.16932,36.06343],[128.16955,36.06399],[128.16977,36.06455],[128.17001,36.06511],[128.17025,36.06566],[128.1705,36.06622],[128.17075,36.06677],[128.17101,36.06731],[128.17128,36.06786],[128.17155,36.0684],[128.17183,36.06893],[128.17212,36.06947],[128.17241,36.07],[128.17271,36.07052],[128.17301,36.07105],[128.17333,36.07157],[128.17364,36.07208],[128.17397,36.07259],[128.1743,36.0731],[128.17463,36.07361],[128.17497,36.07411],[128.17532,36.0746],[128.17567,36.07509],[128.17603,36.07558],[128.17639,36.07607],[128.17676,36.07655],[128.17714,36.07702],[128.17752,36.07749],[128.17791,36.07796],[128.1783,36.07842],[128.1787,36.07887],[128.1791,36.07933],[128.17951,36.07977],[128.17992,36.08022],[128.18034,36.08065],[128.18077,36.08109],[128.18119,36.08151],[128.18163,36.08193],[128.18207,36.08235],[128.18251,36.08276],[128.18296,36.08317],[128.18341,36.08357],[128.18387,36.08397],[128.18433,36.08436],[128.1848,36.08474],[128.18527,36.08512],[128.18575,36.0855],[128.18623,36.08586],[128.18672,36.08623],[128.1872,36.08658],[128.1877,36.08694],[128.1882,36.08728],[128.1887,36.08762],[128.1892,36.08795],[128.18971,36.08828],[128.19023,36.0886],[128.19074,36.08892],[128.19126,36.08923],[128.19179,36.08953],[128.19232,36.08983],[128.19285,36.09012],[128.19338,36.0904],[128.19392,36.09068],[128.19446,36.09095],[128.195,36.09121],[128.19555,36.09147],[128.1961,36.09173],[128.19666,36.09197],[128.19721,36.09221],[128.19777,36.09244],[128.19833,36.09267],[128.1989,36.09289],[128.19946,36.0931],[128.20003,36.09331],[128.20061,36.09351],[128.20118,36.0937],[128.20176,36.09388],[128.20233,36.09406],[128.20292,36.09423],[128.2035,36.0944],[128.20408,36.09456],[128.20467,36.09471],[128.20526,36.09485],[128.20585,36.09499],[128.20644,36.09512],[128.20703,36.09525],[128.20762,36.09536],[128.20822,36.09547],[128.20882,36.09557],[128.20941,36.09567],[128.21001,36.09576],[128.21061,36.09584],[128.21121,36.09591],[128.21182,36.09598],[128.21242,36.09604],[128.21302,36.09609],[128.21363,36.09614],[128.21423,36.09618],[128.21484,36.09621],[128.21544,36.09623],[128.21605,36.09625],[128.21665,36.09626],[128.21726,36.09626],[128.21786,36.09626],[128.21847,36.09625],[128.21907,36.09623],[128.21968,36.0962],[128.22028,36.09617],[128.22089,36.09613],[128.22149,36.09608],[128.22209,36.09603],[128.2227,36.09597],[128.2233,36.0959],[128.2239,36.09582],[128.2245,36.09574],[128.2251,36.09565],[128.22569,36.09556],[128.22629,36.09545],[128.22689,36.09534],[128.22757,36.09535],[128.22825,36.09535],[128.22893,36.09535],[128.22961,36.09533],[128.23029,36.09531],[128.23097,36.09529],[128.23165,36.09525],[128.23233,36.09521],[128.23301,36.09516],[128.23369,36.09511],[128.23437,36.09505],[128.23504,36.09498],[128.23572,36.0949],[128.2364,36.09481],[128.23707,36.09472],[128.23775,36.09462],[128.23842,36.09452],[128.23909,36.09441],[128.23976,36.09429],[128.24043,36.09416],[128.2411,36.09403],[128.24176,36.09388],[128.24243,36.09374],[128.24309,36.09358],[128.24375,36.09342],[128.24441,36.09325],[128.24507,36.09308],[128.24573,36.09289],[128.24638,36.0927],[128.24703,36.09251],[128.24768,36.0923],[128.24833,36.09209],[128.24898,36.09188],[128.24962,36.09165],[128.25026,36.09142],[128.2509,36.09118],[128.25153,36.09094],[128.25217,36.09069],[128.2528,36.09043],[128.25343,36.09017],[128.25405,36.0899],[128.25467,36.08962],[128.25529,36.08934],[128.25591,36.08905],[128.25652,36.08875],[128.25713,36.08845],[128.25774,36.08814],[128.25834,36.08782],[128.25894,36.0875],[128.25954,36.08717],[128.26013,36.08683],[128.26072,36.08649],[128.2613,36.08615],[128.26189,36.08579],[128.26246,36.08543],[128.26304,36.08507],[128.26361,36.0847],[128.26418,36.08432],[128.26474,36.08393],[128.2653,36.08354],[128.26585,36.08315],[128.2664,36.08275],[128.26695,36.08234],[128.26749,36.08193],[128.26803,36.08151],[128.26856,36.08109],[128.26909,36.08066],[128.26961,36.08022],[128.27013,36.07978],[128.27065,36.07933],[128.27116,36.07888],[128.27166,36.07843],[128.27216,36.07796],[128.27266,36.0775],[128.27315,36.07702],[128.27363,36.07654],[128.27411,36.07606],[128.27459,36.07557],[128.27506,36.07508],[128.27552,36.07458],[128.27598,36.07408],[128.27643,36.07357],[128.27688,36.07306],[128.27733,36.07254],[128.27776,36.07202],[128.2782,36.0715],[128.27862,36.07096],[128.27904,36.07043],[128.27946,36.06989],[128.27987,36.06935],[128.28027,36.0688]]]]},"properties":{"restricted":"<FNT name='TW Cen MT' size='6'><CLR cyan='70' magenta='10' yellow='100' black='0'>R155B <UND>FL 196</UND> SFC</CLR></FNT>","res_lbl_1":"R155B","res_lbl_2":"FL 196","res_lbl_3":"SFC"},"id":"LT_C_AISRESC.53"},{"type":"Feature","geometry":{"type":"MultiPolygon","coordinates":[[[[129.11542,35.5263],[129.11582,35.52165],[129.11542,35.51701],[129.11423,35.51245],[129.11228,35.50807],[129.10961,35.50396],[129.10626,35.5002],[129.1023,35.49685],[129.09781,35.49398],[129.09288,35.49165],[129.0876,35.48991],[129.08207,35.48878],[129.07641,35.4883],[129.07072,35.48846],[129.06511,35.48927],[129.05969,35.4907],[129.05457,35.49275],[129.04985,35.49535],[129.04562,35.49847],[129.04195,35.50203],[129.03893,35.50598],[129.03662,35.51024],[129.03504,35.51471],[129.03425,35.51932],[129.03425,35.52398],[129.03504,35.52859],[129.0366,35.53307],[129.03892,35.53733],[129.04194,35.54128],[129.0456,35.54485],[129.04983,35.54796],[129.05456,35.55057],[129.05968,35.55261],[129.0651,35.55405],[129.07071,35.55486],[129.07641,35.55502],[129.08208,35.55454],[129.08761,35.55341],[129.09289,35.55166],[129.09783,35.54933],[129.10232,35.54647],[129.10627,35.54311],[129.10962,35.53935],[129.11229,35.53523],[129.11424,35.53086],[129.11542,35.5263]]]]},"properties":{"restricted":"<FNT name='TW Cen MT' size='6'><CLR cyan='70' magenta='10' yellow='100' black='0'>R21 <UND>5 000 AMSL</UND> GND</CLR></FNT>","res_lbl_1":"R21","res_lbl_2":"5 000 AMSL","res_lbl_3":"GND"},"id":"LT_C_AISRESC.54"},{"type":"Feature","geometry":{"type":"MultiPolygon","coordinates":[[[[129.39769,35.95303],[129.43103,35.95303],[129.33103,35.86969],[129.34769,35.93636],[129.39769,35.95303]]]]},"properties":{"restricted":"<FNT name='TW Cen MT' size='6'><CLR cyan='70' magenta='10' yellow='100' black='0'>R89 <UND>1 000 AMSL</UND> GND</CLR></FNT>","res_lbl_1":"R89","res_lbl_2":"1 000 AMSL","res_lbl_3":"GND"},"id":"LT_C_AISRESC.55"},{"type":"Feature","geometry":{"type":"MultiPolygon","coordinates":[[[[125.6,37.03556],[125.6,36.53333],[124.83333,36.53333],[124.83333,37.0225],[125.6,37.03556]]]]},"properties":{"restricted":"<FNT name='TW Cen MT' size='6'><CLR cyan='70' magenta='10' yellow='100' black='0'>R88 <UND>FL 500</UND> GND</CLR></FNT>","res_lbl_1":"R88","res_lbl_2":"FL 500","res_lbl_3":"GND"},"id":"LT_C_AISRESC.56"},{"type":"Feature","geometry":{"type":"MultiPolygon","coordinates":[[[[125.6,36.53333],[125.60111,36.08361],[124.52556,36.08194],[124.52389,36.39889],[124.83333,36.53333],[125.6,36.53333]]]]},"properties":{"restricted":"<FNT name='TW Cen MT' size='6'><CLR cyan='70' magenta='10' yellow='100' black='0'>R80 <UND>FL 500</UND> GND</CLR></FNT>","res_lbl_1":"R80","res_lbl_2":"FL 500","res_lbl_3":"GND"},"id":"LT_C_AISRESC.57"},{"type":"Feature","geometry":{"type":"MultiPolygon","coordinates":[[[[126.50211,36.35625],[126.63333,36.23333],[126.1,35.58333],[125.86667,35.7],[126.41214,36.35486],[126.50211,36.35625]]]]},"properties":{"restricted":"<FNT name='TW Cen MT' size='6'><CLR cyan='70' magenta='10' yellow='100' black='0'>R97D <UND>UNL</UND> GND</CLR></FNT>","res_lbl_1":"R97D","res_lbl_2":"UNL","res_lbl_3":"GND"},"id":"LT_C_AISRESC.58"},{"type":"Feature","geometry":{"type":"MultiPolygon","coordinates":[[[[127.29778,37.36519],[127.29818,37.36054],[127.29777,37.3559],[127.29656,37.35134],[127.29456,37.34697],[127.29182,37.34286],[127.28839,37.33909],[127.28434,37.33574],[127.27974,37.33288],[127.27469,37.33055],[127.26928,37.32881],[127.26363,37.32768],[127.25783,37.32719],[127.252,37.32736],[127.24626,37.32816],[127.24071,37.3296],[127.23547,37.33164],[127.23064,37.33425],[127.2263,37.33736],[127.22255,37.34093],[127.21946,37.34487],[127.21709,37.34913],[127.21548,37.3536],[127.21466,37.35821],[127.21466,37.36287],[127.21547,37.36748],[127.21707,37.37196],[127.21945,37.37621],[127.22254,37.38016],[127.22628,37.38373],[127.23062,37.38684],[127.23546,37.38945],[127.2407,37.39149],[127.24625,37.39293],[127.252,37.39374],[127.25783,37.3939],[127.26363,37.39341],[127.2693,37.39229],[127.27471,37.39054],[127.27976,37.38821],[127.28436,37.38535],[127.28841,37.382],[127.29184,37.37823],[127.29457,37.37412],[127.29657,37.36974],[127.29778,37.36519]]]]},"properties":{"restricted":"<FNT name='TW Cen MT' size='6'><CLR cyan='70' magenta='10' yellow='100' black='0'>R35 <UND>2 500 AMSL</UND> GND</CLR></FNT>","res_lbl_1":"R35","res_lbl_2":"2 500 AMSL","res_lbl_3":"GND"},"id":"LT_C_AISRESC.59"},{"type":"Feature","geometry":{"type":"MultiPolygon","coordinates":[[[[127.86167,37.57222],[127.87556,37.55972],[127.87,37.53056],[127.82833,37.51667],[127.80333,37.53333],[127.79403,37.57222],[127.86167,37.57222]]]]},"properties":{"restricted":"<FNT name='TW Cen MT' size='6'><CLR cyan='70' magenta='10' yellow='100' black='0'>R114 <UND>3 000 AMSL</UND> GND</CLR></FNT>","res_lbl_1":"R114","res_lbl_2":"3 000 AMSL","res_lbl_3":"GND"},"id":"LT_C_AISRESC.6"},{"type":"Feature","geometry":{"type":"MultiPolygon","coordinates":[[[[128.89389,34.77889],[129.05583,34.56306],[128.71972,34.15361],[128.58722,34.33667],[128.72417,34.68444],[128.84194,34.76833],[128.89389,34.77889]]]]},"properties":{"restricted":"<FNT name='TW Cen MT' size='6'><CLR cyan='70' magenta='10' yellow='100' black='0'>R99 <UND>FL 360</UND> GND</CLR></FNT>","res_lbl_1":"R99","res_lbl_2":"FL 360","res_lbl_3":"GND"},"id":"LT_C_AISRESC.60"},{"type":"Feature","geometry":{"type":"MultiPolygon","coordinates":[[[[126.7,35.15],[126.73333,35.15],[126.75744,35.13795],[126.72954,35.08845],[126.68333,35.1],[126.68822,35.12944],[126.68242,35.135],[126.7,35.15]]]]},"properties":{"restricted":"<FNT name='TW Cen MT' size='6'><CLR cyan='70' magenta='10' yellow='100' black='0'>R14</CLR></FNT>","res_lbl_1":"R14","res_lbl_2":"","res_lbl_3":""},"id":"LT_C_AISRESC.61"},{"type":"Feature","geometry":{"type":"MultiPolygon","coordinates":[[[[124.06944,37.98333],[124.63611,37.98333],[124.70833,37.98917],[124.70833,37.9],[124.63611,37.9],[124.06944,37.9],[124.06944,37.98333]]]]},"properties":{"restricted":"<FNT name='TW Cen MT' size='6'><CLR cyan='70' magenta='10' yellow='100' black='0'>R131 <UND>5 000 AMSL</UND> SFC</CLR></FNT>","res_lbl_1":"R131","res_lbl_2":"5 000 AMSL","res_lbl_3":"SFC"},"id":"LT_C_AISRESC.62"},{"type":"Feature","geometry":{"type":"MultiPolygon","coordinates":[[[[126.00583,37.63972],[126.00528,37.60639],[125.92333,37.60611],[125.92417,37.64083],[126.00583,37.63972]]]]},"properties":{"restricted":"<FNT name='TW Cen MT' size='6'><CLR cyan='70' magenta='10' yellow='100' black='0'>R137 <UND>5 000 AMSL</UND> SFC</CLR></FNT>","res_lbl_1":"R137","res_lbl_2":"5 000 AMSL","res_lbl_3":"SFC"},"id":"LT_C_AISRESC.63"},{"type":"Feature","geometry":{"type":"MultiPolygon","coordinates":[[[[126.53139,36.34807],[126.53359,36.34793],[126.53575,36.34753],[126.5378,36.34686],[126.5397,36.34594],[126.5414,36.34481],[126.54287,36.34347],[126.54408,36.34197],[126.54498,36.34034],[126.54557,36.33861],[126.54582,36.33684],[126.54573,36.33505],[126.54531,36.33329],[126.54456,36.33161],[126.54351,36.33004],[126.54217,36.32862],[126.54058,36.32738],[126.53877,36.32635],[126.53679,36.32555],[126.53468,36.32501],[126.53249,36.32474],[126.53028,36.32474],[126.5281,36.32501],[126.52599,36.32555],[126.52401,36.32635],[126.5222,36.32738],[126.52061,36.32862],[126.51927,36.33004],[126.51821,36.33161],[126.51747,36.33329],[126.51704,36.33505],[126.51696,36.33684],[126.51721,36.33861],[126.5178,36.34034],[126.5187,36.34197],[126.5199,36.34347],[126.52137,36.34481],[126.52308,36.34594],[126.52498,36.34686],[126.52703,36.34753],[126.52918,36.34793],[126.53139,36.34807]]]]},"properties":{"restricted":"<FNT name='TW Cen MT' size='6'><CLR cyan='70' magenta='10' yellow='100' black='0'>R138 <UND>4 400 AMSL</UND> SFC</CLR></FNT>","res_lbl_1":"R138","res_lbl_2":"4 400 AMSL","res_lbl_3":"SFC"},"id":"LT_C_AISRESC.64"},{"type":"Feature","geometry":{"type":"MultiPolygon","coordinates":[[[[127.40694,36.85224],[127.40916,36.8521],[127.41133,36.85169],[127.41339,36.85102],[127.41531,36.85011],[127.41702,36.84897],[127.4185,36.84764],[127.41971,36.84614],[127.42062,36.8445],[127.42121,36.84278],[127.42147,36.841],[127.42138,36.83921],[127.42096,36.83746],[127.42021,36.83578],[127.41914,36.8342],[127.41779,36.83278],[127.41619,36.83154],[127.41437,36.83051],[127.41238,36.82972],[127.41026,36.82918],[127.40806,36.82891],[127.40583,36.82891],[127.40363,36.82918],[127.40151,36.82972],[127.39952,36.83051],[127.3977,36.83154],[127.3961,36.83278],[127.39475,36.8342],[127.39368,36.83578],[127.39293,36.83746],[127.39251,36.83921],[127.39242,36.841],[127.39268,36.84278],[127.39327,36.8445],[127.39418,36.84614],[127.39538,36.84764],[127.39686,36.84897],[127.39858,36.85011],[127.40049,36.85102],[127.40256,36.85169],[127.40473,36.8521],[127.40694,36.85224]]]]},"properties":{"restricted":"<FNT name='TW Cen MT' size='6'><CLR cyan='70' magenta='10' yellow='100' black='0'>R139 <UND>5 400 AMSL</UND> GND</CLR></FNT>","res_lbl_1":"R139","res_lbl_2":"5 400 AMSL","res_lbl_3":"GND"},"id":"LT_C_AISRESC.65"},{"type":"Feature","geometry":{"type":"MultiPolygon","coordinates":[[[[126.55056,36.31083],[126.63333,36.23333],[126.53639,36.10639],[126.41667,36.23028],[126.55056,36.31083]]]]},"properties":{"restricted":"<FNT name='TW Cen MT' size='6'><CLR cyan='70' magenta='10' yellow='100' black='0'>R97E <UND>FL 300</UND> SFC</CLR></FNT>","res_lbl_1":"R97E","res_lbl_2":"FL 300","res_lbl_3":"SFC"},"id":"LT_C_AISRESC.66"},{"type":"Feature","geometry":{"type":"MultiPolygon","coordinates":[[[[126.51667,36.33333],[126.58333,36.3],[126.51583,36.20194],[126.41667,36.28833],[126.51667,36.33333]]]]},"properties":{"restricted":"<FNT name='TW Cen MT' size='6'><CLR cyan='70' magenta='10' yellow='100' black='0'>R97F <UND>FL 150</UND> SFC</CLR></FNT>","res_lbl_1":"R97F","res_lbl_2":"FL 150","res_lbl_3":"SFC"},"id":"LT_C_AISRESC.67"},{"type":"Feature","geometry":{"type":"MultiPolygon","coordinates":[[[[129.56667,37.16671],[129.56891,37.16666],[129.57114,37.16652],[129.57336,37.16628],[129.57556,37.16594],[129.57773,37.16551],[129.57987,37.16499],[129.58198,37.16438],[129.58404,37.16367],[129.58605,37.16288],[129.588,37.16201],[129.58989,37.16105],[129.59172,37.16001],[129.59347,37.1589],[129.59515,37.15771],[129.59674,37.15645],[129.59825,37.15512],[129.59966,37.15374],[129.60098,37.15229],[129.6022,37.15079],[129.60332,37.14923],[129.60433,37.14764],[129.60524,37.146],[129.60603,37.14432],[129.60671,37.14261],[129.60728,37.14088],[129.60772,37.13912],[129.60805,37.13735],[129.60826,37.13556],[129.60835,37.13377],[129.60832,37.13198],[129.60817,37.13019],[129.6079,37.12842],[129.60751,37.12665],[129.607,37.1249],[129.60638,37.12318],[129.60564,37.12149],[129.60479,37.11983],[129.60383,37.11822],[129.60276,37.11664],[129.60159,37.11511],[129.60032,37.11364],[129.59895,37.11222],[129.59749,37.11086],[129.59594,37.10957],[129.5943,37.10835],[129.59259,37.1072],[129.5908,37.10612],[129.58894,37.10512],[129.58702,37.10421],[129.58503,37.10337],[129.583,37.10263],[129.58092,37.10197],[129.5788,37.1014],[129.57664,37.10093],[129.57445,37.10055],[129.57224,37.10026],[129.57002,37.10007],[129.56779,37.09997],[129.56555,37.09997],[129.56331,37.10007],[129.56109,37.10026],[129.55888,37.10055],[129.55669,37.10093],[129.55454,37.1014],[129.55242,37.10197],[129.55033,37.10263],[129.5483,37.10337],[129.54632,37.10421],[129.5444,37.10512],[129.54254,37.10612],[129.54075,37.1072],[129.53903,37.10835],[129.5374,37.10957],[129.53585,37.11086],[129.53439,37.11222],[129.53302,37.11364],[129.53175,37.11511],[129.53057,37.11664],[129.52951,37.11822],[129.52855,37.11983],[129.5277,37.12149],[129.52696,37.12318],[129.52633,37.1249],[129.52583,37.12665],[129.52544,37.12842],[129.52517,37.13019],[129.52502,37.13198],[129.52498,37.13377],[129.52507,37.13556],[129.52528,37.13735],[129.52561,37.13912],[129.52606,37.14088],[129.52662,37.14261],[129.5273,37.14432],[129.52809,37.146],[129.529,37.14764],[129.53001,37.14923],[129.53113,37.15079],[129.53235,37.15229],[129.53367,37.15374],[129.53509,37.15512],[129.53659,37.15645],[129.53819,37.15771],[129.53986,37.1589],[129.54162,37.16001],[129.54344,37.16105],[129.54533,37.16201],[129.54729,37.16288],[129.5493,37.16367],[129.55136,37.16438],[129.55346,37.16499],[129.5556,37.16551],[129.55778,37.16594],[129.55998,37.16628],[129.5622,37.16652],[129.56443,37.16666],[129.56667,37.16671]]]]},"properties":{"restricted":"<FNT name='TW Cen MT' size='6'><CLR cyan='70' magenta='10' yellow='100' black='0'>R142A <UND>300 AMSL</UND> SFC</CLR></FNT>","res_lbl_1":"R142A","res_lbl_2":"300 AMSL","res_lbl_3":"SFC"},"id":"LT_C_AISRESC.69"},{"type":"Feature","geometry":{"type":"MultiPolygon","coordinates":[[[[131.0,37.225],[131.0,36.81667],[129.75,37.4],[131.0,37.225]]]]},"properties":{"restricted":"<FNT name='TW Cen MT' size='6'><CLR cyan='70' magenta='10' yellow='100' black='0'>R115 <UND>FL 380</UND> GND</CLR></FNT>","res_lbl_1":"R115","res_lbl_2":"FL 380","res_lbl_3":"GND"},"id":"LT_C_AISRESC.7"},{"type":"Feature","geometry":{"type":"MultiPolygon","coordinates":[[[[126.21667,33.82932],[126.21883,33.8293],[126.22099,33.82924],[126.22314,33.82914],[126.2253,33.82901],[126.22745,33.82883],[126.22959,33.82862],[126.23173,33.82837],[126.23386,33.82807],[126.23598,33.82775],[126.2381,33.82738],[126.2402,33.82697],[126.2423,33.82653],[126.24438,33.82605],[126.24645,33.82553],[126.2485,33.82497],[126.25054,33.82438],[126.25256,33.82375],[126.25457,33.82309],[126.25656,33.82238],[126.25853,33.82165],[126.26048,33.82087],[126.26241,33.82007],[126.26432,33.81922],[126.26621,33.81835],[126.26807,33.81744],[126.26991,33.81649],[126.27173,33.81552],[126.27352,33.81451],[126.27528,33.81347],[126.27701,33.81239],[126.27872,33.81129],[126.2804,33.81015],[126.28205,33.80899],[126.28367,33.8078],[126.28525,33.80657],[126.28681,33.80532],[126.28833,33.80404],[126.28982,33.80274],[126.29127,33.8014],[126.29269,33.80005],[126.29407,33.79866],[126.29542,33.79725],[126.29673,33.79582],[126.298,33.79437],[126.29924,33.79289],[126.30044,33.79139],[126.30159,33.78987],[126.30271,33.78832],[126.30379,33.78676],[126.30483,33.78518],[126.30582,33.78358],[126.30678,33.78197],[126.30769,33.78033],[126.30856,33.77868],[126.30939,33.77702],[126.31017,33.77534],[126.31091,33.77364],[126.31161,33.77194],[126.31226,33.77022],[126.31287,33.76849],[126.31343,33.76675],[126.31394,33.765],[126.31442,33.76324],[126.31484,33.76147],[126.31522,33.7597],[126.31556,33.75792],[126.31585,33.75613],[126.31609,33.75434],[126.31628,33.75255],[126.31643,33.75075],[126.31654,33.74895],[126.31659,33.74714],[126.3166,33.74534],[126.31656,33.74354],[126.31648,33.74174],[126.31635,33.73994],[126.31617,33.73814],[126.31595,33.73635],[126.31568,33.73456],[126.31537,33.73278],[126.315,33.731],[126.3146,33.72923],[126.31414,33.72747],[126.31365,33.72571],[126.3131,33.72397],[126.31251,33.72224],[126.31188,33.72051],[126.3112,33.7188],[126.31048,33.7171],[126.30972,33.71542],[126.30891,33.71375],[126.30806,33.71209],[126.30716,33.71045],[126.30623,33.70883],[126.30525,33.70722],[126.30423,33.70563],[126.30317,33.70406],[126.30207,33.70251],[126.30093,33.70098],[126.29975,33.69947],[126.29854,33.69798],[126.29728,33.69652],[126.29599,33.69507],[126.29466,33.69366],[126.29329,33.69226],[126.29189,33.69089],[126.29045,33.68955],[126.28898,33.68823],[126.28747,33.68694],[126.28594,33.68568],[126.28437,33.68444],[126.28276,33.68323],[126.28113,33.68206],[126.27947,33.68091],[126.27778,33.67979],[126.27606,33.6787],[126.27431,33.67765],[126.27254,33.67662],[126.27073,33.67563],[126.26891,33.67467],[126.26706,33.67375],[126.26519,33.67286],[126.26329,33.672],[126.26137,33.67117],[126.25943,33.67039],[126.25748,33.66963],[126.2555,33.66891],[126.2535,33.66823],[126.25149,33.66758],[126.24946,33.66698],[126.24742,33.6664],[126.24536,33.66587],[126.24329,33.66537],[126.2412,33.66491],[126.23911,33.66448],[126.237,33.6641],[126.23489,33.66375],[126.23276,33.66344],[126.23063,33.66317],[126.2285,33.66293],[126.22635,33.66274],[126.2242,33.66259],[126.22205,33.66247],[126.2199,33.66239],[126.21774,33.66235],[126.21559,33.66235],[126.21343,33.66239],[126.21128,33.66247],[126.20913,33.66259],[126.20698,33.66274],[126.20484,33.66293],[126.2027,33.66317],[126.20057,33.66344],[126.19845,33.66375],[126.19633,33.6641],[126.19422,33.66448],[126.19213,33.66491],[126.19005,33.66537],[126.18797,33.66587],[126.18592,33.6664],[126.18387,33.66698],[126.18184,33.66758],[126.17983,33.66823],[126.17784,33.66891],[126.17586,33.66963],[126.1739,33.67039],[126.17196,33.67117],[126.17004,33.672],[126.16815,33.67286],[126.16627,33.67375],[126.16442,33.67467],[126.1626,33.67563],[126.1608,33.67662],[126.15902,33.67765],[126.15728,33.6787],[126.15556,33.67979],[126.15386,33.68091],[126.1522,33.68206],[126.15057,33.68323],[126.14897,33.68444],[126.1474,33.68568],[126.14586,33.68694],[126.14435,33.68823],[126.14288,33.68955],[126.14145,33.69089],[126.14004,33.69226],[126.13868,33.69366],[126.13735,33.69507],[126.13605,33.69652],[126.1348,33.69798],[126.13358,33.69947],[126.1324,33.70098],[126.13126,33.70251],[126.13016,33.70406],[126.1291,33.70563],[126.12808,33.70722],[126.1271,33.70883],[126.12617,33.71045],[126.12527,33.71209],[126.12442,33.71375],[126.12362,33.71542],[126.12285,33.7171],[126.12213,33.7188],[126.12145,33.72051],[126.12082,33.72224],[126.12023,33.72397],[126.11969,33.72571],[126.11919,33.72747],[126.11874,33.72923],[126.11833,33.731],[126.11797,33.73278],[126.11765,33.73456],[126.11738,33.73635],[126.11716,33.73814],[126.11698,33.73994],[126.11685,33.74174],[126.11677,33.74354],[126.11673,33.74534],[126.11674,33.74714],[126.1168,33.74895],[126.1169,33.75075],[126.11705,33.75255],[126.11725,33.75434],[126.11749,33.75613],[126.11778,33.75792],[126.11811,33.7597],[126.11849,33.76147],[126.11892,33.76324],[126.11939,33.765],[126.11991,33.76675],[126.12047,33.76849],[126.12108,33.77022],[126.12173,33.77194],[126.12242,33.77364],[126.12316,33.77534],[126.12395,33.77702],[126.12477,33.77868],[126.12564,33.78033],[126.12656,33.78197],[126.12751,33.78358],[126.12851,33.78518],[126.12954,33.78676],[126.13062,33.78832],[126.13174,33.78987],[126.1329,33.79139],[126.13409,33.79289],[126.13533,33.79437],[126.1366,33.79582],[126.13791,33.79725],[126.13926,33.79866],[126.14064,33.80005],[126.14206,33.8014],[126.14352,33.80274],[126.14501,33.80404],[126.14653,33.80532],[126.14808,33.80657],[126.14967,33.8078],[126.15129,33.80899],[126.15293,33.81015],[126.15461,33.81129],[126.15632,33.81239],[126.15805,33.81347],[126.15982,33.81451],[126.16161,33.81552],[126.16342,33.81649],[126.16526,33.81744],[126.16712,33.81835],[126.16901,33.81922],[126.17092,33.82007],[126.17285,33.82087],[126.1748,33.82165],[126.17677,33.82238],[126.17876,33.82309],[126.18077,33.82375],[126.18279,33.82438],[126.18483,33.82497],[126.18689,33.82553],[126.18896,33.82605],[126.19104,33.82653],[126.19313,33.82697],[126.19524,33.82738],[126.19735,33.82775],[126.19947,33.82807],[126.20161,33.82837],[126.20374,33.82862],[126.20589,33.82883],[126.20804,33.82901],[126.21019,33.82914],[126.21235,33.82924],[126.21451,33.8293],[126.21667,33.82932]]]]},"properties":{"restricted":"<FNT name='TW Cen MT' size='6'><CLR cyan='70' magenta='10' yellow='100' black='0'>R149 <UND>300 AMSL</UND> SFC</CLR></FNT>","res_lbl_1":"R149","res_lbl_2":"300 AMSL","res_lbl_3":"SFC"},"id":"LT_C_AISRESC.70"},{"type":"Feature","geometry":{"type":"MultiPolygon","coordinates":[[[[126.36667,33.14167],[126.48333,33.14167],[126.48333,32.975],[126.36667,32.975],[126.36667,33.14167]]]]},"properties":{"restricted":"<FNT name='TW Cen MT' size='6'><CLR cyan='70' magenta='10' yellow='100' black='0'>R150 <UND>300 AMSL</UND> SFC</CLR></FNT>","res_lbl_1":"R150","res_lbl_2":"300 AMSL","res_lbl_3":"SFC"},"id":"LT_C_AISRESC.71"},{"type":"Feature","geometry":{"type":"MultiPolygon","coordinates":[[[[128.08111,34.58236],[128.08329,34.58234],[128.08547,34.58229],[128.08764,34.58219],[128.08982,34.58205],[128.09199,34.58188],[128.09415,34.58166],[128.09631,34.58141],[128.09846,34.58112],[128.1006,34.58079],[128.10273,34.58042],[128.10486,34.58002],[128.10697,34.57957],[128.10907,34.57909],[128.11116,34.57857],[128.11323,34.57802],[128.11529,34.57743],[128.11733,34.5768],[128.11935,34.57613],[128.12136,34.57543],[128.12335,34.57469],[128.12532,34.57392],[128.12727,34.57311],[128.12919,34.57227],[128.1311,34.57139],[128.13298,34.57048],[128.13483,34.56954],[128.13666,34.56856],[128.13847,34.56755],[128.14025,34.56651],[128.142,34.56544],[128.14372,34.56434],[128.14541,34.5632],[128.14708,34.56204],[128.14871,34.56084],[128.15031,34.55962],[128.15188,34.55837],[128.15341,34.55709],[128.15491,34.55579],[128.15638,34.55445],[128.15781,34.55309],[128.15921,34.55171],[128.16057,34.5503],[128.16189,34.54887],[128.16317,34.54741],[128.16442,34.54594],[128.16563,34.54444],[128.1668,34.54292],[128.16792,34.54137],[128.16901,34.53981],[128.17006,34.53823],[128.17106,34.53663],[128.17203,34.53502],[128.17295,34.53338],[128.17382,34.53173],[128.17466,34.53007],[128.17545,34.52839],[128.17619,34.5267],[128.1769,34.52499],[128.17755,34.52327],[128.17817,34.52154],[128.17873,34.5198],[128.17926,34.51805],[128.17973,34.51629],[128.18016,34.51453],[128.18055,34.51275],[128.18088,34.51097],[128.18117,34.50918],[128.18142,34.50739],[128.18162,34.5056],[128.18177,34.5038],[128.18187,34.502],[128.18193,34.5002],[128.18194,34.4984],[128.1819,34.49659],[128.18181,34.49479],[128.18168,34.49299],[128.1815,34.4912],[128.18128,34.48941],[128.18101,34.48762],[128.18069,34.48583],[128.18032,34.48406],[128.17991,34.48229],[128.17946,34.48053],[128.17895,34.47877],[128.17841,34.47703],[128.17781,34.47529],[128.17717,34.47357],[128.17649,34.47186],[128.17576,34.47016],[128.17499,34.46848],[128.17417,34.4668],[128.17332,34.46515],[128.17241,34.46351],[128.17147,34.46188],[128.17048,34.46028],[128.16945,34.45869],[128.16839,34.45712],[128.16728,34.45557],[128.16613,34.45404],[128.16494,34.45253],[128.16371,34.45104],[128.16244,34.44958],[128.16114,34.44814],[128.15979,34.44672],[128.15842,34.44532],[128.157,34.44395],[128.15555,34.44261],[128.15407,34.44129],[128.15255,34.44],[128.151,34.43874],[128.14941,34.4375],[128.1478,34.4363],[128.14615,34.43512],[128.14447,34.43397],[128.14276,34.43285],[128.14103,34.43177],[128.13927,34.43071],[128.13748,34.42969],[128.13566,34.4287],[128.13382,34.42774],[128.13195,34.42681],[128.13006,34.42592],[128.12815,34.42506],[128.12621,34.42424],[128.12426,34.42345],[128.12228,34.4227],[128.12029,34.42198],[128.11827,34.4213],[128.11624,34.42065],[128.1142,34.42004],[128.11214,34.41947],[128.11006,34.41893],[128.10797,34.41843],[128.10587,34.41797],[128.10375,34.41755],[128.10163,34.41716],[128.09949,34.41681],[128.09735,34.4165],[128.0952,34.41623],[128.09304,34.416],[128.09088,34.41581],[128.08872,34.41565],[128.08655,34.41553],[128.08437,34.41546],[128.0822,34.41542],[128.08002,34.41542],[128.07785,34.41546],[128.07568,34.41553],[128.07351,34.41565],[128.07134,34.41581],[128.06918,34.416],[128.06702,34.41623],[128.06487,34.4165],[128.06273,34.41681],[128.06059,34.41716],[128.05847,34.41755],[128.05636,34.41797],[128.05425,34.41843],[128.05216,34.41893],[128.05009,34.41947],[128.04802,34.42004],[128.04598,34.42065],[128.04395,34.4213],[128.04193,34.42198],[128.03994,34.4227],[128.03796,34.42345],[128.03601,34.42424],[128.03407,34.42506],[128.03216,34.42592],[128.03027,34.42681],[128.0284,34.42774],[128.02656,34.4287],[128.02475,34.42969],[128.02296,34.43071],[128.02119,34.43177],[128.01946,34.43285],[128.01775,34.43397],[128.01607,34.43512],[128.01443,34.4363],[128.01281,34.4375],[128.01123,34.43874],[128.00967,34.44],[128.00816,34.44129],[128.00667,34.44261],[128.00522,34.44395],[128.00381,34.44532],[128.00243,34.44672],[128.00109,34.44814],[127.99978,34.44958],[127.99851,34.45104],[127.99729,34.45253],[127.9961,34.45404],[127.99495,34.45557],[127.99384,34.45712],[127.99277,34.45869],[127.99174,34.46028],[127.99075,34.46188],[127.98981,34.46351],[127.98891,34.46515],[127.98805,34.4668],[127.98723,34.46848],[127.98646,34.47016],[127.98573,34.47186],[127.98505,34.47357],[127.98441,34.47529],[127.98382,34.47703],[127.98327,34.47877],[127.98277,34.48053],[127.98231,34.48229],[127.9819,34.48406],[127.98153,34.48583],[127.98122,34.48762],[127.98094,34.48941],[127.98072,34.4912],[127.98054,34.49299],[127.98041,34.49479],[127.98032,34.49659],[127.98029,34.4984],[127.9803,34.5002],[127.98035,34.502],[127.98046,34.5038],[127.98061,34.5056],[127.9808,34.50739],[127.98105,34.50918],[127.98134,34.51097],[127.98168,34.51275],[127.98206,34.51453],[127.98249,34.51629],[127.98297,34.51805],[127.98349,34.5198],[127.98406,34.52154],[127.98467,34.52327],[127.98533,34.52499],[127.98603,34.5267],[127.98677,34.52839],[127.98756,34.53007],[127.9884,34.53173],[127.98928,34.53338],[127.9902,34.53502],[127.99116,34.53663],[127.99216,34.53823],[127.99321,34.53981],[127.9943,34.54137],[127.99543,34.54292],[127.99659,34.54444],[127.9978,34.54594],[127.99905,34.54741],[128.00033,34.54887],[128.00165,34.5503],[128.00301,34.55171],[128.00441,34.55309],[128.00584,34.55445],[128.00731,34.55579],[128.00881,34.55709],[128.01035,34.55837],[128.01191,34.55962],[128.01351,34.56084],[128.01515,34.56204],[128.01681,34.5632],[128.0185,34.56434],[128.02022,34.56544],[128.02198,34.56651],[128.02375,34.56755],[128.02556,34.56856],[128.02739,34.56954],[128.02925,34.57048],[128.03113,34.57139],[128.03303,34.57227],[128.03496,34.57311],[128.0369,34.57392],[128.03887,34.57469],[128.04086,34.57543],[128.04287,34.57613],[128.04489,34.5768],[128.04694,34.57743],[128.04899,34.57802],[128.05107,34.57857],[128.05315,34.57909],[128.05525,34.57957],[128.05737,34.58002],[128.05949,34.58042],[128.06162,34.58079],[128.06376,34.58112],[128.06592,34.58141],[128.06807,34.58166],[128.07024,34.58188],[128.07241,34.58205],[128.07458,34.58219],[128.07675,34.58229],[128.07893,34.58234],[128.08111,34.58236]]]]},"properties":{"restricted":"<FNT name='TW Cen MT' size='6'><CLR cyan='70' magenta='10' yellow='100' black='0'>R145 <UND>300 AMSL</UND> SFC</CLR></FNT>","res_lbl_1":"R145","res_lbl_2":"300 AMSL","res_lbl_3":"SFC"},"id":"LT_C_AISRESC.72"},{"type":"Feature","geometry":{"type":"MultiPolygon","coordinates":[[[[128.43333,34.71678],[128.43551,34.71675],[128.43769,34.71668],[128.43987,34.71656],[128.44204,34.71639],[128.4442,34.71617],[128.44636,34.71591],[128.44851,34.71559],[128.45064,34.71523],[128.45277,34.71482],[128.45488,34.71436],[128.45697,34.71386],[128.45905,34.71331],[128.46111,34.71271],[128.46314,34.71207],[128.46516,34.71138],[128.46715,34.71065],[128.46912,34.70988],[128.47106,34.70906],[128.47298,34.7082],[128.47486,34.70729],[128.47672,34.70635],[128.47854,34.70536],[128.48033,34.70433],[128.48209,34.70326],[128.48381,34.70216],[128.48549,34.70101],[128.48714,34.69983],[128.48875,34.69862],[128.49031,34.69736],[128.49184,34.69608],[128.49332,34.69476],[128.49476,34.6934],[128.49615,34.69202],[128.4975,34.69061],[128.4988,34.68916],[128.50006,34.68769],[128.50126,34.68619],[128.50242,34.68466],[128.50352,34.68311],[128.50458,34.68153],[128.50558,34.67993],[128.50653,34.67831],[128.50743,34.67667],[128.50827,34.67501],[128.50906,34.67333],[128.50979,34.67164],[128.51047,34.66992],[128.51109,34.6682],[128.51165,34.66646],[128.51216,34.66471],[128.51261,34.66295],[128.51301,34.66118],[128.51334,34.6594],[128.51362,34.65761],[128.51384,34.65582],[128.514,34.65402],[128.5141,34.65222],[128.51414,34.65042],[128.51412,34.64862],[128.51405,34.64682],[128.51391,34.64503],[128.51372,34.64323],[128.51347,34.64144],[128.51316,34.63966],[128.51279,34.63789],[128.51237,34.63612],[128.51189,34.63436],[128.51135,34.63262],[128.51075,34.63089],[128.5101,34.62917],[128.50939,34.62747],[128.50863,34.62578],[128.50781,34.62411],[128.50694,34.62246],[128.50601,34.62083],[128.50503,34.61922],[128.504,34.61764],[128.50292,34.61607],[128.50179,34.61453],[128.50061,34.61302],[128.49937,34.61154],[128.4981,34.61008],[128.49677,34.60865],[128.4954,34.60725],[128.49398,34.60588],[128.49252,34.60455],[128.49102,34.60325],[128.48947,34.60198],[128.48788,34.60074],[128.48626,34.59955],[128.48459,34.59839],[128.48289,34.59726],[128.48115,34.59618],[128.47938,34.59513],[128.47757,34.59413],[128.47573,34.59316],[128.47387,34.59224],[128.47197,34.59135],[128.47004,34.59051],[128.46809,34.58972],[128.46611,34.58897],[128.46411,34.58826],[128.46208,34.58759],[128.46004,34.58698],[128.45797,34.5864],[128.45589,34.58588],[128.45379,34.5854],[128.45168,34.58497],[128.44955,34.58458],[128.44741,34.58424],[128.44526,34.58395],[128.44311,34.58371],[128.44094,34.58352],[128.43877,34.58337],[128.4366,34.58328],[128.43442,34.58323],[128.43224,34.58323],[128.43007,34.58328],[128.42789,34.58337],[128.42572,34.58352],[128.42356,34.58371],[128.4214,34.58395],[128.41925,34.58424],[128.41711,34.58458],[128.41499,34.58497],[128.41287,34.5854],[128.41077,34.58588],[128.40869,34.5864],[128.40663,34.58698],[128.40458,34.58759],[128.40256,34.58826],[128.40056,34.58897],[128.39858,34.58972],[128.39663,34.59051],[128.3947,34.59135],[128.3928,34.59224],[128.39093,34.59316],[128.38909,34.59413],[128.38729,34.59513],[128.38552,34.59618],[128.38378,34.59726],[128.38208,34.59839],[128.38041,34.59955],[128.37878,34.60074],[128.3772,34.60198],[128.37565,34.60325],[128.37415,34.60455],[128.37269,34.60588],[128.37127,34.60725],[128.3699,34.60865],[128.36857,34.61008],[128.36729,34.61154],[128.36606,34.61302],[128.36488,34.61453],[128.36375,34.61607],[128.36266,34.61764],[128.36163,34.61922],[128.36066,34.62083],[128.35973,34.62246],[128.35886,34.62411],[128.35804,34.62578],[128.35728,34.62747],[128.35657,34.62917],[128.35592,34.63089],[128.35532,34.63262],[128.35478,34.63436],[128.3543,34.63612],[128.35387,34.63789],[128.35351,34.63966],[128.3532,34.64144],[128.35295,34.64323],[128.35275,34.64503],[128.35262,34.64682],[128.35254,34.64862],[128.35253,34.65042],[128.35257,34.65222],[128.35267,34.65402],[128.35283,34.65582],[128.35305,34.65761],[128.35333,34.6594],[128.35366,34.66118],[128.35405,34.66295],[128.3545,34.66471],[128.35501,34.66646],[128.35558,34.6682],[128.3562,34.66992],[128.35688,34.67164],[128.35761,34.67333],[128.3584,34.67501],[128.35924,34.67667],[128.36014,34.67831],[128.36109,34.67993],[128.36209,34.68153],[128.36314,34.68311],[128.36425,34.68466],[128.36541,34.68619],[128.36661,34.68769],[128.36786,34.68916],[128.36917,34.69061],[128.37051,34.69202],[128.37191,34.6934],[128.37335,34.69476],[128.37483,34.69608],[128.37635,34.69736],[128.37792,34.69862],[128.37953,34.69983],[128.38117,34.70101],[128.38286,34.70216],[128.38458,34.70326],[128.38634,34.70433],[128.38813,34.70536],[128.38995,34.70635],[128.39181,34.70729],[128.39369,34.7082],[128.39561,34.70906],[128.39755,34.70988],[128.39952,34.71065],[128.40151,34.71138],[128.40352,34.71207],[128.40556,34.71271],[128.40762,34.71331],[128.4097,34.71386],[128.41179,34.71436],[128.4139,34.71482],[128.41602,34.71523],[128.41816,34.71559],[128.42031,34.71591],[128.42246,34.71617],[128.42463,34.71639],[128.4268,34.71656],[128.42897,34.71668],[128.43115,34.71675],[128.43333,34.71678]]]]},"properties":{"restricted":"<FNT name='TW Cen MT' size='6'><CLR cyan='70' magenta='10' yellow='100' black='0'>R144 <UND>300 AMSL</UND> SFC</CLR></FNT>","res_lbl_1":"R144","res_lbl_2":"300 AMSL","res_lbl_3":"SFC"},"id":"LT_C_AISRESC.73"},{"type":"Feature","geometry":{"type":"MultiPolygon","coordinates":[[[[129.28333,35.11944],[129.34444,35.07361],[129.23611,34.97222],[129.17361,35.01944],[129.28333,35.11944]]]]},"properties":{"restricted":"<FNT name='TW Cen MT' size='6'><CLR cyan='70' magenta='10' yellow='100' black='0'>R143 <UND>300 AMSL</UND> SFC</CLR></FNT>","res_lbl_1":"R143","res_lbl_2":"300 AMSL","res_lbl_3":"SFC"},"id":"LT_C_AISRESC.74"},{"type":"Feature","geometry":{"type":"MultiPolygon","coordinates":[[[[126.86472,34.1532],[126.86689,34.15318],[126.86906,34.15312],[126.87122,34.15303],[126.87338,34.15289],[126.87554,34.15272],[126.87769,34.1525],[126.87984,34.15225],[126.88198,34.15196],[126.88411,34.15163],[126.88623,34.15126],[126.88835,34.15086],[126.89045,34.15041],[126.89254,34.14993],[126.89461,34.14941],[126.89668,34.14886],[126.89872,34.14827],[126.90076,34.14764],[126.90277,34.14697],[126.90477,34.14627],[126.90675,34.14553],[126.9087,34.14476],[126.91064,34.14395],[126.91256,34.14311],[126.91445,34.14223],[126.91632,34.14132],[126.91817,34.14038],[126.91999,34.1394],[126.92179,34.13839],[126.92356,34.13735],[126.9253,34.13628],[126.92701,34.13517],[126.9287,34.13404],[126.93035,34.13288],[126.93198,34.13168],[126.93357,34.13046],[126.93513,34.12921],[126.93666,34.12793],[126.93815,34.12662],[126.93961,34.12529],[126.94103,34.12393],[126.94242,34.12255],[126.94377,34.12114],[126.94509,34.11971],[126.94637,34.11825],[126.94761,34.11677],[126.94881,34.11527],[126.94997,34.11375],[126.95109,34.11221],[126.95218,34.11065],[126.95322,34.10907],[126.95422,34.10747],[126.95517,34.10585],[126.95609,34.10422],[126.95696,34.10257],[126.95779,34.1009],[126.95858,34.09922],[126.95932,34.09753],[126.96002,34.09582],[126.96068,34.09411],[126.96129,34.09238],[126.96185,34.09064],[126.96237,34.08889],[126.96284,34.08713],[126.96327,34.08536],[126.96365,34.08359],[126.96399,34.08181],[126.96428,34.08002],[126.96452,34.07823],[126.96472,34.07643],[126.96487,34.07464],[126.96497,34.07283],[126.96503,34.07103],[126.96504,34.06923],[126.965,34.06743],[126.96491,34.06563],[126.96478,34.06383],[126.96461,34.06203],[126.96438,34.06024],[126.96411,34.05845],[126.9638,34.05667],[126.96343,34.05489],[126.96302,34.05312],[126.96257,34.05136],[126.96207,34.0496],[126.96152,34.04786],[126.96093,34.04613],[126.9603,34.0444],[126.95962,34.04269],[126.95889,34.04099],[126.95813,34.03931],[126.95731,34.03764],[126.95646,34.03598],[126.95556,34.03434],[126.95462,34.03272],[126.95364,34.03111],[126.95262,34.02952],[126.95155,34.02795],[126.95045,34.0264],[126.94931,34.02487],[126.94812,34.02336],[126.9469,34.02187],[126.94564,34.02041],[126.94434,34.01897],[126.94301,34.01755],[126.94164,34.01615],[126.94023,34.01478],[126.93879,34.01344],[126.93731,34.01212],[126.9358,34.01083],[126.93425,34.00957],[126.93268,34.00833],[126.93107,34.00713],[126.92943,34.00595],[126.92776,34.0048],[126.92606,34.00368],[126.92434,34.0026],[126.92258,34.00154],[126.9208,34.00052],[126.91899,33.99953],[126.91716,33.99857],[126.91531,33.99764],[126.91342,33.99675],[126.91152,33.99589],[126.9096,33.99507],[126.90765,33.99428],[126.90569,33.99352],[126.9037,33.99281],[126.9017,33.99212],[126.89968,33.99148],[126.89764,33.99087],[126.89559,33.9903],[126.89352,33.98976],[126.89144,33.98926],[126.88935,33.9888],[126.88725,33.98838],[126.88514,33.98799],[126.88301,33.98764],[126.88088,33.98733],[126.87874,33.98706],[126.8766,33.98683],[126.87444,33.98663],[126.87229,33.98648],[126.87013,33.98636],[126.86797,33.98628],[126.8658,33.98625],[126.86364,33.98625],[126.86148,33.98628],[126.85932,33.98636],[126.85716,33.98648],[126.855,33.98663],[126.85285,33.98683],[126.8507,33.98706],[126.84856,33.98733],[126.84643,33.98764],[126.84431,33.98799],[126.8422,33.98838],[126.84009,33.9888],[126.838,33.98926],[126.83592,33.98976],[126.83385,33.9903],[126.8318,33.99087],[126.82977,33.99148],[126.82775,33.99212],[126.82574,33.99281],[126.82376,33.99352],[126.82179,33.99428],[126.81985,33.99507],[126.81792,33.99589],[126.81602,33.99675],[126.81414,33.99764],[126.81228,33.99857],[126.81045,33.99953],[126.80864,34.00052],[126.80686,34.00154],[126.80511,34.0026],[126.80338,34.00368],[126.80168,34.0048],[126.80001,34.00595],[126.79837,34.00713],[126.79677,34.00833],[126.79519,34.00957],[126.79365,34.01083],[126.79214,34.01212],[126.79066,34.01344],[126.78922,34.01478],[126.78781,34.01615],[126.78644,34.01755],[126.7851,34.01897],[126.7838,34.02041],[126.78254,34.02187],[126.78132,34.02336],[126.78014,34.02487],[126.77899,34.0264],[126.77789,34.02795],[126.77683,34.02952],[126.7758,34.03111],[126.77482,34.03272],[126.77388,34.03434],[126.77298,34.03598],[126.77213,34.03764],[126.77132,34.03931],[126.77055,34.04099],[126.76983,34.04269],[126.76915,34.0444],[126.76851,34.04613],[126.76792,34.04786],[126.76738,34.0496],[126.76688,34.05136],[126.76642,34.05312],[126.76601,34.05489],[126.76565,34.05667],[126.76533,34.05845],[126.76506,34.06024],[126.76484,34.06203],[126.76466,34.06383],[126.76453,34.06563],[126.76445,34.06743],[126.76441,34.06923],[126.76442,34.07103],[126.76448,34.07283],[126.76458,34.07464],[126.76473,34.07643],[126.76492,34.07823],[126.76517,34.08002],[126.76546,34.08181],[126.76579,34.08359],[126.76617,34.08536],[126.7666,34.08713],[126.76708,34.08889],[126.76759,34.09064],[126.76816,34.09238],[126.76877,34.09411],[126.76942,34.09582],[126.77012,34.09753],[126.77086,34.09922],[126.77165,34.1009],[126.77248,34.10257],[126.77335,34.10422],[126.77427,34.10585],[126.77523,34.10747],[126.77623,34.10907],[126.77727,34.11065],[126.77835,34.11221],[126.77947,34.11375],[126.78063,34.11527],[126.78184,34.11677],[126.78308,34.11825],[126.78435,34.11971],[126.78567,34.12114],[126.78702,34.12255],[126.78841,34.12393],[126.78984,34.12529],[126.7913,34.12662],[126.79279,34.12793],[126.79432,34.12921],[126.79588,34.13046],[126.79747,34.13168],[126.79909,34.13288],[126.80075,34.13404],[126.80243,34.13517],[126.80415,34.13628],[126.80589,34.13735],[126.80766,34.13839],[126.80945,34.1394],[126.81127,34.14038],[126.81312,34.14132],[126.81499,34.14223],[126.81689,34.14311],[126.8188,34.14395],[126.82074,34.14476],[126.8227,34.14553],[126.82468,34.14627],[126.82667,34.14697],[126.82869,34.14764],[126.83072,34.14827],[126.83277,34.14886],[126.83483,34.14941],[126.83691,34.14993],[126.839,34.15041],[126.8411,34.15086],[126.84321,34.15126],[126.84533,34.15163],[126.84746,34.15196],[126.8496,34.15225],[126.85175,34.1525],[126.8539,34.15272],[126.85606,34.15289],[126.85822,34.15303],[126.86039,34.15312],[126.86255,34.15318],[126.86472,34.1532]]]]},"properties":{"restricted":"<FNT name='TW Cen MT' size='6'><CLR cyan='70' magenta='10' yellow='100' black='0'>R146 <UND>300 AMSL</UND> SFC</CLR></FNT>","res_lbl_1":"R146","res_lbl_2":"300 AMSL","res_lbl_3":"SFC"},"id":"LT_C_AISRESC.75"},{"type":"Feature","geometry":{"type":"MultiPolygon","coordinates":[[[[125.91472,34.4865],[125.9169,34.48648],[125.91907,34.48641],[125.92124,34.48628],[125.9234,34.48611],[125.92556,34.4859],[125.92771,34.48563],[125.92986,34.48532],[125.93199,34.48495],[125.9341,34.48454],[125.93621,34.48409],[125.9383,34.48358],[125.94037,34.48303],[125.94242,34.48244],[125.94445,34.4818],[125.94646,34.48111],[125.94845,34.48038],[125.95041,34.4796],[125.95235,34.47878],[125.95426,34.47792],[125.95614,34.47702],[125.95799,34.47607],[125.9598,34.47508],[125.96159,34.47406],[125.96334,34.47299],[125.96506,34.47188],[125.96674,34.47074],[125.96838,34.46956],[125.96998,34.46834],[125.97154,34.46709],[125.97306,34.4658],[125.97454,34.46448],[125.97598,34.46313],[125.97737,34.46174],[125.97871,34.46033],[125.98001,34.45888],[125.98126,34.45741],[125.98246,34.45591],[125.98362,34.45438],[125.98472,34.45283],[125.98577,34.45126],[125.98677,34.44966],[125.98772,34.44804],[125.98861,34.4464],[125.98945,34.44473],[125.99024,34.44306],[125.99097,34.44136],[125.99165,34.43965],[125.99227,34.43792],[125.99283,34.43618],[125.99333,34.43443],[125.99378,34.43267],[125.99418,34.4309],[125.99451,34.42912],[125.99479,34.42733],[125.995,34.42554],[125.99516,34.42375],[125.99526,34.42195],[125.99531,34.42015],[125.99529,34.41835],[125.99521,34.41655],[125.99508,34.41475],[125.99489,34.41295],[125.99464,34.41117],[125.99433,34.40938],[125.99396,34.40761],[125.99354,34.40584],[125.99306,34.40409],[125.99252,34.40234],[125.99193,34.40061],[125.99128,34.39889],[125.99057,34.39719],[125.98981,34.3955],[125.98899,34.39383],[125.98812,34.39218],[125.9872,34.39055],[125.98622,34.38894],[125.9852,34.38736],[125.98412,34.38579],[125.98299,34.38426],[125.98181,34.38274],[125.98058,34.38126],[125.97931,34.3798],[125.97798,34.37837],[125.97662,34.37697],[125.9752,34.3756],[125.97375,34.37427],[125.97225,34.37297],[125.9707,34.3717],[125.96912,34.37047],[125.9675,34.36927],[125.96584,34.36811],[125.96414,34.36698],[125.96241,34.3659],[125.96064,34.36485],[125.95884,34.36385],[125.95701,34.36288],[125.95514,34.36196],[125.95325,34.36107],[125.95133,34.36023],[125.94938,34.35944],[125.94741,34.35869],[125.94541,34.35798],[125.94339,34.35731],[125.94135,34.3567],[125.9393,34.35612],[125.93722,34.3556],[125.93513,34.35512],[125.93302,34.35469],[125.9309,34.3543],[125.92876,34.35396],[125.92662,34.35367],[125.92447,34.35343],[125.92231,34.35324],[125.92015,34.35309],[125.91798,34.353],[125.91581,34.35295],[125.91364,34.35295],[125.91147,34.353],[125.9093,34.35309],[125.90713,34.35324],[125.90497,34.35343],[125.90282,34.35367],[125.90068,34.35396],[125.89855,34.3543],[125.89643,34.35469],[125.89432,34.35512],[125.89223,34.3556],[125.89015,34.35612],[125.88809,34.3567],[125.88605,34.35731],[125.88403,34.35798],[125.88204,34.35869],[125.88006,34.35944],[125.87811,34.36023],[125.87619,34.36107],[125.8743,34.36196],[125.87244,34.36288],[125.8706,34.36385],[125.8688,34.36485],[125.86704,34.3659],[125.8653,34.36698],[125.8636,34.36811],[125.86194,34.36927],[125.86032,34.37047],[125.85874,34.3717],[125.8572,34.37297],[125.8557,34.37427],[125.85424,34.3756],[125.85283,34.37697],[125.85146,34.37837],[125.85014,34.3798],[125.84886,34.38126],[125.84763,34.38274],[125.84646,34.38426],[125.84533,34.38579],[125.84425,34.38736],[125.84322,34.38894],[125.84224,34.39055],[125.84132,34.39218],[125.84045,34.39383],[125.83964,34.3955],[125.83887,34.39719],[125.83817,34.39889],[125.83752,34.40061],[125.83692,34.40234],[125.83638,34.40409],[125.8359,34.40584],[125.83548,34.40761],[125.83511,34.40938],[125.83481,34.41117],[125.83456,34.41295],[125.83436,34.41475],[125.83423,34.41655],[125.83416,34.41835],[125.83414,34.42015],[125.83418,34.42195],[125.83428,34.42375],[125.83444,34.42554],[125.83466,34.42733],[125.83493,34.42912],[125.83527,34.4309],[125.83566,34.43267],[125.83611,34.43443],[125.83662,34.43618],[125.83718,34.43792],[125.8378,34.43965],[125.83847,34.44136],[125.83921,34.44306],[125.83999,34.44473],[125.84083,34.4464],[125.84173,34.44804],[125.84267,34.44966],[125.84367,34.45126],[125.84473,34.45283],[125.84583,34.45438],[125.84698,34.45591],[125.84818,34.45741],[125.84943,34.45888],[125.85073,34.46033],[125.85208,34.46174],[125.85347,34.46313],[125.8549,34.46448],[125.85638,34.4658],[125.8579,34.46709],[125.85946,34.46834],[125.86107,34.46956],[125.86271,34.47074],[125.86439,34.47188],[125.8661,34.47299],[125.86785,34.47406],[125.86964,34.47508],[125.87146,34.47607],[125.87331,34.47702],[125.87519,34.47792],[125.8771,34.47878],[125.87903,34.4796],[125.881,34.48038],[125.88298,34.48111],[125.88499,34.4818],[125.88703,34.48244],[125.88908,34.48303],[125.89115,34.48358],[125.89324,34.48409],[125.89534,34.48454],[125.89746,34.48495],[125.89959,34.48532],[125.90173,34.48563],[125.90388,34.4859],[125.90604,34.48611],[125.9082,34.48628],[125.91037,34.48641],[125.91255,34.48648],[125.91472,34.4865]]]]},"properties":{"restricted":"<FNT name='TW Cen MT' size='6'><CLR cyan='70' magenta='10' yellow='100' black='0'>R148B <UND>300 AMSL</UND> SFC</CLR></FNT>","res_lbl_1":"R148B","res_lbl_2":"300 AMSL","res_lbl_3":"SFC"},"id":"LT_C_AISRESC.76"},{"type":"Feature","geometry":{"type":"MultiPolygon","coordinates":[[[[126.22333,34.80118],[126.22551,34.80114],[126.22768,34.80103],[126.22985,34.80083],[126.232,34.80056],[126.23414,34.80022],[126.23625,34.7998],[126.23835,34.7993],[126.24041,34.79873],[126.24244,34.79809],[126.24444,34.79737],[126.2464,34.79659],[126.24831,34.79573],[126.25018,34.79481],[126.252,34.79383],[126.25377,34.79278],[126.25548,34.79167],[126.25713,34.7905],[126.25872,34.78927],[126.26024,34.78798],[126.26169,34.78665],[126.26308,34.78526],[126.26439,34.78382],[126.26562,34.78234],[126.26677,34.78082],[126.26785,34.77926],[126.26884,34.77766],[126.26975,34.77603],[126.27057,34.77436],[126.2713,34.77267],[126.27195,34.77096],[126.2725,34.76922],[126.27296,34.76747],[126.27334,34.7657],[126.27361,34.76392],[126.2738,34.76213],[126.27389,34.76033],[126.27389,34.75854],[126.2738,34.75674],[126.27361,34.75495],[126.27333,34.75317],[126.27295,34.7514],[126.27249,34.74965],[126.27193,34.74791],[126.27129,34.7462],[126.27055,34.74451],[126.26973,34.74284],[126.26882,34.74121],[126.26783,34.73961],[126.26675,34.73805],[126.2656,34.73653],[126.26436,34.73505],[126.26305,34.73362],[126.26167,34.73223],[126.26022,34.73089],[126.25869,34.72961],[126.25711,34.72838],[126.25546,34.72721],[126.25375,34.7261],[126.25198,34.72505],[126.25016,34.72407],[126.24829,34.72315],[126.24638,34.7223],[126.24442,34.72151],[126.24243,34.7208],[126.24039,34.72016],[126.23833,34.71959],[126.23624,34.71909],[126.23413,34.71867],[126.23199,34.71833],[126.22984,34.71806],[126.22768,34.71786],[126.22551,34.71775],[126.22333,34.71771],[126.22116,34.71775],[126.21899,34.71786],[126.21683,34.71806],[126.21468,34.71833],[126.21254,34.71867],[126.21043,34.71909],[126.20834,34.71959],[126.20627,34.72016],[126.20424,34.7208],[126.20225,34.72151],[126.20029,34.7223],[126.19837,34.72315],[126.19651,34.72407],[126.19469,34.72505],[126.19292,34.7261],[126.19121,34.72721],[126.18956,34.72838],[126.18797,34.72961],[126.18645,34.73089],[126.185,34.73223],[126.18361,34.73362],[126.18231,34.73505],[126.18107,34.73653],[126.17992,34.73805],[126.17884,34.73961],[126.17785,34.74121],[126.17694,34.74284],[126.17612,34.74451],[126.17538,34.7462],[126.17473,34.74791],[126.17418,34.74965],[126.17371,34.7514],[126.17334,34.75317],[126.17306,34.75495],[126.17287,34.75674],[126.17277,34.75854],[126.17277,34.76033],[126.17287,34.76213],[126.17305,34.76392],[126.17333,34.7657],[126.1737,34.76747],[126.17417,34.76922],[126.17472,34.77096],[126.17537,34.77267],[126.1761,34.77436],[126.17692,34.77603],[126.17783,34.77766],[126.17882,34.77926],[126.17989,34.78082],[126.18105,34.78234],[126.18228,34.78382],[126.18359,34.78526],[126.18497,34.78665],[126.18643,34.78798],[126.18795,34.78927],[126.18954,34.7905],[126.19119,34.79167],[126.1929,34.79278],[126.19466,34.79383],[126.19648,34.79481],[126.19835,34.79573],[126.20027,34.79659],[126.20223,34.79737],[126.20422,34.79809],[126.20626,34.79873],[126.20832,34.7993],[126.21041,34.7998],[126.21253,34.80022],[126.21467,34.80056],[126.21682,34.80083],[126.21898,34.80103],[126.22116,34.80114],[126.22333,34.80118]]]]},"properties":{"restricted":"<FNT name='TW Cen MT' size='6'><CLR cyan='70' magenta='10' yellow='100' black='0'>R148A <UND>300 AMSL</UND> SFC</CLR></FNT>","res_lbl_1":"R148A","res_lbl_2":"300 AMSL","res_lbl_3":"SFC"},"id":"LT_C_AISRESC.77"},{"type":"Feature","geometry":{"type":"MultiPolygon","coordinates":[[[[129.83333,36.41678],[129.83556,36.41676],[129.83779,36.4167],[129.84002,36.41661],[129.84224,36.41647],[129.84446,36.4163],[129.84667,36.41608],[129.84888,36.41583],[129.85108,36.41554],[129.85327,36.41521],[129.85545,36.41484],[129.85763,36.41444],[129.85979,36.41399],[129.86193,36.41351],[129.86407,36.41299],[129.86619,36.41244],[129.86829,36.41185],[129.87038,36.41122],[129.87246,36.41055],[129.87451,36.40985],[129.87654,36.40911],[129.87856,36.40834],[129.88055,36.40753],[129.88252,36.40669],[129.88447,36.40582],[129.88639,36.40491],[129.88829,36.40396],[129.89016,36.40299],[129.89201,36.40198],[129.89383,36.40094],[129.89562,36.39986],[129.89738,36.39876],[129.89911,36.39763],[129.90081,36.39646],[129.90248,36.39527],[129.90412,36.39405],[129.90572,36.39279],[129.9073,36.39152],[129.90883,36.39021],[129.91033,36.38888],[129.9118,36.38752],[129.91322,36.38614],[129.91461,36.38473],[129.91597,36.3833],[129.91728,36.38184],[129.91856,36.38036],[129.91979,36.37887],[129.92099,36.37734],[129.92214,36.3758],[129.92325,36.37424],[129.92432,36.37266],[129.92535,36.37106],[129.92633,36.36945],[129.92728,36.36781],[129.92817,36.36616],[129.92903,36.3645],[129.92984,36.36282],[129.9306,36.36113],[129.93132,36.35942],[129.93199,36.35771],[129.93262,36.35598],[129.9332,36.35424],[129.93373,36.35249],[129.93422,36.35073],[129.93466,36.34896],[129.93505,36.34719],[129.93539,36.34541],[129.93569,36.34362],[129.93594,36.34183],[129.93614,36.34004],[129.9363,36.33824],[129.9364,36.33644],[129.93646,36.33464],[129.93647,36.33284],[129.93643,36.33104],[129.93634,36.32924],[129.93621,36.32744],[129.93603,36.32564],[129.9358,36.32385],[129.93552,36.32206],[129.93519,36.32028],[129.93482,36.3185],[129.9344,36.31673],[129.93393,36.31497],[129.93342,36.31322],[129.93286,36.31148],[129.93225,36.30974],[129.9316,36.30802],[129.9309,36.30631],[129.93015,36.30461],[129.92936,36.30293],[129.92853,36.30126],[129.92765,36.2996],[129.92673,36.29796],[129.92576,36.29634],[129.92475,36.29473],[129.9237,36.29314],[129.92261,36.29158],[129.92147,36.29003],[129.92029,36.2885],[129.91908,36.28699],[129.91782,36.2855],[129.91652,36.28404],[129.91519,36.28259],[129.91382,36.28118],[129.91241,36.27978],[129.91096,36.27841],[129.90948,36.27707],[129.90796,36.27575],[129.9064,36.27446],[129.90482,36.2732],[129.9032,36.27196],[129.90154,36.27076],[129.89986,36.26958],[129.89814,36.26843],[129.8964,36.26732],[129.89462,36.26623],[129.89282,36.26518],[129.89099,36.26415],[129.88913,36.26316],[129.88724,36.2622],[129.88534,36.26128],[129.8834,36.26039],[129.88145,36.25953],[129.87947,36.25871],[129.87747,36.25792],[129.87545,36.25716],[129.87341,36.25645],[129.87135,36.25576],[129.86927,36.25512],[129.86718,36.25451],[129.86507,36.25394],[129.86294,36.2534],[129.8608,36.2529],[129.85865,36.25244],[129.85649,36.25202],[129.85432,36.25163],[129.85214,36.25128],[129.84994,36.25097],[129.84775,36.2507],[129.84554,36.25047],[129.84333,36.25028],[129.84111,36.25012],[129.83889,36.25],[129.83667,36.24993],[129.83445,36.24989],[129.83222,36.24989],[129.83,36.24993],[129.82777,36.25],[129.82555,36.25012],[129.82334,36.25028],[129.82113,36.25047],[129.81892,36.2507],[129.81672,36.25097],[129.81453,36.25128],[129.81235,36.25163],[129.81017,36.25202],[129.80801,36.25244],[129.80586,36.2529],[129.80372,36.2534],[129.8016,36.25394],[129.79949,36.25451],[129.7974,36.25512],[129.79532,36.25576],[129.79326,36.25645],[129.79122,36.25716],[129.7892,36.25792],[129.7872,36.25871],[129.78522,36.25953],[129.78326,36.26039],[129.78133,36.26128],[129.77942,36.2622],[129.77754,36.26316],[129.77568,36.26415],[129.77385,36.26518],[129.77204,36.26623],[129.77027,36.26732],[129.76852,36.26843],[129.76681,36.26958],[129.76512,36.27076],[129.76347,36.27196],[129.76185,36.2732],[129.76026,36.27446],[129.75871,36.27575],[129.75719,36.27707],[129.75571,36.27841],[129.75426,36.27978],[129.75285,36.28118],[129.75148,36.28259],[129.75014,36.28404],[129.74885,36.2855],[129.74759,36.28699],[129.74637,36.2885],[129.7452,36.29003],[129.74406,36.29158],[129.74297,36.29314],[129.74192,36.29473],[129.74091,36.29634],[129.73994,36.29796],[129.73902,36.2996],[129.73814,36.30126],[129.7373,36.30293],[129.73651,36.30461],[129.73577,36.30631],[129.73507,36.30802],[129.73442,36.30974],[129.73381,36.31148],[129.73325,36.31322],[129.73273,36.31497],[129.73227,36.31673],[129.73185,36.3185],[129.73147,36.32028],[129.73115,36.32206],[129.73087,36.32385],[129.73064,36.32564],[129.73046,36.32744],[129.73032,36.32924],[129.73024,36.33104],[129.7302,36.33284],[129.73021,36.33464],[129.73026,36.33644],[129.73037,36.33824],[129.73052,36.34004],[129.73073,36.34183],[129.73098,36.34362],[129.73127,36.34541],[129.73162,36.34719],[129.73201,36.34896],[129.73245,36.35073],[129.73294,36.35249],[129.73347,36.35424],[129.73405,36.35598],[129.73468,36.35771],[129.73535,36.35942],[129.73607,36.36113],[129.73683,36.36282],[129.73764,36.3645],[129.73849,36.36616],[129.73939,36.36781],[129.74033,36.36945],[129.74132,36.37106],[129.74234,36.37266],[129.74341,36.37424],[129.74453,36.3758],[129.74568,36.37734],[129.74688,36.37887],[129.74811,36.38036],[129.74939,36.38184],[129.7507,36.3833],[129.75205,36.38473],[129.75344,36.38614],[129.75487,36.38752],[129.75633,36.38888],[129.75784,36.39021],[129.75937,36.39152],[129.76094,36.39279],[129.76255,36.39405],[129.76418,36.39527],[129.76585,36.39646],[129.76755,36.39763],[129.76929,36.39876],[129.77105,36.39986],[129.77284,36.40094],[129.77466,36.40198],[129.7765,36.40299],[129.77838,36.40396],[129.78028,36.40491],[129.7822,36.40582],[129.78415,36.40669],[129.78612,36.40753],[129.78811,36.40834],[129.79012,36.40911],[129.79216,36.40985],[129.79421,36.41055],[129.79628,36.41122],[129.79837,36.41185],[129.80048,36.41244],[129.8026,36.41299],[129.80473,36.41351],[129.80688,36.41399],[129.80904,36.41444],[129.81121,36.41484],[129.8134,36.41521],[129.81559,36.41554],[129.81779,36.41583],[129.82,36.41608],[129.82221,36.4163],[129.82443,36.41647],[129.82665,36.41661],[129.82888,36.4167],[129.8311,36.41676],[129.83333,36.41678]]]]},"properties":{"restricted":"<FNT name='TW Cen MT' size='6'><CLR cyan='70' magenta='10' yellow='100' black='0'>R142B <UND>300 AMSL</UND> SFC</CLR></FNT>","res_lbl_1":"R142B","res_lbl_2":"300 AMSL","res_lbl_3":"SFC"},"id":"LT_C_AISRESC.78"},{"type":"Feature","geometry":{"type":"MultiPolygon","coordinates":[[[[129.75,36.16679],[129.75222,36.16677],[129.75444,36.16671],[129.75666,36.16661],[129.75888,36.16647],[129.76109,36.1663],[129.7633,36.16609],[129.7655,36.16583],[129.76769,36.16554],[129.76987,36.16521],[129.77205,36.16485],[129.77421,36.16444],[129.77637,36.164],[129.77851,36.16352],[129.78064,36.163],[129.78275,36.16244],[129.78485,36.16185],[129.78693,36.16122],[129.789,36.16056],[129.79104,36.15985],[129.79307,36.15912],[129.79508,36.15834],[129.79706,36.15754],[129.79903,36.1567],[129.80097,36.15582],[129.80289,36.15491],[129.80478,36.15397],[129.80665,36.15299],[129.80849,36.15198],[129.8103,36.15094],[129.81209,36.14987],[129.81384,36.14876],[129.81557,36.14763],[129.81727,36.14646],[129.81893,36.14527],[129.82056,36.14405],[129.82216,36.1428],[129.82373,36.14152],[129.82526,36.14021],[129.82675,36.13888],[129.82821,36.13752],[129.82964,36.13614],[129.83102,36.13473],[129.83237,36.1333],[129.83368,36.13184],[129.83495,36.13037],[129.83618,36.12887],[129.83737,36.12735],[129.83852,36.1258],[129.83963,36.12424],[129.8407,36.12266],[129.84172,36.12106],[129.84271,36.11945],[129.84364,36.11782],[129.84454,36.11617],[129.84539,36.1145],[129.8462,36.11282],[129.84696,36.11113],[129.84767,36.10942],[129.84834,36.10771],[129.84897,36.10598],[129.84955,36.10424],[129.85008,36.10249],[129.85056,36.10073],[129.851,36.09896],[129.85139,36.09719],[129.85174,36.09541],[129.85203,36.09362],[129.85228,36.09183],[129.85248,36.09004],[129.85264,36.08824],[129.85274,36.08644],[129.8528,36.08464],[129.85281,36.08284],[129.85277,36.08104],[129.85268,36.07924],[129.85255,36.07744],[129.85237,36.07564],[129.85214,36.07385],[129.85186,36.07206],[129.85154,36.07028],[129.85116,36.0685],[129.85075,36.06673],[129.85028,36.06497],[129.84977,36.06322],[129.84921,36.06148],[129.8486,36.05974],[129.84795,36.05802],[129.84725,36.05631],[129.84651,36.05461],[129.84572,36.05293],[129.84489,36.05126],[129.84402,36.0496],[129.8431,36.04796],[129.84213,36.04634],[129.84113,36.04473],[129.84008,36.04314],[129.83899,36.04157],[129.83786,36.04002],[129.83669,36.03849],[129.83547,36.03699],[129.83422,36.0355],[129.83293,36.03403],[129.8316,36.03259],[129.83023,36.03117],[129.82882,36.02978],[129.82738,36.02841],[129.8259,36.02707],[129.82439,36.02575],[129.82284,36.02446],[129.82126,36.0232],[129.81964,36.02196],[129.81799,36.02076],[129.81631,36.01958],[129.8146,36.01843],[129.81286,36.01731],[129.81109,36.01623],[129.8093,36.01517],[129.80747,36.01415],[129.80562,36.01316],[129.80374,36.0122],[129.80184,36.01128],[129.79991,36.01038],[129.79796,36.00953],[129.79599,36.0087],[129.79399,36.00791],[129.79198,36.00716],[129.78994,36.00644],[129.78789,36.00576],[129.78582,36.00511],[129.78374,36.00451],[129.78163,36.00393],[129.77952,36.0034],[129.77738,36.0029],[129.77524,36.00244],[129.77309,36.00201],[129.77092,36.00163],[129.76874,36.00128],[129.76656,36.00097],[129.76437,36.0007],[129.76217,36.00047],[129.75996,36.00027],[129.75775,36.00012],[129.75554,36.0],[129.75333,35.99992],[129.75111,35.99988],[129.74889,35.99988],[129.74667,35.99992],[129.74446,36.0],[129.74225,36.00012],[129.74004,36.00027],[129.73783,36.00047],[129.73563,36.0007],[129.73344,36.00097],[129.73126,36.00128],[129.72908,36.00163],[129.72691,36.00201],[129.72476,36.00244],[129.72262,36.0029],[129.72048,36.0034],[129.71837,36.00393],[129.71626,36.00451],[129.71418,36.00511],[129.71211,36.00576],[129.71006,36.00644],[129.70802,36.00716],[129.70601,36.00791],[129.70401,36.0087],[129.70204,36.00953],[129.70009,36.01038],[129.69816,36.01128],[129.69626,36.0122],[129.69438,36.01316],[129.69253,36.01415],[129.6907,36.01517],[129.68891,36.01623],[129.68714,36.01731],[129.6854,36.01843],[129.68369,36.01958],[129.68201,36.02076],[129.68036,36.02196],[129.67874,36.0232],[129.67716,36.02446],[129.67561,36.02575],[129.6741,36.02707],[129.67262,36.02841],[129.67118,36.02978],[129.66977,36.03117],[129.6684,36.03259],[129.66707,36.03403],[129.66578,36.0355],[129.66453,36.03699],[129.66331,36.03849],[129.66214,36.04002],[129.66101,36.04157],[129.65992,36.04314],[129.65887,36.04473],[129.65787,36.04634],[129.6569,36.04796],[129.65598,36.0496],[129.65511,36.05126],[129.65428,36.05293],[129.65349,36.05461],[129.65275,36.05631],[129.65205,36.05802],[129.6514,36.05974],[129.65079,36.06148],[129.65023,36.06322],[129.64972,36.06497],[129.64925,36.06673],[129.64884,36.0685],[129.64846,36.07028],[129.64814,36.07206],[129.64786,36.07385],[129.64763,36.07564],[129.64745,36.07744],[129.64732,36.07924],[129.64723,36.08104],[129.64719,36.08284],[129.6472,36.08464],[129.64726,36.08644],[129.64736,36.08824],[129.64752,36.09004],[129.64772,36.09183],[129.64797,36.09362],[129.64826,36.09541],[129.64861,36.09719],[129.649,36.09896],[129.64944,36.10073],[129.64992,36.10249],[129.65045,36.10424],[129.65103,36.10598],[129.65166,36.10771],[129.65233,36.10942],[129.65304,36.11113],[129.6538,36.11282],[129.65461,36.1145],[129.65546,36.11617],[129.65636,36.11782],[129.65729,36.11945],[129.65828,36.12106],[129.6593,36.12266],[129.66037,36.12424],[129.66148,36.1258],[129.66263,36.12735],[129.66382,36.12887],[129.66505,36.13037],[129.66632,36.13184],[129.66763,36.1333],[129.66898,36.13473],[129.67036,36.13614],[129.67179,36.13752],[129.67325,36.13888],[129.67474,36.14021],[129.67627,36.14152],[129.67784,36.1428],[129.67944,36.14405],[129.68107,36.14527],[129.68273,36.14646],[129.68443,36.14763],[129.68616,36.14876],[129.68791,36.14987],[129.6897,36.15094],[129.69151,36.15198],[129.69335,36.15299],[129.69522,36.15397],[129.69711,36.15491],[129.69903,36.15582],[129.70097,36.1567],[129.70294,36.15754],[129.70492,36.15834],[129.70693,36.15912],[129.70896,36.15985],[129.711,36.16056],[129.71307,36.16122],[129.71515,36.16185],[129.71725,36.16244],[129.71936,36.163],[129.72149,36.16352],[129.72363,36.164],[129.72579,36.16444],[129.72795,36.16485],[129.73013,36.16521],[129.73231,36.16554],[129.7345,36.16583],[129.7367,36.16609],[129.73891,36.1663],[129.74112,36.16647],[129.74334,36.16661],[129.74556,36.16671],[129.74778,36.16677],[129.75,36.16679]]]]},"properties":{"restricted":"<FNT name='TW Cen MT' size='6'><CLR cyan='70' magenta='10' yellow='100' black='0'>R142C <UND>300 AMSL</UND> SFC</CLR></FNT>","res_lbl_1":"R142C","res_lbl_2":"300 AMSL","res_lbl_3":"SFC"},"id":"LT_C_AISRESC.79"},{"type":"Feature","geometry":{"type":"MultiPolygon","coordinates":[[[[129.05,37.21667],[129.05,36.91667],[128.68333,36.91667],[128.68333,37.21667],[129.05,37.21667]]]]},"properties":{"restricted":"<FNT name='TW Cen MT' size='6'><CLR cyan='70' magenta='10' yellow='100' black='0'>R110 <UND>FL 400</UND> GND</CLR></FNT>","res_lbl_1":"R110","res_lbl_2":"FL 400","res_lbl_3":"GND"},"id":"LT_C_AISRESC.8"},{"type":"Feature","geometry":{"type":"MultiPolygon","coordinates":[[[[128.85,38.21674],[128.85228,38.21671],[128.85456,38.21664],[128.85684,38.21652],[128.85911,38.21635],[128.86137,38.21613],[128.86363,38.21587],[128.86587,38.21555],[128.86811,38.21519],[128.87033,38.21478],[128.87254,38.21432],[128.87473,38.21382],[128.8769,38.21327],[128.87905,38.21268],[128.88118,38.21203],[128.88329,38.21135],[128.88537,38.21062],[128.88743,38.20984],[128.88946,38.20902],[128.89147,38.20816],[128.89344,38.20726],[128.89538,38.20631],[128.89729,38.20533],[128.89916,38.2043],[128.901,38.20323],[128.9028,38.20213],[128.90456,38.20098],[128.90628,38.1998],[128.90796,38.19859],[128.9096,38.19734],[128.91119,38.19605],[128.91274,38.19473],[128.91425,38.19338],[128.91571,38.19199],[128.91712,38.19058],[128.91848,38.18914],[128.91979,38.18766],[128.92105,38.18616],[128.92226,38.18464],[128.92341,38.18309],[128.92452,38.18151],[128.92557,38.17991],[128.92656,38.17829],[128.9275,38.17665],[128.92838,38.17499],[128.9292,38.17332],[128.92997,38.17162],[128.93068,38.16991],[128.93133,38.16818],[128.93192,38.16645],[128.93245,38.1647],[128.93292,38.16294],[128.93333,38.16117],[128.93368,38.15939],[128.93397,38.1576],[128.9342,38.15581],[128.93436,38.15402],[128.93447,38.15222],[128.93451,38.15042],[128.9345,38.14862],[128.93442,38.14682],[128.93428,38.14503],[128.93408,38.14323],[128.93381,38.14144],[128.93349,38.13966],[128.9331,38.13789],[128.93266,38.13612],[128.93216,38.13437],[128.93159,38.13263],[128.93097,38.13089],[128.93028,38.12918],[128.92954,38.12748],[128.92875,38.12579],[128.92789,38.12412],[128.92698,38.12247],[128.92601,38.12084],[128.92499,38.11924],[128.92391,38.11765],[128.92278,38.11609],[128.92159,38.11455],[128.92035,38.11304],[128.91907,38.11156],[128.91773,38.1101],[128.91634,38.10867],[128.91491,38.10727],[128.91343,38.10591],[128.9119,38.10457],[128.91032,38.10327],[128.90871,38.102],[128.90705,38.10077],[128.90535,38.09958],[128.90361,38.09842],[128.90183,38.09729],[128.90001,38.09621],[128.89815,38.09516],[128.89627,38.09416],[128.89434,38.09319],[128.89239,38.09227],[128.8904,38.09139],[128.88839,38.09055],[128.88635,38.08975],[128.88428,38.089],[128.88218,38.08829],[128.88007,38.08763],[128.87793,38.08701],[128.87577,38.08644],[128.87359,38.08592],[128.8714,38.08544],[128.86919,38.085],[128.86696,38.08462],[128.86472,38.08428],[128.86248,38.08399],[128.86022,38.08375],[128.85796,38.08356],[128.85569,38.08341],[128.85341,38.08332],[128.85114,38.08327],[128.84886,38.08327],[128.84659,38.08332],[128.84431,38.08341],[128.84204,38.08356],[128.83978,38.08375],[128.83752,38.08399],[128.83528,38.08428],[128.83304,38.08462],[128.83081,38.085],[128.8286,38.08544],[128.82641,38.08592],[128.82423,38.08644],[128.82207,38.08701],[128.81993,38.08763],[128.81782,38.08829],[128.81572,38.089],[128.81365,38.08975],[128.81161,38.09055],[128.8096,38.09139],[128.80761,38.09227],[128.80566,38.09319],[128.80373,38.09416],[128.80185,38.09516],[128.79999,38.09621],[128.79817,38.09729],[128.79639,38.09842],[128.79465,38.09958],[128.79295,38.10077],[128.79129,38.102],[128.78968,38.10327],[128.7881,38.10457],[128.78657,38.10591],[128.78509,38.10727],[128.78366,38.10867],[128.78227,38.1101],[128.78093,38.11156],[128.77965,38.11304],[128.77841,38.11455],[128.77722,38.11609],[128.77609,38.11765],[128.77501,38.11924],[128.77399,38.12084],[128.77302,38.12247],[128.77211,38.12412],[128.77125,38.12579],[128.77046,38.12748],[128.76972,38.12918],[128.76903,38.13089],[128.76841,38.13263],[128.76784,38.13437],[128.76734,38.13612],[128.7669,38.13789],[128.76651,38.13966],[128.76619,38.14144],[128.76592,38.14323],[128.76572,38.14503],[128.76558,38.14682],[128.7655,38.14862],[128.76549,38.15042],[128.76553,38.15222],[128.76564,38.15402],[128.7658,38.15581],[128.76603,38.1576],[128.76632,38.15939],[128.76667,38.16117],[128.76708,38.16294],[128.76755,38.1647],[128.76808,38.16645],[128.76867,38.16818],[128.76932,38.16991],[128.77003,38.17162],[128.7708,38.17332],[128.77162,38.17499],[128.7725,38.17665],[128.77344,38.17829],[128.77443,38.17991],[128.77548,38.18151],[128.77659,38.18309],[128.77774,38.18464],[128.77895,38.18616],[128.78021,38.18766],[128.78152,38.18914],[128.78288,38.19058],[128.78429,38.19199],[128.78575,38.19338],[128.78726,38.19473],[128.78881,38.19605],[128.7904,38.19734],[128.79204,38.19859],[128.79372,38.1998],[128.79544,38.20098],[128.7972,38.20213],[128.799,38.20323],[128.80084,38.2043],[128.80271,38.20533],[128.80462,38.20631],[128.80656,38.20726],[128.80853,38.20816],[128.81054,38.20902],[128.81257,38.20984],[128.81463,38.21062],[128.81671,38.21135],[128.81882,38.21203],[128.82095,38.21268],[128.8231,38.21327],[128.82527,38.21382],[128.82746,38.21432],[128.82967,38.21478],[128.83189,38.21519],[128.83413,38.21555],[128.83637,38.21587],[128.83863,38.21613],[128.84089,38.21635],[128.84316,38.21652],[128.84544,38.21664],[128.84772,38.21671],[128.85,38.21674]]]]},"properties":{"restricted":"<FNT name='TW Cen MT' size='6'><CLR cyan='70' magenta='10' yellow='100' black='0'>R140 <UND>300 AMSL</UND> SFC</CLR></FNT>","res_lbl_1":"R140","res_lbl_2":"300 AMSL","res_lbl_3":"SFC"},"id":"LT_C_AISRESC.80"},{"type":"Feature","geometry":{"type":"MultiPolygon","coordinates":[[[[131.2,37.66806],[131.41667,37.66806],[131.41667,37.50139],[131.2,37.50139],[131.2,37.66806]]]]},"properties":{"restricted":"<FNT name='TW Cen MT' size='6'><CLR cyan='70' magenta='10' yellow='100' black='0'>R141 <UND>300 AMSL</UND> SFC</CLR></FNT>","res_lbl_1":"R141","res_lbl_2":"300 AMSL","res_lbl_3":"SFC"},"id":"LT_C_AISRESC.81"},{"type":"Feature","geometry":{"type":"MultiPolygon","coordinates":[[[[126.31389,35.83333],[126.33333,35.83333],[126.33333,35.75],[126.25,35.75],[126.31389,35.83333]]]]},"properties":{"restricted":"<FNT name='TW Cen MT' size='6'><CLR cyan='70' magenta='10' yellow='100' black='0'>R151A <UND>100 AMSL</UND> SFC</CLR></FNT>","res_lbl_1":"R151A","res_lbl_2":"100 AMSL","res_lbl_3":"SFC"},"id":"LT_C_AISRESC.82"},{"type":"Feature","geometry":{"type":"MultiPolygon","coordinates":[[[[128.22583,36.07031],[128.22803,36.07025],[128.23022,36.07006],[128.23239,36.06974],[128.23452,36.0693],[128.23661,36.06873],[128.23864,36.06805],[128.24061,36.06725],[128.2425,36.06634],[128.24431,36.06532],[128.24603,36.0642],[128.24764,36.06298],[128.24914,36.06167],[128.25052,36.06028],[128.25177,36.05881],[128.25289,36.05727],[128.25388,36.05567],[128.25472,36.05402],[128.25542,36.05233],[128.25596,36.0506],[128.25635,36.04884],[128.25658,36.04706],[128.25666,36.04527],[128.25658,36.04349],[128.25635,36.04171],[128.25596,36.03995],[128.25541,36.03822],[128.25471,36.03653],[128.25387,36.03487],[128.25289,36.03328],[128.25176,36.03174],[128.25051,36.03027],[128.24913,36.02888],[128.24763,36.02757],[128.24602,36.02636],[128.2443,36.02523],[128.2425,36.02421],[128.2406,36.0233],[128.23864,36.0225],[128.2366,36.02182],[128.23452,36.02126],[128.23238,36.02081],[128.23022,36.0205],[128.22803,36.02031],[128.22583,36.02024],[128.22363,36.02031],[128.22145,36.0205],[128.21928,36.02081],[128.21715,36.02126],[128.21506,36.02182],[128.21303,36.0225],[128.21106,36.0233],[128.20917,36.02421],[128.20736,36.02523],[128.20565,36.02636],[128.20404,36.02757],[128.20254,36.02888],[128.20116,36.03027],[128.1999,36.03174],[128.19878,36.03328],[128.19779,36.03487],[128.19695,36.03653],[128.19626,36.03822],[128.19571,36.03995],[128.19532,36.04171],[128.19508,36.04349],[128.19501,36.04527],[128.19508,36.04706],[128.19532,36.04884],[128.19571,36.0506],[128.19625,36.05233],[128.19695,36.05402],[128.19779,36.05567],[128.19877,36.05727],[128.19989,36.05881],[128.20115,36.06028],[128.20253,36.06167],[128.20403,36.06298],[128.20564,36.0642],[128.20735,36.06532],[128.20916,36.06634],[128.21105,36.06725],[128.21302,36.06805],[128.21506,36.06873],[128.21715,36.0693],[128.21928,36.06974],[128.22144,36.07006],[128.22363,36.07025],[128.22583,36.07031]]]]},"properties":{"restricted":"<FNT name='TW Cen MT' size='6'><CLR cyan='70' magenta='10' yellow='100' black='0'>R155A <UND>9 500 AMSL</UND> SFC</CLR></FNT>","res_lbl_1":"R155A","res_lbl_2":"9 500 AMSL","res_lbl_3":"SFC"},"id":"LT_C_AISRESC.83"},{"type":"Feature","geometry":{"type":"MultiPolygon","coordinates":[[[[129.0,38.23333],[129.76667,38.23333],[129.76667,37.8],[129.63333,37.8],[129.31667,38.16667],[129.0,38.16667],[129.0,38.23333]]]]},"properties":{"restricted":"<FNT name='TW Cen MT' size='6'><CLR cyan='70' magenta='10' yellow='100' black='0'>R156 <UND>3 500 AMSL</UND> SFC</CLR></FNT>","res_lbl_1":"R156","res_lbl_2":"3 500 AMSL","res_lbl_3":"SFC"},"id":"LT_C_AISRESC.84"},{"type":"Feature","geometry":{"type":"MultiPolygon","coordinates":[[[[129.15083,35.21224],[129.15301,35.2121],[129.15513,35.2117],[129.15715,35.21103],[129.15902,35.21011],[129.16071,35.20897],[129.16216,35.20764],[129.16334,35.20614],[129.16423,35.2045],[129.16481,35.20278],[129.16506,35.201],[129.16498,35.19921],[129.16456,35.19746],[129.16382,35.19577],[129.16278,35.1942],[129.16146,35.19278],[129.15989,35.19154],[129.15811,35.19051],[129.15615,35.18972],[129.15408,35.18918],[129.15192,35.1889],[129.14974,35.1889],[129.14759,35.18918],[129.14551,35.18972],[129.14356,35.19051],[129.14178,35.19154],[129.14021,35.19278],[129.13889,35.1942],[129.13784,35.19577],[129.13711,35.19746],[129.13669,35.19921],[129.13661,35.201],[129.13686,35.20278],[129.13743,35.2045],[129.13833,35.20614],[129.13951,35.20764],[129.14096,35.20897],[129.14264,35.21011],[129.14452,35.21103],[129.14654,35.2117],[129.14866,35.2121],[129.15083,35.21224]]]]},"properties":{"restricted":"<FNT name='TW Cen MT' size='6'><CLR cyan='70' magenta='10' yellow='100' black='0'>R157 <UND>6 000 AMSL</UND> SFC</CLR></FNT>","res_lbl_1":"R157","res_lbl_2":"6 000 AMSL","res_lbl_3":"SFC"},"id":"LT_C_AISRESC.85"},{"type":"Feature","geometry":{"type":"MultiPolygon","coordinates":[[[[127.22972,34.86613],[127.23189,34.86599],[127.234,34.86559],[127.23601,34.86492],[127.23788,34.864],[127.23955,34.86286],[127.241,34.86153],[127.24218,34.86003],[127.24306,34.85839],[127.24364,34.85667],[127.24389,34.85489],[127.2438,34.8531],[127.24339,34.85135],[127.24266,34.84966],[127.24162,34.84809],[127.2403,34.84667],[127.23874,34.84543],[127.23697,34.8444],[127.23502,34.84361],[127.23295,34.84307],[127.23081,34.84279],[127.22864,34.84279],[127.22649,34.84307],[127.22442,34.84361],[127.22248,34.8444],[127.2207,34.84543],[127.21914,34.84667],[127.21782,34.84809],[127.21679,34.84966],[127.21605,34.85135],[127.21564,34.8531],[127.21556,34.85489],[127.21581,34.85667],[127.21638,34.85839],[127.21727,34.86003],[127.21845,34.86153],[127.21989,34.86286],[127.22157,34.864],[127.22343,34.86492],[127.22544,34.86559],[127.22756,34.86599],[127.22972,34.86613]]]]},"properties":{"restricted":"<FNT name='TW Cen MT' size='6'><CLR cyan='70' magenta='10' yellow='100' black='0'>R158 <UND>6 400 AMSL</UND> SFC</CLR></FNT>","res_lbl_1":"R158","res_lbl_2":"6 400 AMSL","res_lbl_3":"SFC"},"id":"LT_C_AISRESC.86"},{"type":"Feature","geometry":{"type":"MultiPolygon","coordinates":[[[[126.19964,36.67675],[126.25047,36.49039],[126.12464,36.46956],[126.15464,36.67953],[126.19964,36.67675]]]]},"properties":{"restricted":"<FNT name='TW Cen MT' size='6'><CLR cyan='70' magenta='10' yellow='100' black='0'>R108B <UND>FL 330</UND> GND</CLR></FNT>","res_lbl_1":"R108B","res_lbl_2":"FL 330","res_lbl_3":"GND"},"id":"LT_C_AISRESC.9"}]}